# jev-opt request log, run ps2-zopfli
# ts round phase questions http_status latency_ms input_tokens output_tokens cost_usd
# prompt-study-2-2026-09-24, target zopfli, vocab v6-2026-09-23, state state-v6.0-2026-09-23, leak check clean
2026-09-24T14:52:18.498219+09:00 r1 B0.A      6 200   1948.7   19249    258 0.00000000  (after 16 failed attempt(s): HTTP 503, HTTP 503, HTTP 503, HTTP 503, HTTP 503, HTTP 503, HTTP 503, HTTP 503, HTTP 503, HTTP 529, HTTP 503, HTTP 429, HTTP 503, HTTP 503, HTTP 503, HTTP 503)
#   request 54552 bytes sha256 a7739345114ea9d9, 17 attempt(s), 60.0 s waited
#   attempt 1 2026-09-24T14:50:48.874939+09:00 http 503 1541.3 ms gen gen_01M38ZEWN30XCK8PNWQ5RJ54F2 then sleep 2.0 s
#   attempt 2 2026-09-24T14:50:52.416457+09:00 http 503 2080.3 ms gen gen_01M38ZF0BWANVK0C4BAEZ1NV5W then sleep 2.0 s
#   attempt 3 2026-09-24T14:50:56.496993+09:00 http 503 1543.2 ms gen gen_01M38ZF430Z4BER763D5HTV74R then sleep 2.0 s
#   attempt 4 2026-09-24T14:51:00.040419+09:00 http 503 2047.4 ms gen gen_01M38ZF83R5HF29Z83NAJDDZ0K then sleep 2.0 s
#   attempt 5 2026-09-24T14:51:04.088025+09:00 http 503 1536.2 ms gen gen_01M38ZFBG1VB4H5ZS7TR13S0BB then sleep 2.0 s
#   attempt 6 2026-09-24T14:51:07.624407+09:00 http 503 1600.2 ms gen gen_01M38ZFF2YZRX51MK1HED8C4VS then sleep 2.0 s
#   attempt 7 2026-09-24T14:51:11.224861+09:00 http 503 1584.5 ms gen gen_01M38ZFJG9Z2WN97A9X3MZ70QX then sleep 2.0 s
#   attempt 8 2026-09-24T14:51:14.808499+09:00 http 503 1809.2 ms gen gen_01M38ZFP845T46Q1XQFADK1XBS then sleep 2.0 s
#   attempt 9 2026-09-24T14:51:18.617895+09:00 http 503 1605.8 ms gen gen_01M38ZFSSZ3BSD4H2QXDX1JYW4 then sleep 2.0 s
#   attempt 10 2026-09-24T14:51:22.223933+09:00 http 529 1699.9 ms gen gen_01M38ZFXEVANH9CTNSBG4FYFHS then sleep 2.0 s
#   attempt 11 2026-09-24T14:51:25.924032+09:00 http 503 1630.0 ms gen gen_01M38ZG1032XR9XR37VY027QQA then sleep 2.0 s
#   attempt 12 2026-09-24T14:51:29.554244+09:00 http 429 1052.9 ms gen gen_01M38ZG4CE0M44SSV9N4S6NGB0 retry-after 30.0 s then sleep 30.0 s
#   attempt 13 2026-09-24T14:52:00.605588+09:00 http 503 2541.2 ms gen gen_01M38ZH3NQFMG7ZQ5YE460B3BW then sleep 2.0 s
#   attempt 14 2026-09-24T14:52:05.147031+09:00 http 503 1890.2 ms gen gen_01M38ZH7G69ET2K3N16M3RVXWQ then sleep 2.0 s
#   attempt 15 2026-09-24T14:52:09.037438+09:00 http 503 1706.8 ms gen gen_01M38ZHB4G4MTPDQAHE7YE8B0V then sleep 2.0 s
#   attempt 16 2026-09-24T14:52:12.744464+09:00 http 503 1806.0 ms gen gen_01M38ZHET3PX2KD0AMHEKP7EG0 then sleep 2.0 s
#   attempt 17 2026-09-24T14:52:16.549508+09:00 http 200 1948.7 ms gen gen_01M38ZHJDVZ63NEA2JYRTJHSW2
2026-09-24T14:55:31.788804+09:00 r1 B0.B      5 200   2029.9   15506    758 0.00000000  (after 36 failed attempt(s): HTTP 503, HTTP 503, HTTP 503, HTTP 503, HTTP 503, HTTP 503, HTTP 503, HTTP 503, HTTP 503, HTTP 503, HTTP 503, HTTP 503, HTTP 503, HTTP 503, HTTP 503, HTTP 503, HTTP 503, HTTP 503, HTTP 503, HTTP 503, HTTP 503, HTTP 503, HTTP 503, HTTP 503, HTTP 503, HTTP 503, HTTP 503, HTTP 429, HTTP 503, HTTP 503, HTTP 503, HTTP 503, HTTP 503, HTTP 503, HTTP 503, HTTP 503)
#   request 51500 bytes sha256 62d72f83461b52f3, 37 attempt(s), 123.0 s waited
#   attempt 1 2026-09-24T14:52:18.501921+09:00 http 503 1855.4 ms gen gen_01M38ZHM6ZP4JMT9P8F7GP38M4 then sleep 2.0 s
#   attempt 2 2026-09-24T14:52:22.357552+09:00 http 503 1800.5 ms gen gen_01M38ZHR51V0BP5QA9ZMBMRRHB then sleep 2.0 s
#   attempt 3 2026-09-24T14:52:26.158287+09:00 http 503 8951.4 ms gen gen_01M38ZJ1WM951CF6SMCG1RDT1J then sleep 2.0 s
#   attempt 4 2026-09-24T14:52:37.110074+09:00 http 503 2198.7 ms gen gen_01M38ZJ6GXQE04V7T4XXAXDWA5 then sleep 2.0 s
#   attempt 5 2026-09-24T14:52:41.309021+09:00 http 503 1448.3 ms gen gen_01M38ZJAHS03HP8ZPTGYM3WHHB then sleep 2.0 s
#   attempt 6 2026-09-24T14:52:44.756061+09:00 http 503 1782.6 ms gen gen_01M38ZJE1FQZSWCE463K43A8HK then sleep 2.0 s
#   attempt 7 2026-09-24T14:52:48.538888+09:00 http 503 1560.9 ms gen gen_01M38ZJHJP9RTVDPFR219KS53A then sleep 2.0 s
#   attempt 8 2026-09-24T14:52:52.100025+09:00 http 503 1823.1 ms gen gen_01M38ZJN9APC0JRTW4QXV6ADWE then sleep 2.0 s
#   attempt 9 2026-09-24T14:52:55.923347+09:00 http 503 1607.8 ms gen gen_01M38ZJRT0E143N43T2TRP7PKR then sleep 2.0 s
#   attempt 10 2026-09-24T14:52:59.531309+09:00 http 503 1955.5 ms gen gen_01M38ZJWHN738P767FM864Q2AB then sleep 2.0 s
#   attempt 11 2026-09-24T14:53:03.486948+09:00 http 503 1816.3 ms gen gen_01M38ZK0DK3T10H1ZRSMAQ1MVD then sleep 2.0 s
#   attempt 12 2026-09-24T14:53:07.303445+09:00 http 503 1831.2 ms gen gen_01M38ZK455PA1QN26DNDEXYPRC then sleep 2.0 s
#   attempt 13 2026-09-24T14:53:11.134865+09:00 http 503 1652.2 ms gen gen_01M38ZK7PJFWHZF1DTXR5CWJED then sleep 2.0 s
#   attempt 14 2026-09-24T14:53:14.785737+09:00 http 503 1893.9 ms gen gen_01M38ZKBFJY2AAKJ4MTBG9YZD3 then sleep 2.0 s
#   attempt 15 2026-09-24T14:53:18.679839+09:00 http 503 1706.2 ms gen gen_01M38ZKF4TBPD0SPE1EMVE81H1 then sleep 2.0 s
#   attempt 16 2026-09-24T14:53:22.386214+09:00 http 503 1541.3 ms gen gen_01M38ZKJN3WCTWBF6HF71ZV69T then sleep 2.0 s
#   attempt 17 2026-09-24T14:53:25.927713+09:00 http 503 1598.4 ms gen gen_01M38ZKP4KT6SEFB3CQW6G4KDK then sleep 2.0 s
#   attempt 18 2026-09-24T14:53:29.526328+09:00 http 503 1482.0 ms gen gen_01M38ZKSHZR74M65AR8M62AD2B then sleep 2.0 s
#   attempt 19 2026-09-24T14:53:33.008529+09:00 http 503 1602.4 ms gen gen_01M38ZKX3AXR93KC73JKBH57HG then sleep 2.0 s
#   attempt 20 2026-09-24T14:53:36.611121+09:00 http 503 1569.9 ms gen gen_01M38ZM0H2H9PWMPNF0WM4DWQ9 then sleep 2.0 s
#   attempt 21 2026-09-24T14:53:40.181203+09:00 http 503 1957.0 ms gen gen_01M38ZM3Y9WEGB22VFQ3BT5XB8 then sleep 2.0 s
#   attempt 22 2026-09-24T14:53:44.138471+09:00 http 503 1673.5 ms gen gen_01M38ZM81CTHMX717DS9DQF54S then sleep 2.0 s
#   attempt 23 2026-09-24T14:53:47.810779+09:00 http 503 1459.7 ms gen gen_01M38ZMBBSAE0JP78BJE568KX6 then sleep 2.0 s
#   attempt 24 2026-09-24T14:53:51.270623+09:00 http 503 1691.6 ms gen gen_01M38ZMF0CX9WTSCAJXCW8352B then sleep 2.0 s
#   attempt 25 2026-09-24T14:53:54.962774+09:00 http 503 1539.8 ms gen gen_01M38ZMJFHXQA49QH58RE66R5X then sleep 2.0 s
#   attempt 26 2026-09-24T14:53:58.502783+09:00 http 503 1556.8 ms gen gen_01M38ZMP1F4P2B03JB93ZN1SP8 then sleep 2.0 s
#   attempt 27 2026-09-24T14:54:02.060152+09:00 http 503 1871.3 ms gen gen_01M38ZMSJXC2G9BDSTJ6MWBX86 then sleep 2.0 s
#   attempt 28 2026-09-24T14:54:05.931634+09:00 http 429 1025.1 ms gen gen_01M38ZMX3V57N2N8AKP36S01VB retry-after 53.0 s then sleep 53.0 s
#   attempt 29 2026-09-24T14:54:59.954063+09:00 http 503 1743.4 ms gen gen_01M38ZPJ1QMG22V2Z0PNY4W8NE then sleep 2.0 s
#   attempt 30 2026-09-24T14:55:03.697621+09:00 http 503 1738.3 ms gen gen_01M38ZPNQW98730F5C2RKXZ2JB then sleep 2.0 s
#   attempt 31 2026-09-24T14:55:07.436089+09:00 http 503 1735.4 ms gen gen_01M38ZPSABR9BE81TN4NWF81EV then sleep 2.0 s
#   attempt 32 2026-09-24T14:55:11.171676+09:00 http 503 1814.9 ms gen gen_01M38ZPX3P4MZ2EZ1ZV7NAQT4T then sleep 2.0 s
#   attempt 33 2026-09-24T14:55:14.979290+09:00 http 503 1734.5 ms gen gen_01M38ZQ0NW12FPD2ZQDBAQJBEW then sleep 2.0 s
#   attempt 34 2026-09-24T14:55:18.713917+09:00 http 503 1795.4 ms gen gen_01M38ZQ4ES028Z9CJFC0M6CVQE then sleep 2.0 s
#   attempt 35 2026-09-24T14:55:22.509540+09:00 http 503 1595.6 ms gen gen_01M38ZQ7WKRRHK4521QXC67M6X then sleep 2.0 s
#   attempt 36 2026-09-24T14:55:26.105314+09:00 http 503 1653.3 ms gen gen_01M38ZQBJ8DMNQCSKF2F0RHW3N then sleep 2.0 s
#   attempt 37 2026-09-24T14:55:29.758826+09:00 http 200 2029.9 ms gen gen_01M38ZQF4G0GD4C8CWNDB7A89J
2026-09-24T15:00:14.741425+09:00 r1 L1.B      5 200   2388.1   19906    758 0.00000000  (after 29 failed attempt(s): HTTP 429, HTTP 503, HTTP 503, HTTP 503, HTTP 503, HTTP 429, HTTP 503, HTTP 503, HTTP 503, HTTP 429, HTTP 503, HTTP 503, HTTP 503, HTTP 503, HTTP 503, HTTP 503, HTTP 429, HTTP 503, HTTP 503, HTTP 503, HTTP 503, HTTP 503, HTTP 503, HTTP 503, HTTP 503, HTTP 429, HTTP 503, HTTP 503, HTTP 503)
#   request 72275 bytes sha256 b1c7cf9a791b4f99, 30 attempt(s), 227.0 s waited
#   attempt 1 2026-09-24T14:55:31.793234+09:00 http 429 1226.5 ms gen gen_01M38ZQH50DVZTQ6VYJ7236W50 retry-after 27.0 s then sleep 27.0 s
#   attempt 2 2026-09-24T14:56:00.024962+09:00 http 503 1808.2 ms gen gen_01M38ZRCKXMCH0HX7EM55CN42H then sleep 2.0 s
#   attempt 3 2026-09-24T14:56:03.833359+09:00 http 503 1780.8 ms gen gen_01M38ZRGEW03CJVGG6HQDCTWA9 then sleep 2.0 s
#   attempt 4 2026-09-24T14:56:07.614311+09:00 http 503 1649.4 ms gen gen_01M38ZRM37ZP2SDWQ4AEGCJ4J8 then sleep 2.0 s
#   attempt 5 2026-09-24T14:56:11.263872+09:00 http 503 1557.8 ms gen gen_01M38ZRQH5YFKX2C15VR69M9H1 then sleep 2.0 s
#   attempt 6 2026-09-24T14:56:14.820026+09:00 http 429 1085.4 ms gen gen_01M38ZRV29D6VHG5E8NSXX4FNN retry-after 44.0 s then sleep 44.0 s
#   attempt 7 2026-09-24T14:56:59.904662+09:00 http 503 2448.5 ms gen gen_01M38ZT7D9PRVX7905JD2W2X33 then sleep 2.0 s
#   attempt 8 2026-09-24T14:57:04.353345+09:00 http 503 1933.1 ms gen gen_01M38ZTBNF9HKEEF4P9FN90YF5 then sleep 2.0 s
#   attempt 9 2026-09-24T14:57:08.286688+09:00 http 503 1854.6 ms gen gen_01M38ZTFENJERTTZQVNE2DAH3K then sleep 2.0 s
#   attempt 10 2026-09-24T14:57:12.141480+09:00 http 429 1307.3 ms gen gen_01M38ZTK7VR2TT8H94B1X8M7RA retry-after 47.0 s then sleep 47.0 s
#   attempt 11 2026-09-24T14:58:00.445701+09:00 http 503 1712.9 ms gen gen_01M38ZW29XBME6AWD48M4WRF0Q then sleep 2.0 s
#   attempt 12 2026-09-24T14:58:04.158750+09:00 http 503 1788.2 ms gen gen_01M38ZW5XHPSM53J1Z50TPFQ2X then sleep 2.0 s
#   attempt 13 2026-09-24T14:58:07.947131+09:00 http 503 1910.8 ms gen gen_01M38ZW9T9Y7JRKFNCCA5FGY3T then sleep 2.0 s
#   attempt 14 2026-09-24T14:58:11.858087+09:00 http 503 2632.6 ms gen gen_01M38ZWEBRM7DEE1FJ8KZBYC00 then sleep 2.0 s
#   attempt 15 2026-09-24T14:58:16.489360+09:00 http 503 2940.0 ms gen gen_01M38ZWK4EJEJN6MR8V1KM2XVT then sleep 2.0 s
#   attempt 16 2026-09-24T14:58:21.429519+09:00 http 503 1930.5 ms gen gen_01M38ZWPSH0YSR5V90FAV1WPQE then sleep 2.0 s
#   attempt 17 2026-09-24T14:58:25.360184+09:00 http 429 1315.3 ms gen gen_01M38ZWTR490JQ1QHV9MWRDJZP retry-after 34.0 s then sleep 34.0 s
#   attempt 18 2026-09-24T14:59:00.674265+09:00 http 503 2188.1 ms gen gen_01M38ZXXDV2STZR2ME2T8ETM6A then sleep 2.0 s
#   attempt 19 2026-09-24T14:59:04.862572+09:00 http 503 2134.9 ms gen gen_01M38ZY1AKZ66XCC3JJCQHKF6Y then sleep 2.0 s
#   attempt 20 2026-09-24T14:59:08.997689+09:00 http 503 1864.0 ms gen gen_01M38ZY5BXK1B8ZN8Q7TNZE2FC then sleep 2.0 s
#   attempt 21 2026-09-24T14:59:12.861851+09:00 http 503 1921.2 ms gen gen_01M38ZY97FM5JKKCQE0ADY8JS0 then sleep 2.0 s
#   attempt 22 2026-09-24T14:59:16.778880+09:00 http 503 1640.5 ms gen gen_01M38ZYCSH1Z13QA9MFS6CJCQ0 then sleep 2.0 s
#   attempt 23 2026-09-24T14:59:20.419546+09:00 http 503 1913.0 ms gen gen_01M38ZYGKM5YP7JM6HK5GVV23C then sleep 2.0 s
#   attempt 24 2026-09-24T14:59:24.332750+09:00 http 503 1604.3 ms gen gen_01M38ZYM5RD6C6E0AQ8DBZWNV8 then sleep 2.0 s
#   attempt 25 2026-09-24T14:59:27.937262+09:00 http 503 1743.9 ms gen gen_01M38ZYQSWD6RVADACCE611Z9Q then sleep 2.0 s
#   attempt 26 2026-09-24T14:59:31.681352+09:00 http 429 1318.5 ms gen gen_01M38ZYVG6YRM37EX4VYWQZBCG retry-after 27.0 s then sleep 27.0 s
#   attempt 27 2026-09-24T15:00:00.001343+09:00 http 503 2718.7 ms gen gen_01M38ZZQ7T81E5D5WBVCQRZQ3W then sleep 2.0 s
#   attempt 28 2026-09-24T15:00:04.720213+09:00 http 503 1845.5 ms gen gen_01M38ZZVQSCQW1HXHK5SAAKXHT then sleep 2.0 s
#   attempt 29 2026-09-24T15:00:08.565832+09:00 http 503 1788.5 ms gen gen_01M38ZZZG05CWHGCHK93367WE2 then sleep 2.0 s
#   attempt 30 2026-09-24T15:00:12.354565+09:00 http 200 2388.1 ms gen gen_01M390036NE62RPYKR8H6YCB2Z
2026-09-24T15:01:15.282028+09:00 r1 L2.B      5 200   2708.3   13660    758 0.00000000  (after 15 failed attempt(s): HTTP 503, HTTP 503, HTTP 503, HTTP 503, HTTP 503, HTTP 503, HTTP 503, HTTP 503, HTTP 503, HTTP 503, HTTP 503, HTTP 503, HTTP 503, HTTP 503, HTTP 503)
#   request 44142 bytes sha256 a6b3e917dc8b50fd, 16 attempt(s), 30.0 s waited
#   attempt 1 2026-09-24T15:00:14.748337+09:00 http 503 1923.1 ms gen gen_01M39005K62WACFG3C1PP5KN0R then sleep 2.0 s
#   attempt 2 2026-09-24T15:00:18.671585+09:00 http 503 1845.7 ms gen gen_01M3900971CQ57MX0FRX79Z2NK then sleep 2.0 s
#   attempt 3 2026-09-24T15:00:22.517457+09:00 http 503 1864.3 ms gen gen_01M3900D4YSG9CKTDAHEKJ0BX7 then sleep 2.0 s
#   attempt 4 2026-09-24T15:00:26.382007+09:00 http 503 1749.1 ms gen gen_01M3900GTS69JV8GVGD7RV3Y38 then sleep 2.0 s
#   attempt 5 2026-09-24T15:00:30.131559+09:00 http 503 2027.5 ms gen gen_01M3900MQCAB2S69Y5QY93QKAZ then sleep 2.0 s
#   attempt 6 2026-09-24T15:00:34.159250+09:00 http 503 1721.1 ms gen gen_01M3900RAHVYWP6JTCN00W83BT then sleep 2.0 s
#   attempt 7 2026-09-24T15:00:37.880560+09:00 http 503 1793.9 ms gen gen_01M3900W531MTQ43DC947F25ER then sleep 2.0 s
#   attempt 8 2026-09-24T15:00:41.674623+09:00 http 503 2037.2 ms gen gen_01M3900ZQQ85ZJ82KXHEPWN1BP then sleep 2.0 s
#   attempt 9 2026-09-24T15:00:45.710300+09:00 http 503 1645.6 ms gen gen_01M39013NJVPFTCC5XT05SSNHH then sleep 2.0 s
#   attempt 10 2026-09-24T15:00:49.356133+09:00 http 503 1689.2 ms gen gen_01M390178PV4Y4NBPWE0AAEG0Q then sleep 2.0 s
#   attempt 11 2026-09-24T15:00:53.045540+09:00 http 503 1932.1 ms gen gen_01M3901B0N8V656W3YRTS69CEH then sleep 2.0 s
#   attempt 12 2026-09-24T15:00:56.977877+09:00 http 503 1863.2 ms gen gen_01M3901ESCE1EATVC86SKXGEY0 then sleep 2.0 s
#   attempt 13 2026-09-24T15:01:00.841254+09:00 http 503 1819.7 ms gen gen_01M3901JFNNW0MCCGHXZT0KEM4 then sleep 2.0 s
#   attempt 14 2026-09-24T15:01:04.661148+09:00 http 503 2166.8 ms gen gen_01M3901P6KNYF9A9C5D4K91MEJ then sleep 2.0 s
#   attempt 15 2026-09-24T15:01:08.828094+09:00 http 503 1747.8 ms gen gen_01M3901T7NSWZCAYJMTD7XN59E then sleep 2.0 s
#   attempt 16 2026-09-24T15:01:12.576049+09:00 http 200 2708.3 ms gen gen_01M3901Y0NXC66CAWDV8Z0HE3F
2026-09-24T15:02:21.753674+09:00 r1 L3.B      5 200   1927.8   15506    758 0.00000000  (after 6 failed attempt(s): HTTP 429, HTTP 503, HTTP 503, HTTP 503, HTTP 503, HTTP 503)
#   request 51500 bytes sha256 62d72f83461b52f3, 7 attempt(s), 54.0 s waited
#   attempt 1 2026-09-24T15:01:15.286720+09:00 http 429 1198.4 ms gen gen_01M39020KEXEZJAFY3C70M85H6 retry-after 44.0 s then sleep 44.0 s
#   attempt 2 2026-09-24T15:02:00.484474+09:00 http 503 1976.2 ms gen gen_01M3903CX745BVD0BRBF0KP81D then sleep 2.0 s
#   attempt 3 2026-09-24T15:02:04.461306+09:00 http 503 1710.1 ms gen gen_01M3903GHXQD4JKDTAPTBRE8RR then sleep 2.0 s
#   attempt 4 2026-09-24T15:02:08.171582+09:00 http 503 1727.9 ms gen gen_01M3903M6X79QX01AJQZD6W7K5 then sleep 2.0 s
#   attempt 5 2026-09-24T15:02:11.899646+09:00 http 503 2083.8 ms gen gen_01M3903R2Z9NXD4FFK0QE8HW64 then sleep 2.0 s
#   attempt 6 2026-09-24T15:02:15.982034+09:00 http 503 1843.6 ms gen gen_01M3903VYQ1XX79088041670C0 then sleep 2.0 s
#   attempt 7 2026-09-24T15:02:19.825837+09:00 http 200 1927.8 ms gen gen_01M3903ZP03KD9P8R5WPM9KMRK
2026-09-24T15:04:14.409728+09:00 r1 L4.B      5 200   1946.3   15504    758 0.00000000  (after 10 failed attempt(s): HTTP 429, HTTP 503, HTTP 503, HTTP 503, HTTP 503, HTTP 503, HTTP 429, HTTP 503, HTTP 503, HTTP 503)
#   request 51507 bytes sha256 0a5b2e0ad1a05fd8, 11 attempt(s), 94.0 s waited
#   attempt 1 2026-09-24T15:02:21.757966+09:00 http 429 1267.3 ms gen gen_01M39041J0Y441W4MNPEBG9W4Q retry-after 37.0 s then sleep 37.0 s
#   attempt 2 2026-09-24T15:03:00.023799+09:00 http 503 1992.0 ms gen gen_01M390571XW7WY54CEM846XNP6 then sleep 2.0 s
#   attempt 3 2026-09-24T15:03:04.015949+09:00 http 503 1583.7 ms gen gen_01M3905AT9YEDH70YWQA5GAWNN then sleep 2.0 s
#   attempt 4 2026-09-24T15:03:07.599882+09:00 http 503 1622.4 ms gen gen_01M3905E42EADMW5X93Z7VQ101 then sleep 2.0 s
#   attempt 5 2026-09-24T15:03:11.222518+09:00 http 503 1754.8 ms gen gen_01M3905HTZ1T76NM8DTYJWVZ78 then sleep 2.0 s
#   attempt 6 2026-09-24T15:03:14.975362+09:00 http 503 1696.0 ms gen gen_01M3905NDPXKBP2M4V3PCV0J5V then sleep 2.0 s
#   attempt 7 2026-09-24T15:03:18.671582+09:00 http 429 1163.8 ms gen gen_01M3905S0XA4DNGBCJJTXD2616 retry-after 41.0 s then sleep 41.0 s
#   attempt 8 2026-09-24T15:04:00.835144+09:00 http 503 1802.8 ms gen gen_01M39072B820E45X3EEJ6Y1A48 then sleep 2.0 s
#   attempt 9 2026-09-24T15:04:04.638117+09:00 http 503 1848.2 ms gen gen_01M390762P371WG54RASF7DJFC then sleep 2.0 s
#   attempt 10 2026-09-24T15:04:08.486489+09:00 http 503 1976.7 ms gen gen_01M39079MSHWPQP1KGDY44QQV1 then sleep 2.0 s
#   attempt 11 2026-09-24T15:04:12.463348+09:00 http 200 1946.3 ms gen gen_01M3907DJAZ0MBBHKCDQAMGM6H
2026-09-24T15:06:02.598036+09:00 r1 L5.B      5 200   1908.7   16244    758 0.00000000  (after 8 failed attempt(s): HTTP 503, HTTP 429, HTTP 503, HTTP 503, HTTP 503, HTTP 503, HTTP 503, HTTP 429)
#   request 53889 bytes sha256 5bb1204d5dd7063b, 9 attempt(s), 93.0 s waited
#   attempt 1 2026-09-24T15:04:14.417549+09:00 http 503 2025.9 ms gen gen_01M3907FPY5D9B9HKCYQMNXPM4 then sleep 2.0 s
#   attempt 2 2026-09-24T15:04:18.442167+09:00 http 429 1386.1 ms gen gen_01M3907KCW50HP7607MVAVWRW2 retry-after 41.0 s then sleep 41.0 s
#   attempt 3 2026-09-24T15:05:00.827494+09:00 http 503 1617.3 ms gen gen_01M3908WVPDZ266KVF1EVW5CVR then sleep 2.0 s
#   attempt 4 2026-09-24T15:05:04.444955+09:00 http 503 1831.5 ms gen gen_01M39090CB9GSC7BEH64X9VJ42 then sleep 2.0 s
#   attempt 5 2026-09-24T15:05:08.276665+09:00 http 503 1471.3 ms gen gen_01M39093ZVP7XA1P8VSYBS8EMT then sleep 2.0 s
#   attempt 6 2026-09-24T15:05:11.748197+09:00 http 503 1675.2 ms gen gen_01M39097M4WFX0D5HMQX771G66 then sleep 2.0 s
#   attempt 7 2026-09-24T15:05:15.422221+09:00 http 503 2101.4 ms gen gen_01M3909BCR3R3HHC5MC7XJZ711 then sleep 2.0 s
#   attempt 8 2026-09-24T15:05:19.523861+09:00 http 429 1166.3 ms gen gen_01M3909F1TW7ZCN08AR0XSHVWZ retry-after 40.0 s then sleep 40.0 s
#   attempt 9 2026-09-24T15:06:00.689264+09:00 http 200 1908.7 ms gen gen_01M390AQ934T7H8JWG4PD2DHJT
2026-09-24T15:07:09.383679+09:00 r1 L6.A      6 200   1801.7   20022    258 0.00000000  (after 7 failed attempt(s): HTTP 503, HTTP 503, HTTP 503, HTTP 503, HTTP 429, HTTP 503, HTTP 503)
#   request 56883 bytes sha256 fc6c13349dd80b5e, 8 attempt(s), 53.0 s waited
#   attempt 1 2026-09-24T15:06:02.601688+09:00 http 503 1919.5 ms gen gen_01M390ASD52GKSWTQCV19JRA37 then sleep 2.0 s
#   attempt 2 2026-09-24T15:06:06.521362+09:00 http 503 1649.8 ms gen gen_01M390AX0HY5FK23ZGFCFCEK0K then sleep 2.0 s
#   attempt 3 2026-09-24T15:06:10.171591+09:00 http 503 1990.5 ms gen gen_01M390B0V1WW1HYWK7SAXPHNER then sleep 2.0 s
#   attempt 4 2026-09-24T15:06:14.162255+09:00 http 503 1697.2 ms gen gen_01M390B4ET0WGTP1PRTDC4S6R4 then sleep 2.0 s
#   attempt 5 2026-09-24T15:06:17.858921+09:00 http 429 1321.4 ms gen gen_01M390B86JZA98HN1MXHBBWRBH retry-after 41.0 s then sleep 41.0 s
#   attempt 6 2026-09-24T15:07:00.178991+09:00 http 503 1829.9 ms gen gen_01M390CHGKNJ63X8S0F68NS8SJ then sleep 2.0 s
#   attempt 7 2026-09-24T15:07:04.009277+09:00 http 503 1572.4 ms gen gen_01M390CN0H0JF830V5W24KRAR4 then sleep 2.0 s
#   attempt 8 2026-09-24T15:07:07.581886+09:00 http 200 1801.7 ms gen gen_01M390CRJATVYPAQKTE1W25ED6
2026-09-24T15:07:16.211141+09:00 r1 L6.B      5 200   2862.3   15912    758 0.00000000  (after 1 failed attempt(s): HTTP 503)
#   request 53274 bytes sha256 abb8d669c428f5f4, 2 attempt(s), 2.0 s waited
#   attempt 1 2026-09-24T15:07:09.388414+09:00 http 503 1961.0 ms gen gen_01M390CTEHDBV65Y3T1A8AW0NV then sleep 2.0 s
#   attempt 2 2026-09-24T15:07:13.349564+09:00 http 200 2862.3 ms gen gen_01M390CY9MJ0N6TBCP62QWCMN1
2026-09-24T15:11:14.098839+09:00 r1 L7.A     18 200   2762.7   25953    292 0.00000000  (after 24 failed attempt(s): HTTP 503, HTTP 429, HTTP 503, HTTP 503, HTTP 503, HTTP 503, HTTP 503, HTTP 429, HTTP 503, HTTP 503, HTTP 503, HTTP 503, HTTP 429, HTTP 503, HTTP 503, HTTP 503, HTTP 503, HTTP 503, HTTP 503, HTTP 503, HTTP 429, HTTP 503, HTTP 503, HTTP 503)
#   request 78980 bytes sha256 d5f37c4055eb0faf, 25 attempt(s), 194.0 s waited
#   attempt 1 2026-09-24T15:07:16.214452+09:00 http 503 1816.6 ms gen gen_01M390D13V28W656WEBGY0V80Q then sleep 2.0 s
#   attempt 2 2026-09-24T15:07:20.031173+09:00 http 429 1291.8 ms gen gen_01M390D4T7E8ECE7Z4DNGRDR6Q retry-after 39.0 s then sleep 39.0 s
#   attempt 3 2026-09-24T15:08:00.321843+09:00 http 503 1705.8 ms gen gen_01M390EC41JBTAEZNRDXJ42ZH5 then sleep 2.0 s
#   attempt 4 2026-09-24T15:08:04.028155+09:00 http 503 1837.9 ms gen gen_01M390EFVQT03VC0ECJ40PHGY3 then sleep 2.0 s
#   attempt 5 2026-09-24T15:08:07.866236+09:00 http 503 1674.2 ms gen gen_01M390EKFZN51R737YSMK0RM2N then sleep 2.0 s
#   attempt 6 2026-09-24T15:08:11.540674+09:00 http 503 1786.3 ms gen gen_01M390EQ6CBE24ZS9928ASBP4B then sleep 2.0 s
#   attempt 7 2026-09-24T15:08:15.326096+09:00 http 503 2224.7 ms gen gen_01M390ETWXF94ATG1RWTW9DSA7 then sleep 2.0 s
#   attempt 8 2026-09-24T15:08:19.551019+09:00 http 429 1263.2 ms gen gen_01M390EYZHWD9Z62BZFE51NWNY retry-after 40.0 s then sleep 40.0 s
#   attempt 9 2026-09-24T15:09:00.813481+09:00 http 503 2174.5 ms gen gen_01M390G7RWF5BXQ6B51BGTCD8J then sleep 2.0 s
#   attempt 10 2026-09-24T15:09:04.988205+09:00 http 503 1647.1 ms gen gen_01M390GBAKNJDTZ651DSBJQPSG then sleep 2.0 s
#   attempt 11 2026-09-24T15:09:08.635543+09:00 http 503 1870.2 ms gen gen_01M390GEZ3AJTVZTY2TCDGHDSN then sleep 2.0 s
#   attempt 12 2026-09-24T15:09:12.505890+09:00 http 503 1336.5 ms gen gen_01M390GJ9RC0FX6CVW3FDK5ZHF then sleep 2.0 s
#   attempt 13 2026-09-24T15:09:15.837684+09:00 http 429 1073.8 ms gen gen_01M390GNQFVRTVY3BXHAVPJX0F retry-after 43.0 s then sleep 43.0 s
#   attempt 14 2026-09-24T15:09:59.909915+09:00 http 503 2209.3 ms gen gen_01M390J1204GTWNV8NYYPG6CBD then sleep 2.0 s
#   attempt 15 2026-09-24T15:10:04.119349+09:00 http 503 1586.7 ms gen gen_01M390J4Y78KTRH3S20JAMJSJZ then sleep 2.0 s
#   attempt 16 2026-09-24T15:10:07.706181+09:00 http 503 1805.2 ms gen gen_01M390J8JS3595MJM1RVDZ389J then sleep 2.0 s
#   attempt 17 2026-09-24T15:10:11.511582+09:00 http 503 1855.0 ms gen gen_01M390JCBAFCR8KM4KDK0RVY43 then sleep 2.0 s
#   attempt 18 2026-09-24T15:10:15.364608+09:00 http 503 1786.1 ms gen gen_01M390JG39TYAQ1D0CEFXV0MPC then sleep 2.0 s
#   attempt 19 2026-09-24T15:10:19.150925+09:00 http 503 1743.7 ms gen gen_01M390JKQB9B5SPKTV66Z818DY then sleep 2.0 s
#   attempt 20 2026-09-24T15:10:22.894847+09:00 http 503 1778.4 ms gen gen_01M390JQD1C2B0ZTP0ZZMXQJ65 then sleep 2.0 s
#   attempt 21 2026-09-24T15:10:26.673472+09:00 http 429 1398.2 ms gen gen_01M390JV8BZB25A0BM0XYNZ2S3 retry-after 32.0 s then sleep 32.0 s
#   attempt 22 2026-09-24T15:11:00.070010+09:00 http 503 1917.2 ms gen gen_01M390KVSM19AM2MRXNPY6J1YZ then sleep 2.0 s
#   attempt 23 2026-09-24T15:11:03.987399+09:00 http 503 1775.8 ms gen gen_01M390KZGS1KGEXWHSWD52H4AA then sleep 2.0 s
#   attempt 24 2026-09-24T15:11:07.763413+09:00 http 503 1572.4 ms gen gen_01M390M30BHQ4NAXQRZBW0ZRA2 then sleep 2.0 s
#   attempt 25 2026-09-24T15:11:11.336014+09:00 http 200 2762.7 ms gen gen_01M390M7291F6WW6E7ERJTZWC0
2026-09-24T15:21:12.981992+09:00 r1 L7.B     60 503   2229.0       0      0 0.00000000  ERROR HTTP 503
#   request 203773 bytes sha256 6e261205972be84b, 135 attempt(s), 268.0 s waited
#   attempt 1 2026-09-24T15:11:14.106779+09:00 http 503 2309.0 ms gen gen_01M390M9NVWVGDEP5DSWG48CJB then sleep 2.0 s
#   attempt 2 2026-09-24T15:11:18.413422+09:00 http 503 2670.1 ms gen gen_01M390ME83C87BV22SK83Y55V9 then sleep 2.0 s
#   attempt 3 2026-09-24T15:11:23.083803+09:00 http 503 2455.0 ms gen gen_01M390MJJJ7YN64TK7RJTZ62BR then sleep 2.0 s
#   attempt 4 2026-09-24T15:11:27.539075+09:00 http 503 2886.8 ms gen gen_01M390MPW3YWD6MPF2P3WRZ1JD then sleep 2.0 s
#   attempt 5 2026-09-24T15:11:32.426018+09:00 http 503 2378.5 ms gen gen_01M390MVHMMYEFFJT50NY13Z19 then sleep 2.0 s
#   attempt 6 2026-09-24T15:11:36.804776+09:00 http 503 2679.5 ms gen gen_01M390N05BDD8P7J5MH1ZZE1P4 then sleep 2.0 s
#   attempt 7 2026-09-24T15:11:41.484445+09:00 http 503 2370.8 ms gen gen_01M390N4FS99N4E3H9V02HSWAB then sleep 2.0 s
#   attempt 8 2026-09-24T15:11:45.853463+09:00 http 503 2606.5 ms gen gen_01M390N8ZK27V001NEJAE5MMZN then sleep 2.0 s
#   attempt 9 2026-09-24T15:11:50.460353+09:00 http 503 2661.1 ms gen gen_01M390NDGENHVK6MV5372Z662J then sleep 2.0 s
#   attempt 10 2026-09-24T15:11:55.121693+09:00 http 503 2432.6 ms gen gen_01M390NHTYP6JMZJT44FRD1BEM then sleep 2.0 s
#   attempt 11 2026-09-24T15:11:59.554506+09:00 http 503 2718.6 ms gen gen_01M390NPBSG0C974XRCPY7V9X1 then sleep 2.0 s
#   attempt 12 2026-09-24T15:12:04.273323+09:00 http 503 2386.1 ms gen gen_01M390NTQNTFVWSKB0DR8ANGE0 then sleep 2.0 s
#   attempt 13 2026-09-24T15:12:08.659688+09:00 http 503 2481.9 ms gen gen_01M390NZ29Z53Q4ASV1W4RSY5R then sleep 2.0 s
#   attempt 14 2026-09-24T15:12:13.141813+09:00 http 503 2605.5 ms gen gen_01M390P3FQXPQM29XGE5SCHQ32 then sleep 2.0 s
#   attempt 15 2026-09-24T15:12:17.745280+09:00 http 503 2355.0 ms gen gen_01M390P7WKW9Y1RDYF9JT1NN1Z then sleep 2.0 s
#   attempt 16 2026-09-24T15:12:22.100562+09:00 http 503 2715.6 ms gen gen_01M390PCDBR84TPA66QN0YBK0X then sleep 2.0 s
#   attempt 17 2026-09-24T15:12:26.816406+09:00 http 503 2434.0 ms gen gen_01M390PGSXCW9A7GYDN7YTQX5N then sleep 2.0 s
#   attempt 18 2026-09-24T15:12:31.250978+09:00 http 503 2202.7 ms gen gen_01M390PNB9B9FTMG8Q1VA7MBDF then sleep 2.0 s
#   attempt 19 2026-09-24T15:12:35.453817+09:00 http 503 2660.3 ms gen gen_01M390PSCETX9ZYNTY92F7PFYE then sleep 2.0 s
#   attempt 20 2026-09-24T15:12:40.114282+09:00 http 503 2115.5 ms gen gen_01M390PXKFT582HJN56RP4R9FE then sleep 2.0 s
#   attempt 21 2026-09-24T15:12:44.229960+09:00 http 503 2341.2 ms gen gen_01M390Q1QX5RZSQSZHPXJ4M5RX then sleep 2.0 s
#   attempt 22 2026-09-24T15:12:48.569441+09:00 http 503 2660.4 ms gen gen_01M390Q67NK8P927DXPG4YSBNG then sleep 2.0 s
#   attempt 23 2026-09-24T15:12:53.230029+09:00 http 503 2407.7 ms gen gen_01M390QAJ58BJF82PEJ3NKXCF4 then sleep 2.0 s
#   attempt 24 2026-09-24T15:12:57.637902+09:00 http 503 2583.1 ms gen gen_01M390QF43RMBGBMYQ1EZXT2KX then sleep 2.0 s
#   attempt 25 2026-09-24T15:13:02.221119+09:00 http 503 2944.1 ms gen gen_01M390QKNFKTE6HR057KA4T9N7 then sleep 2.0 s
#   attempt 26 2026-09-24T15:13:07.165733+09:00 http 503 2479.3 ms gen gen_01M390QR4ZH54ZF41G6A1313XG then sleep 2.0 s
#   attempt 27 2026-09-24T15:13:11.645315+09:00 http 503 2455.6 ms gen gen_01M390QWKN1581P2D5JAZRPWXF then sleep 2.0 s
#   attempt 28 2026-09-24T15:13:16.098713+09:00 http 503 2762.1 ms gen gen_01M390R118FC8RS1HEVFEH3QP0 then sleep 2.0 s
#   attempt 29 2026-09-24T15:13:20.861047+09:00 http 503 2883.7 ms gen gen_01M390R5MCS0HAFRBJ4VRYAJYT then sleep 2.0 s
#   attempt 30 2026-09-24T15:13:25.744915+09:00 http 503 2456.7 ms gen gen_01M390RAGBRH9J1W0GNS33F5BN then sleep 2.0 s
#   attempt 31 2026-09-24T15:13:30.201781+09:00 http 503 2445.0 ms gen gen_01M390REV6XYHF10G6NR7R2PXE then sleep 2.0 s
#   attempt 32 2026-09-24T15:13:34.647046+09:00 http 503 2716.4 ms gen gen_01M390RK7M6XTK6RABMT69Z40E then sleep 2.0 s
#   attempt 33 2026-09-24T15:13:39.363570+09:00 http 503 2541.1 ms gen gen_01M390RQN8QFDBK2BR0EAXWACG then sleep 2.0 s
#   attempt 34 2026-09-24T15:13:43.904884+09:00 http 503 2287.2 ms gen gen_01M390RVZB7HB50KDC298M4JWT then sleep 2.0 s
#   attempt 35 2026-09-24T15:13:48.190001+09:00 http 503 2843.4 ms gen gen_01M390S0H6JKJ7Z7Q3HQ134KMS then sleep 2.0 s
#   attempt 36 2026-09-24T15:13:53.033625+09:00 http 503 2894.3 ms gen gen_01M390S51F8KHC9E6KNY983BAK then sleep 2.0 s
#   attempt 37 2026-09-24T15:13:57.928136+09:00 http 503 2623.6 ms gen gen_01M390S9WAH0Q0VA71G2G3Y757 then sleep 2.0 s
#   attempt 38 2026-09-24T15:14:02.551968+09:00 http 503 2427.8 ms gen gen_01M390SE7N1A7X7JYTN0TS49N7 then sleep 2.0 s
#   attempt 39 2026-09-24T15:14:06.979956+09:00 http 503 2920.2 ms gen gen_01M390SJV128NNHH1DS83JD56C then sleep 2.0 s
#   attempt 40 2026-09-24T15:14:11.900436+09:00 http 503 2050.9 ms gen gen_01M390SQ8P6AFV7QSD4GTC5SG2 then sleep 2.0 s
#   attempt 41 2026-09-24T15:14:15.949685+09:00 http 503 2364.8 ms gen gen_01M390SVGCD9QG8J15ZGKK9RR5 then sleep 2.0 s
#   attempt 42 2026-09-24T15:14:20.314650+09:00 http 503 2768.7 ms gen gen_01M390T01PHBP3Q0G4Y8A4AF4X then sleep 2.0 s
#   attempt 43 2026-09-24T15:14:25.083626+09:00 http 503 2401.4 ms gen gen_01M390T4A7F21X1GK6J83NR48T then sleep 2.0 s
#   attempt 44 2026-09-24T15:14:29.485205+09:00 http 503 2341.3 ms gen gen_01M390T8P4970FTZ3FXZ50S3N0 then sleep 2.0 s
#   attempt 45 2026-09-24T15:14:33.826685+09:00 http 503 2310.1 ms gen gen_01M390TCV2PQ6VYGY31JWQEFP7 then sleep 2.0 s
#   attempt 46 2026-09-24T15:14:38.136987+09:00 http 503 2699.7 ms gen gen_01M390TH4YJ2PXZJFYEVHMQDZY then sleep 2.0 s
#   attempt 47 2026-09-24T15:14:42.836868+09:00 http 503 2542.8 ms gen gen_01M390TNT7Z0DKE31ZEB6KEVD5 then sleep 2.0 s
#   attempt 48 2026-09-24T15:14:47.377747+09:00 http 503 2809.4 ms gen gen_01M390TTCR75TNX1NVF5GV53ND then sleep 2.0 s
#   attempt 49 2026-09-24T15:14:52.187425+09:00 http 503 2141.8 ms gen gen_01M390TYN3DZ0SFN6GKYZB1DM1 then sleep 2.0 s
#   attempt 50 2026-09-24T15:14:56.329431+09:00 http 503 2259.6 ms gen gen_01M390V2NTPB55T3AM5WXC17Z6 then sleep 2.0 s
#   attempt 51 2026-09-24T15:15:00.589249+09:00 http 503 2632.0 ms gen gen_01M390V7BAH3CKAAHEG2QWXWP6 then sleep 2.0 s
#   attempt 52 2026-09-24T15:15:05.221589+09:00 http 503 2482.6 ms gen gen_01M390VBG3ANGMWEG9CZRRZNSX then sleep 2.0 s
#   attempt 53 2026-09-24T15:15:09.704365+09:00 http 503 2069.5 ms gen gen_01M390VFVQPN4XMSVF0RGVV5HE then sleep 2.0 s
#   attempt 54 2026-09-24T15:15:13.774119+09:00 http 503 2290.2 ms gen gen_01M390VKVD1VCN59BFZSXV5CBJ then sleep 2.0 s
#   attempt 55 2026-09-24T15:15:18.058938+09:00 http 503 2422.6 ms gen gen_01M390VR1QJAAYM6PBD5KGQH7H then sleep 2.0 s
#   attempt 56 2026-09-24T15:15:22.481769+09:00 http 503 2186.0 ms gen gen_01M390VWEBQECMBW9CH1W691AG then sleep 2.0 s
#   attempt 57 2026-09-24T15:15:26.668041+09:00 http 503 2492.3 ms gen gen_01M390W0M0FS07DVA93CEBK30H then sleep 2.0 s
#   attempt 58 2026-09-24T15:15:31.160572+09:00 http 503 2384.1 ms gen gen_01M390W50MC1XBDQM05XCAZBJC then sleep 2.0 s
#   attempt 59 2026-09-24T15:15:35.544920+09:00 http 503 2586.1 ms gen gen_01M390W9AHJC3XAD6Y7AMMPQD3 then sleep 2.0 s
#   attempt 60 2026-09-24T15:15:40.131147+09:00 http 503 2738.6 ms gen gen_01M390WDYDMMEB4MSJKDEQJQCJ then sleep 2.0 s
#   attempt 61 2026-09-24T15:15:44.870894+09:00 http 503 2400.2 ms gen gen_01M390WJ81K8KXQ0SXP5JBST6D then sleep 2.0 s
#   attempt 62 2026-09-24T15:15:49.271950+09:00 http 503 2050.2 ms gen gen_01M390WPAR4PDS4RYT70W97PC3 then sleep 2.0 s
#   attempt 63 2026-09-24T15:15:53.322311+09:00 http 503 2362.7 ms gen gen_01M390WTEKYHRXN9MPPSXMKQRD then sleep 2.0 s
#   attempt 64 2026-09-24T15:15:57.685326+09:00 http 503 2595.5 ms gen gen_01M390WZ03ES850AKBB2N9MW0W then sleep 2.0 s
#   attempt 65 2026-09-24T15:16:02.281007+09:00 http 503 2272.4 ms gen gen_01M390X34FNDTDFQ23F4YJQ4FQ then sleep 2.0 s
#   attempt 66 2026-09-24T15:16:06.553653+09:00 http 503 2676.4 ms gen gen_01M390X7GAWRMV5YTMWQ6XRKVV then sleep 2.0 s
#   attempt 67 2026-09-24T15:16:11.230183+09:00 http 503 2232.8 ms gen gen_01M390XBWMH452YG43430GF7NY then sleep 2.0 s
#   attempt 68 2026-09-24T15:16:15.462770+09:00 http 503 2195.8 ms gen gen_01M390XG61D5PT4YNEW1ZPHX3B then sleep 2.0 s
#   attempt 69 2026-09-24T15:16:19.658690+09:00 http 503 2362.2 ms gen gen_01M390XM9W7Q189CMC8E98RFQA then sleep 2.0 s
#   attempt 70 2026-09-24T15:16:24.021037+09:00 http 503 2689.2 ms gen gen_01M390XRKS6HGD6F8B8MB9F2V6 then sleep 2.0 s
#   attempt 71 2026-09-24T15:16:28.710433+09:00 http 503 2423.5 ms gen gen_01M390XX3GK1BJP8HRP64EQWRT then sleep 2.0 s
#   attempt 72 2026-09-24T15:16:33.134132+09:00 http 503 2263.5 ms gen gen_01M390Y1BTJND1M27TM30F5G5P then sleep 2.0 s
#   attempt 73 2026-09-24T15:16:37.397765+09:00 http 503 2269.0 ms gen gen_01M390Y5JMKRFWQ6Y57ER8RQBC then sleep 2.0 s
#   attempt 74 2026-09-24T15:16:41.666939+09:00 http 503 2409.0 ms gen gen_01M390Y9ZF10M3GN72YF553TKF then sleep 2.0 s
#   attempt 75 2026-09-24T15:16:46.075155+09:00 http 503 2419.7 ms gen gen_01M390YE02JPS6SKSPXP477YS5 then sleep 2.0 s
#   attempt 76 2026-09-24T15:16:50.495029+09:00 http 503 2287.7 ms gen gen_01M390YJ7Q3Q1AYC33BKZR5BTM then sleep 2.0 s
#   attempt 77 2026-09-24T15:16:54.782923+09:00 http 503 2086.2 ms gen gen_01M390YPAAABMK83NWH8N2H71W then sleep 2.0 s
#   attempt 78 2026-09-24T15:16:58.869323+09:00 http 503 2471.5 ms gen gen_01M390YTK83PRN4SPYS0P5YD5S then sleep 2.0 s
#   attempt 79 2026-09-24T15:17:03.341050+09:00 http 503 1981.3 ms gen gen_01M390YYMEYS38B0X3D08DQ6W2 then sleep 2.0 s
#   attempt 80 2026-09-24T15:17:07.322586+09:00 http 503 2558.9 ms gen gen_01M390Z2WAJWPHMEWGWEHJ5Q8S then sleep 2.0 s
#   attempt 81 2026-09-24T15:17:11.881885+09:00 http 503 2144.0 ms gen gen_01M390Z731D09KW6XY7Z4HK8CX then sleep 2.0 s
#   attempt 82 2026-09-24T15:17:16.024184+09:00 http 503 2341.0 ms gen gen_01M390ZB91E3SSQYJJQWXTJTDB then sleep 2.0 s
#   attempt 83 2026-09-24T15:17:20.365369+09:00 http 503 2316.1 ms gen gen_01M390ZFEWQYMKCRNK7JFSDHXT then sleep 2.0 s
#   attempt 84 2026-09-24T15:17:24.681926+09:00 http 503 2152.4 ms gen gen_01M390ZKFQ4V39DB86HSWPZ32S then sleep 2.0 s
#   attempt 85 2026-09-24T15:17:28.834586+09:00 http 503 2574.6 ms gen gen_01M390ZQX8WKNGFP9H5K06CGMQ then sleep 2.0 s
#   attempt 86 2026-09-24T15:17:33.409315+09:00 http 503 2278.9 ms gen gen_01M390ZW8NPDW6AN9R46FFR59H then sleep 2.0 s
#   attempt 87 2026-09-24T15:17:37.688383+09:00 http 503 2018.0 ms gen gen_01M391005YMJXHMQTX6DQYT4NC then sleep 2.0 s
#   attempt 88 2026-09-24T15:17:41.706575+09:00 http 503 2372.2 ms gen gen_01M39104FB1RPDYE27NE105DAY then sleep 2.0 s
#   attempt 89 2026-09-24T15:17:46.077241+09:00 http 503 2175.9 ms gen gen_01M39108NXCD64V61AXEYPKHSS then sleep 2.0 s
#   attempt 90 2026-09-24T15:17:50.253331+09:00 http 503 2232.6 ms gen gen_01M3910CMREE19TER06XHK96XM then sleep 2.0 s
#   attempt 91 2026-09-24T15:17:54.486171+09:00 http 503 2282.9 ms gen gen_01M3910GSACA94JVGTRV4K1N5Y then sleep 2.0 s
#   attempt 92 2026-09-24T15:17:58.769336+09:00 http 503 2360.0 ms gen gen_01M3910MYDEDQ0PFEMV0H3B3EZ then sleep 2.0 s
#   attempt 93 2026-09-24T15:18:03.129626+09:00 http 503 2160.4 ms gen gen_01M3910S4CKWHTQJKYNPT2R8K1 then sleep 2.0 s
#   attempt 94 2026-09-24T15:18:07.290252+09:00 http 503 2568.0 ms gen gen_01M3910XFPKK0VJVZ3D1SN9B53 then sleep 2.0 s
#   attempt 95 2026-09-24T15:18:11.858426+09:00 http 503 2390.2 ms gen gen_01M39111QYENQQP001JWND6R1A then sleep 2.0 s
#   attempt 96 2026-09-24T15:18:16.246110+09:00 http 503 2116.9 ms gen gen_01M39115Y23C43JBASD9AJFK67 then sleep 2.0 s
#   attempt 97 2026-09-24T15:18:20.363207+09:00 http 503 2781.5 ms gen gen_01M3911AB824Z4Q0D8070JYRYE then sleep 2.0 s
#   attempt 98 2026-09-24T15:18:25.144826+09:00 http 503 2459.9 ms gen gen_01M3911ETPHFQY0TT9B65VYXSY then sleep 2.0 s
#   attempt 99 2026-09-24T15:18:29.604869+09:00 http 503 2463.0 ms gen gen_01M3911K1HNNJCMD0S34J412XF then sleep 2.0 s
#   attempt 100 2026-09-24T15:18:34.068070+09:00 http 503 2647.3 ms gen gen_01M3911QJSN4TW1H3K94Q1Z7GW then sleep 2.0 s
#   attempt 101 2026-09-24T15:18:38.715655+09:00 http 503 2517.7 ms gen gen_01M3911W71HWFWFRDQ579YN9KY then sleep 2.0 s
#   attempt 102 2026-09-24T15:18:43.233603+09:00 http 503 2760.5 ms gen gen_01M39120GZWF76YW85PWJF3M2E then sleep 2.0 s
#   attempt 103 2026-09-24T15:18:47.994120+09:00 http 503 2809.0 ms gen gen_01M39125DMMMJ755BH16TCZVDZ then sleep 2.0 s
#   attempt 104 2026-09-24T15:18:52.803323+09:00 http 503 2676.0 ms gen gen_01M3912A0YXKWN9JA16BEKEZW3 then sleep 2.0 s
#   attempt 105 2026-09-24T15:18:57.479531+09:00 http 503 2556.0 ms gen gen_01M3912EM5HCV5Y88SEJ3J0YKJ then sleep 2.0 s
#   attempt 106 2026-09-24T15:19:02.035734+09:00 http 503 2472.7 ms gen gen_01M3912K06Q9ET2K53Q1EE04CN then sleep 2.0 s
#   attempt 107 2026-09-24T15:19:06.508670+09:00 http 503 2356.2 ms gen gen_01M3912Q3YEST5MP4Q97ZW1CYR then sleep 2.0 s
#   attempt 108 2026-09-24T15:19:10.865104+09:00 http 503 2255.6 ms gen gen_01M3912VH8RR8FH05QV32RD0JS then sleep 2.0 s
#   attempt 109 2026-09-24T15:19:15.119316+09:00 http 503 2485.9 ms gen gen_01M3912ZJZW579QWGQYR3CDNYR then sleep 2.0 s
#   attempt 110 2026-09-24T15:19:19.605436+09:00 http 503 2155.9 ms gen gen_01M39133QYJFGVAHPG6FN6CPMH then sleep 2.0 s
#   attempt 111 2026-09-24T15:19:23.761594+09:00 http 503 2320.2 ms gen gen_01M39137Y810137QD9G0V0H9CR then sleep 2.0 s
#   attempt 112 2026-09-24T15:19:28.082028+09:00 http 503 2479.5 ms gen gen_01M3913CC1TAT3J4T31QWKBKTF then sleep 2.0 s
#   attempt 113 2026-09-24T15:19:32.561729+09:00 http 503 2924.8 ms gen gen_01M3913H3MTGFVJCKF6PFKD52Q then sleep 2.0 s
#   attempt 114 2026-09-24T15:19:37.486659+09:00 http 503 2598.5 ms gen gen_01M3913NH3VWKDQBCVXSJYTA2E then sleep 2.0 s
#   attempt 115 2026-09-24T15:19:42.085376+09:00 http 503 3223.5 ms gen gen_01M3913TP5V5GHVD3V2RMB01B9 then sleep 2.0 s
#   attempt 116 2026-09-24T15:19:47.307548+09:00 http 503 2532.5 ms gen gen_01M3913YV6NNWPBVXPBPKX3T7D then sleep 2.0 s
#   attempt 117 2026-09-24T15:19:51.840229+09:00 http 503 2755.7 ms gen gen_01M39143N9XDCAV8W3X6Q7DTP0 then sleep 2.0 s
#   attempt 118 2026-09-24T15:19:56.596164+09:00 http 503 2147.3 ms gen gen_01M3914805227NVWS9X0AP8BW9 then sleep 2.0 s
#   attempt 119 2026-09-24T15:20:00.743681+09:00 http 503 2060.5 ms gen gen_01M3914BVWDMKCTY23TE6ZDH0S then sleep 2.0 s
#   attempt 120 2026-09-24T15:20:04.804380+09:00 http 503 2390.6 ms gen gen_01M3914G59X5MX7KM64GR2P46M then sleep 2.0 s
#   attempt 121 2026-09-24T15:20:09.195145+09:00 http 503 2281.6 ms gen gen_01M3914M7NS3E6VYYSS2SZ4KGJ then sleep 2.0 s
#   attempt 122 2026-09-24T15:20:13.476897+09:00 http 503 2380.8 ms gen gen_01M3914RFXGHW99ZKSAM3GMBXW then sleep 2.0 s
#   attempt 123 2026-09-24T15:20:17.856329+09:00 http 503 2485.0 ms gen gen_01M3914WW400EK3TYF35BV7FDG then sleep 2.0 s
#   attempt 124 2026-09-24T15:20:22.341507+09:00 http 503 2786.9 ms gen gen_01M39151DVVCC9NAZG4KSXNEB5 then sleep 2.0 s
#   attempt 125 2026-09-24T15:20:27.128591+09:00 http 503 2428.4 ms gen gen_01M39155WQECD4JKDTK4BHNHW7 then sleep 2.0 s
#   attempt 126 2026-09-24T15:20:31.557222+09:00 http 503 1988.5 ms gen gen_01M39159ZEEPK8ACRJCN5SC6Y7 then sleep 2.0 s
#   attempt 127 2026-09-24T15:20:35.545906+09:00 http 503 2488.1 ms gen gen_01M3915EARHEK8ZVH0GE2PN4GH then sleep 2.0 s
#   attempt 128 2026-09-24T15:20:40.034210+09:00 http 503 2302.1 ms gen gen_01M3915JCZV97PA6G6PJVSJ7Y2 then sleep 2.0 s
#   attempt 129 2026-09-24T15:20:44.336471+09:00 http 503 2405.3 ms gen gen_01M3915PTZXKG6FRJS72JFA0VS then sleep 2.0 s
#   attempt 130 2026-09-24T15:20:48.740654+09:00 http 503 2208.7 ms gen gen_01M3915TXZJXP5R1NE6472GBAM then sleep 2.0 s
#   attempt 131 2026-09-24T15:20:52.949577+09:00 http 503 2460.5 ms gen gen_01M3915Z7J5VJFT01SX12C73DS then sleep 2.0 s
#   attempt 132 2026-09-24T15:20:57.410301+09:00 http 503 2387.4 ms gen gen_01M39163KXHC2D9PHKW7T6XY6N then sleep 2.0 s
#   attempt 133 2026-09-24T15:21:01.797918+09:00 http 503 2612.0 ms gen gen_01M39167ZARA30MX4GD1NMDEQE then sleep 2.0 s
#   attempt 134 2026-09-24T15:21:06.410158+09:00 http 503 2342.5 ms gen gen_01M3916CACVVBFDXYFVYQ3GCT0 then sleep 2.0 s
#   attempt 135 2026-09-24T15:21:10.752886+09:00 http 503 2229.0 ms gen gen_01M3916GA859PMP0PHG8R0TJWB
# prompt-study-2-2026-09-24, target zopfli, vocab v6-2026-09-23, state state-v6.0-2026-09-23, leak check clean
2026-09-24T15:25:11.149305+09:00 r1 L7.A.c0   9 200   1956.8   20553    148 0.00000000  (after 9 failed attempt(s): HTTP 503, HTTP 503, HTTP 503, HTTP 503, HTTP 503, HTTP 503, HTTP 503, HTTP 503, HTTP 503)
#   request 58610 bytes sha256 59e2e861cfe6855d, 10 attempt(s), 18.0 s waited
#   attempt 1 2026-09-24T15:24:35.790945+09:00 http 503 1791.3 ms gen gen_01M391CR6Z4EXCG47X1WG53PQG then sleep 2.0 s
#   attempt 2 2026-09-24T15:24:39.582438+09:00 http 503 1888.6 ms gen gen_01M391CW5AEDVRA1FP0FA1J8AM then sleep 2.0 s
#   attempt 3 2026-09-24T15:24:43.471171+09:00 http 503 1575.3 ms gen gen_01M391CZPK5WD25SESHF4VAR0N then sleep 2.0 s
#   attempt 4 2026-09-24T15:24:47.044967+09:00 http 503 1647.6 ms gen gen_01M391D37SRGSH810NMTFG6BT1 then sleep 2.0 s
#   attempt 5 2026-09-24T15:24:50.692729+09:00 http 503 1716.3 ms gen gen_01M391D6XADQ74KTKBEM815QFD then sleep 2.0 s
#   attempt 6 2026-09-24T15:24:54.409238+09:00 http 503 1853.9 ms gen gen_01M391DAMZV0J8H08JRA3CF2FW then sleep 2.0 s
#   attempt 7 2026-09-24T15:24:58.263529+09:00 http 503 1657.2 ms gen gen_01M391DEBP79ZN3F82ZEP4DB5V then sleep 2.0 s
#   attempt 8 2026-09-24T15:25:01.920902+09:00 http 503 1810.5 ms gen gen_01M391DHY145PJQ57ETV99QJ03 then sleep 2.0 s
#   attempt 9 2026-09-24T15:25:05.731609+09:00 http 503 1460.6 ms gen gen_01M391DNEEGFS6DC4XEKKJM158 then sleep 2.0 s
#   attempt 10 2026-09-24T15:25:09.192451+09:00 http 200 1956.8 ms gen gen_01M391DS1HE5H2MTTT8SX2TDAR
2026-09-24T15:25:21.250144+09:00 r1 L7.A.c1   9 200   2562.4   20364    148 0.00000000  (after 2 failed attempt(s): HTTP 503, HTTP 503)
#   request 58121 bytes sha256 d771f0ed167b895f, 3 attempt(s), 4.0 s waited
#   attempt 1 2026-09-24T15:25:11.150196+09:00 http 503 1734.5 ms gen gen_01M391DTTXK5570W5J0HXGM7PE then sleep 2.0 s
#   attempt 2 2026-09-24T15:25:14.882043+09:00 http 503 1805.4 ms gen gen_01M391DYJ09D9Q97PWDK1D4AQD then sleep 2.0 s
#   attempt 3 2026-09-24T15:25:18.687616+09:00 http 200 2562.4 ms gen gen_01M391E2912RVMS5AERRHEHX26
2026-09-24T15:26:24.323567+09:00 r1 L7.B.c0  12 200   2684.5   17252    198 0.00000000  (after 16 failed attempt(s): HTTP 503, HTTP 503, HTTP 503, HTTP 503, HTTP 503, HTTP 503, HTTP 503, HTTP 503, HTTP 503, HTTP 503, HTTP 503, HTTP 503, HTTP 503, HTTP 503, HTTP 503, HTTP 503)
#   request 59201 bytes sha256 0b2ac7a92cd87af6, 17 attempt(s), 32.0 s waited
#   attempt 1 2026-09-24T15:25:21.254225+09:00 http 503 1857.8 ms gen gen_01M391E4VZZVFNDSNSAGAXYA4R then sleep 2.0 s
#   attempt 2 2026-09-24T15:25:25.112270+09:00 http 503 1497.3 ms gen gen_01M391E89YM8XWBBWQ8ZXQ4K3N then sleep 2.0 s
#   attempt 3 2026-09-24T15:25:28.609726+09:00 http 503 1745.8 ms gen gen_01M391EBYA0V81MKRBGG5M1XAX then sleep 2.0 s
#   attempt 4 2026-09-24T15:25:32.355804+09:00 http 503 1787.1 ms gen gen_01M391EFX5GFJ76ZT98K586S24 then sleep 2.0 s
#   attempt 5 2026-09-24T15:25:36.143120+09:00 http 503 1875.6 ms gen gen_01M391EK8NG72BWQ5X6XY1EQNT then sleep 2.0 s
#   attempt 6 2026-09-24T15:25:40.018857+09:00 http 503 1724.2 ms gen gen_01M391EQ1AWKKK8E6G0WKHZAVA then sleep 2.0 s
#   attempt 7 2026-09-24T15:25:43.743271+09:00 http 503 1845.8 ms gen gen_01M391ETV23ZN0F4AVVXBDYGR0 then sleep 2.0 s
#   attempt 8 2026-09-24T15:25:47.587381+09:00 http 503 1580.1 ms gen gen_01M391EY9NCJ38F4HJQA6GGG4M then sleep 2.0 s
#   attempt 9 2026-09-24T15:25:51.167652+09:00 http 503 1764.1 ms gen gen_01M391F1YSAM66TBYAPEF8XXBN then sleep 2.0 s
#   attempt 10 2026-09-24T15:25:54.931881+09:00 http 503 1755.2 ms gen gen_01M391F5NH3SEADH7DGD3W1727 then sleep 2.0 s
#   attempt 11 2026-09-24T15:25:58.687261+09:00 http 503 1908.9 ms gen gen_01M391F9EXYRJFTVR2J1W4X404 then sleep 2.0 s
#   attempt 12 2026-09-24T15:26:02.596329+09:00 http 503 1690.6 ms gen gen_01M391FD3MVV4GMCSSAEVQXKAZ then sleep 2.0 s
#   attempt 13 2026-09-24T15:26:06.287162+09:00 http 503 1816.3 ms gen gen_01M391FGSWRF2KGJXPFMRDCQ25 then sleep 2.0 s
#   attempt 14 2026-09-24T15:26:10.103687+09:00 http 503 1788.8 ms gen gen_01M391FMGBFEDDZ9A0KAV2PXVC then sleep 2.0 s
#   attempt 15 2026-09-24T15:26:13.892591+09:00 http 503 1787.5 ms gen gen_01M391FR6FYEYX23FD5FNWCW4Q then sleep 2.0 s
#   attempt 16 2026-09-24T15:26:17.678763+09:00 http 503 1960.0 ms gen gen_01M391FW1YDE2CKKVHVX0R97BG then sleep 2.0 s
#   attempt 17 2026-09-24T15:26:21.638937+09:00 http 200 2684.5 ms gen gen_01M391FZXQ8WA1NC9XV42AC073
2026-09-24T15:27:18.246415+09:00 r1 L7.B.c1  11 200   2344.6   17159    181 0.00000000  (after 14 failed attempt(s): HTTP 503, HTTP 503, HTTP 503, HTTP 503, HTTP 503, HTTP 503, HTTP 503, HTTP 503, HTTP 503, HTTP 503, HTTP 503, HTTP 503, HTTP 503, HTTP 503)
#   request 58658 bytes sha256 bae4270b619cf1b8, 15 attempt(s), 28.0 s waited
#   attempt 1 2026-09-24T15:26:24.324471+09:00 http 503 1752.4 ms gen gen_01M391G2BHJ9FQZ8D6X4T80VN9 then sleep 2.0 s
#   attempt 2 2026-09-24T15:26:28.077421+09:00 http 503 1699.0 ms gen gen_01M391G60GGXDW12FSVC15BT6K then sleep 2.0 s
#   attempt 3 2026-09-24T15:26:31.776562+09:00 http 503 1626.9 ms gen gen_01M391G9H38DNZJA9RB3KZP72K then sleep 2.0 s
#   attempt 4 2026-09-24T15:26:35.403647+09:00 http 503 1654.4 ms gen gen_01M391GD6GRAHS32Q8XDGEWK7Q then sleep 2.0 s
#   attempt 5 2026-09-24T15:26:39.058248+09:00 http 503 1777.9 ms gen gen_01M391GGKSRT8QV0C3FVCR012V then sleep 2.0 s
#   attempt 6 2026-09-24T15:26:42.836299+09:00 http 503 1704.7 ms gen gen_01M391GMD00TY9P5M54J03Q0Z4 then sleep 2.0 s
#   attempt 7 2026-09-24T15:26:46.538475+09:00 http 503 1601.0 ms gen gen_01M391GQXGVEBXA46QEQHRAPG5 then sleep 2.0 s
#   attempt 8 2026-09-24T15:26:50.139695+09:00 http 503 1532.2 ms gen gen_01M391GVCEA9WF5XXY7SPJ35FD then sleep 2.0 s
#   attempt 9 2026-09-24T15:26:53.672041+09:00 http 503 1680.2 ms gen gen_01M391GZ30Y8XWD6Y2S9R3XVN5 then sleep 2.0 s
#   attempt 10 2026-09-24T15:26:57.352658+09:00 http 503 1790.5 ms gen gen_01M391H2MYRF541VY1RX0F7HZ5 then sleep 2.0 s
#   attempt 11 2026-09-24T15:27:01.143299+09:00 http 503 1802.9 ms gen gen_01M391H6BRB672DM5ETSZRDGX0 then sleep 2.0 s
#   attempt 12 2026-09-24T15:27:04.946334+09:00 http 503 1638.8 ms gen gen_01M391H9XNBHHCGB165NTSE0PZ then sleep 2.0 s
#   attempt 13 2026-09-24T15:27:08.585335+09:00 http 503 1533.8 ms gen gen_01M391HDCCW1HM8JSPZV4VRY0H then sleep 2.0 s
#   attempt 14 2026-09-24T15:27:12.119319+09:00 http 503 1784.0 ms gen gen_01M391HH22Z0VRSSM92ARCBGZ2 then sleep 2.0 s
#   attempt 15 2026-09-24T15:27:15.901738+09:00 http 200 2344.6 ms gen gen_01M391HMM7RMPW49HWZZ31810K
2026-09-24T15:27:20.143605+09:00 r1 L7.B.c2  11 200   1895.6   16709    181 0.00000000
2026-09-24T15:27:23.234647+09:00 r1 L7.B.c3  12 200   3090.2   17430    198 0.00000000
2026-09-24T15:31:10.016298+09:00 r1 L7.B.c4  11 200   1888.8   16767    182 0.00000000  (after 59 failed attempt(s): HTTP 503, HTTP 503, HTTP 503, HTTP 503, HTTP 503, HTTP 503, HTTP 503, HTTP 503, HTTP 503, HTTP 503, HTTP 503, HTTP 503, HTTP 503, HTTP 503, HTTP 503, HTTP 503, HTTP 503, HTTP 503, HTTP 503, HTTP 503, HTTP 503, HTTP 503, HTTP 503, HTTP 503, HTTP 503, HTTP 503, HTTP 503, HTTP 503, HTTP 503, HTTP 503, HTTP 503, HTTP 503, HTTP 503, HTTP 503, HTTP 503, HTTP 503, HTTP 503, HTTP 503, HTTP 503, HTTP 503, HTTP 429, HTTP 503, HTTP 503, HTTP 503, HTTP 503, HTTP 503, HTTP 503, HTTP 503, HTTP 503, HTTP 503, HTTP 503, HTTP 503, HTTP 503, HTTP 503, HTTP 503, HTTP 503, HTTP 503, HTTP 503, HTTP 503)
#   request 57403 bytes sha256 a7051f8b6b7f8f4d, 60 attempt(s), 124.0 s waited
#   attempt 1 2026-09-24T15:27:23.235213+09:00 http 503 1493.4 ms gen gen_01M391HVWG4GM0EFXZ52XP9Z5H then sleep 2.0 s
#   attempt 2 2026-09-24T15:27:26.728769+09:00 http 503 1823.2 ms gen gen_01M391HZ7EFR8N18YXC8CGA3DW then sleep 2.0 s
#   attempt 3 2026-09-24T15:27:30.552372+09:00 http 503 1812.2 ms gen gen_01M391J336VZ92D8W2HNDR3K6C then sleep 2.0 s
#   attempt 4 2026-09-24T15:27:34.364792+09:00 http 503 1799.6 ms gen gen_01M391J6T1ZBDHXMNHH25VMRNZ then sleep 2.0 s
#   attempt 5 2026-09-24T15:27:38.164587+09:00 http 503 1674.6 ms gen gen_01M391JAD7H2P7WB4R7P46ZS9B then sleep 2.0 s
#   attempt 6 2026-09-24T15:27:41.839433+09:00 http 503 1630.6 ms gen gen_01M391JDYN719HSXKDPPM0X17Y then sleep 2.0 s
#   attempt 7 2026-09-24T15:27:45.467990+09:00 http 503 1736.3 ms gen gen_01M391JHJ7X5E9NZTEDJPQ5ZC9 then sleep 2.0 s
#   attempt 8 2026-09-24T15:27:49.204527+09:00 http 503 1788.0 ms gen gen_01M391JN9HK7DSDDEFZ5VPHGB3 then sleep 2.0 s
#   attempt 9 2026-09-24T15:27:52.992727+09:00 http 503 1588.3 ms gen gen_01M391JRSW5SSVPF4CJ6BK5WSF then sleep 2.0 s
#   attempt 10 2026-09-24T15:27:56.581248+09:00 http 503 1790.4 ms gen gen_01M391JWFNYFD3YJWN8ZRKCVRN then sleep 2.0 s
#   attempt 11 2026-09-24T15:28:00.371909+09:00 http 503 1492.8 ms gen gen_01M391K026KWPGMEYAEY89Y1E7 then sleep 2.0 s
#   attempt 12 2026-09-24T15:28:03.864910+09:00 http 503 1692.0 ms gen gen_01M391K3EF1XVDB2J0QV48PNTS then sleep 2.0 s
#   attempt 13 2026-09-24T15:28:07.557125+09:00 http 503 1965.5 ms gen gen_01M391K7503MDABFKKTES7K2WH then sleep 2.0 s
#   attempt 14 2026-09-24T15:28:11.522824+09:00 http 503 1612.8 ms gen gen_01M391KAWFZTFS51F59RB10RYF then sleep 2.0 s
#   attempt 15 2026-09-24T15:28:15.134508+09:00 http 503 1835.4 ms gen gen_01M391KEK97ZJM37JS4Q2YPXW3 then sleep 2.0 s
#   attempt 16 2026-09-24T15:28:18.970180+09:00 http 503 1629.7 ms gen gen_01M391KJ7MFGXCKHX3WRC8B4CE then sleep 2.0 s
#   attempt 17 2026-09-24T15:28:22.600170+09:00 http 503 1405.2 ms gen gen_01M391KNN63ZKMCVBGN9ASS7F3 then sleep 2.0 s
#   attempt 18 2026-09-24T15:28:26.005583+09:00 http 503 1783.9 ms gen gen_01M391KS6FQZDZCGGCMTKC9GN6 then sleep 2.0 s
#   attempt 19 2026-09-24T15:28:29.789678+09:00 http 503 1729.6 ms gen gen_01M391KWRETVXMMS0A6PM9E5GB then sleep 2.0 s
#   attempt 20 2026-09-24T15:28:33.519722+09:00 http 503 1629.8 ms gen gen_01M391M0D8H6GS7D1JFKGJ42QE then sleep 2.0 s
#   attempt 21 2026-09-24T15:28:37.149724+09:00 http 503 1751.3 ms gen gen_01M391M42ERC59DRPDVB38J0VH then sleep 2.0 s
#   attempt 22 2026-09-24T15:28:40.901279+09:00 http 503 1916.3 ms gen gen_01M391M7K3MHX2BS0DPXQSZMVA then sleep 2.0 s
#   attempt 23 2026-09-24T15:28:44.815367+09:00 http 503 2193.6 ms gen gen_01M391MBFKAMZRB1T3MFSBDTW8 then sleep 2.0 s
#   attempt 24 2026-09-24T15:28:49.009151+09:00 http 503 1418.7 ms gen gen_01M391MFKXXSRZEZSJHM5N4RRF then sleep 2.0 s
#   attempt 25 2026-09-24T15:28:52.428021+09:00 http 503 1591.3 ms gen gen_01M391MJVF4TPH0M9NPPA76R7H then sleep 2.0 s
#   attempt 26 2026-09-24T15:28:56.019505+09:00 http 503 1718.7 ms gen gen_01M391MPFW44F3W4G3TJHJWCHB then sleep 2.0 s
#   attempt 27 2026-09-24T15:28:59.738368+09:00 http 503 1495.2 ms gen gen_01M391MT08QX4Z3G5S2VA9382Y then sleep 2.0 s
#   attempt 28 2026-09-24T15:29:03.233726+09:00 http 503 1553.4 ms gen gen_01M391MXBY1VKQCQV2RC3WXSG0 then sleep 2.0 s
#   attempt 29 2026-09-24T15:29:06.787331+09:00 http 503 1747.7 ms gen gen_01M391N119QVPEN312FTA3TEQX then sleep 2.0 s
#   attempt 30 2026-09-24T15:29:10.535303+09:00 http 503 1570.6 ms gen gen_01M391N4GG65M1N53QFSHFKBE2 then sleep 2.0 s
#   attempt 31 2026-09-24T15:29:14.106147+09:00 http 503 1794.4 ms gen gen_01M391N876ZAQHYTCDGHCWCRWB then sleep 2.0 s
#   attempt 32 2026-09-24T15:29:17.899055+09:00 http 503 1287.6 ms gen gen_01M391NBPCC3JSZTYYV6FPHSZ6 then sleep 2.0 s
#   attempt 33 2026-09-24T15:29:21.186822+09:00 http 503 1747.5 ms gen gen_01M391NF1HR0YMC0GYXVME99TG then sleep 2.0 s
#   attempt 34 2026-09-24T15:29:24.934545+09:00 http 503 1631.1 ms gen gen_01M391NJKSRJ19H9KYG946TC0R then sleep 2.0 s
#   attempt 35 2026-09-24T15:29:28.565823+09:00 http 503 1710.8 ms gen gen_01M391NP7H9ZQPJCAT7S2HPQCW then sleep 2.0 s
#   attempt 36 2026-09-24T15:29:32.276826+09:00 http 503 1986.9 ms gen gen_01M391NT4YSDKPVCWPYBDM76WT then sleep 2.0 s
#   attempt 37 2026-09-24T15:29:36.263898+09:00 http 503 1593.2 ms gen gen_01M391NXN5B0EHQYM0K60WHMES then sleep 2.0 s
#   attempt 38 2026-09-24T15:29:39.857295+09:00 http 503 1608.1 ms gen gen_01M391P168E6RN85XNEW2YD9PW then sleep 2.0 s
#   attempt 39 2026-09-24T15:29:43.465619+09:00 http 503 1577.8 ms gen gen_01M391P4KHW7SP8T6SWAH9P9KX then sleep 2.0 s
#   attempt 40 2026-09-24T15:29:47.041535+09:00 http 503 1736.6 ms gen gen_01M391P849ADHX306EKF0K90H3 then sleep 2.0 s
#   attempt 41 2026-09-24T15:29:50.778323+09:00 http 429 1388.5 ms gen gen_01M391PBVKAG8C2MXS24RFAZ4Y retry-after 8.0 s then sleep 8.0 s
#   attempt 42 2026-09-24T15:30:00.167009+09:00 http 503 2629.7 ms gen gen_01M391PNZMMM0W6Y6NAMF4W63N then sleep 2.0 s
#   attempt 43 2026-09-24T15:30:04.796942+09:00 http 503 1650.9 ms gen gen_01M391PSGBAXTWWQXW9ADQ9DGA then sleep 2.0 s
#   attempt 44 2026-09-24T15:30:08.448021+09:00 http 503 1724.4 ms gen gen_01M391PX72FW7F69E01WR9Y7VP then sleep 2.0 s
#   attempt 45 2026-09-24T15:30:12.172581+09:00 http 503 1957.7 ms gen gen_01M391Q13A0CXXHXF5FRFGJP1M then sleep 2.0 s
#   attempt 46 2026-09-24T15:30:16.128713+09:00 http 503 2305.5 ms gen gen_01M391Q59DBE4VBSK5WZZCBM6K then sleep 2.0 s
#   attempt 47 2026-09-24T15:30:20.434403+09:00 http 503 2040.1 ms gen gen_01M391Q8ZDZRN2V9RJG6QVKHAP then sleep 2.0 s
#   attempt 48 2026-09-24T15:30:24.474693+09:00 http 503 1630.0 ms gen gen_01M391QCRA4QC40WCTJE2CFWKP then sleep 2.0 s
#   attempt 49 2026-09-24T15:30:28.104841+09:00 http 503 1605.6 ms gen gen_01M391QGE31YDZ860QE20K305E then sleep 2.0 s
#   attempt 50 2026-09-24T15:30:31.710601+09:00 http 503 1964.1 ms gen gen_01M391QM5WXFD5E3CKJTCVPD7F then sleep 2.0 s
#   attempt 51 2026-09-24T15:30:35.675344+09:00 http 503 1525.6 ms gen gen_01M391QQKTBYW842S74WEH7JSB then sleep 2.0 s
#   attempt 52 2026-09-24T15:30:39.201170+09:00 http 503 1540.4 ms gen gen_01M391QV2Z8JD1X0SE6NXGJNFR then sleep 2.0 s
#   attempt 53 2026-09-24T15:30:42.741665+09:00 http 503 1703.2 ms gen gen_01M391QYPADYRRV2ARTD448DJ1 then sleep 2.0 s
#   attempt 54 2026-09-24T15:30:46.443090+09:00 http 503 1600.7 ms gen gen_01M391R274WNZY7HVW3WP26YSK then sleep 2.0 s
#   attempt 55 2026-09-24T15:30:50.044015+09:00 http 503 1813.1 ms gen gen_01M391R5S38EQC2P937QBC88YX then sleep 2.0 s
#   attempt 56 2026-09-24T15:30:53.857278+09:00 http 503 1561.5 ms gen gen_01M391R9BNW3H0TXXEKMN0BRB7 then sleep 2.0 s
#   attempt 57 2026-09-24T15:30:57.419249+09:00 http 503 1629.6 ms gen gen_01M391RCXPTGF8PAXNW5XBQM1X then sleep 2.0 s
#   attempt 58 2026-09-24T15:31:01.049088+09:00 http 503 1476.0 ms gen gen_01M391RGA8C8CZHTK7MDQQ16MR then sleep 2.0 s
#   attempt 59 2026-09-24T15:31:04.525292+09:00 http 503 1601.9 ms gen gen_01M391RKTW0TBKDVEECQ10EG8V then sleep 2.0 s
#   attempt 60 2026-09-24T15:31:08.127422+09:00 http 200 1888.8 ms gen gen_01M391RQCS3Z5P7W441WQJ2GGN
2026-09-24T15:31:11.490368+09:00 r1 L7.B.c5   3 200   1472.2   10535     54 0.00000000
2026-09-24T15:32:39.035280+09:00 r1 L8.A.step1   6 200   1905.2   17965    195 0.00000000  (after 15 failed attempt(s): HTTP 503, HTTP 503, HTTP 503, HTTP 503, HTTP 429, HTTP 503, HTTP 503, HTTP 503, HTTP 503, HTTP 503, HTTP 503, HTTP 503, HTTP 503, HTTP 503, HTTP 503)
#   request 48540 bytes sha256 88bd6f099c151871, 16 attempt(s), 61.0 s waited
#   attempt 1 2026-09-24T15:31:11.494880+09:00 http 503 1727.1 ms gen gen_01M391RTT0SWGRERWXBB3TJT28 then sleep 2.0 s
#   attempt 2 2026-09-24T15:31:15.220714+09:00 http 503 1801.8 ms gen gen_01M391RYFG4XES5MPBGZ3QZ09Z then sleep 2.0 s
#   attempt 3 2026-09-24T15:31:19.022664+09:00 http 503 1720.3 ms gen gen_01M391S247FHRZQBRSFE76A0AG then sleep 2.0 s
#   attempt 4 2026-09-24T15:31:22.743171+09:00 http 503 1583.1 ms gen gen_01M391S5MG9R0SNPT4HGQQ9YV2 then sleep 2.0 s
#   attempt 5 2026-09-24T15:31:26.326529+09:00 http 429 1119.4 ms gen gen_01M391S93RJF35TZA016CG0EY9 retry-after 33.0 s then sleep 33.0 s
#   attempt 6 2026-09-24T15:32:00.444170+09:00 http 503 1460.3 ms gen gen_01M391TAA06ZE3EN1GC71K96W4 then sleep 2.0 s
#   attempt 7 2026-09-24T15:32:03.904728+09:00 http 503 1692.3 ms gen gen_01M391TDXVN3XTM8RC2MJKNQ6V then sleep 2.0 s
#   attempt 8 2026-09-24T15:32:07.597208+09:00 http 503 2351.8 ms gen gen_01M391THFNE3QG04P987684369 then sleep 2.0 s
#   attempt 9 2026-09-24T15:32:11.949154+09:00 http 503 1298.0 ms gen gen_01M391TNN94VMYQNQD28CMNX4G then sleep 2.0 s
#   attempt 10 2026-09-24T15:32:15.245583+09:00 http 503 1655.8 ms gen gen_01M391TRYVXGDT8JPKGD0APS3P then sleep 2.0 s
#   attempt 11 2026-09-24T15:32:18.901598+09:00 http 503 1684.4 ms gen gen_01M391TWB9W5RWDWS4NE0J6J4X then sleep 2.0 s
#   attempt 12 2026-09-24T15:32:22.586267+09:00 http 503 1647.1 ms gen gen_01M391V04WX2NB3EEAYT8XH6PA then sleep 2.0 s
#   attempt 13 2026-09-24T15:32:26.233641+09:00 http 503 1539.6 ms gen gen_01M391V3K968SAGMPE848BPE11 then sleep 2.0 s
#   attempt 14 2026-09-24T15:32:29.773421+09:00 http 503 1560.0 ms gen gen_01M391V71TH4M7Q8385E51C7AH then sleep 2.0 s
#   attempt 15 2026-09-24T15:32:33.333617+09:00 http 503 1796.2 ms gen gen_01M391VARQD8155ZK4CXAQBX7W then sleep 2.0 s
#   attempt 16 2026-09-24T15:32:37.130073+09:00 http 200 1905.2 ms gen gen_01M391VEE21AWVMAKAPEEQVN2C
2026-09-24T15:33:32.242572+09:00 r1 L8.A.step2   6 200   2003.5   18757    213 0.00000000  (after 14 failed attempt(s): HTTP 503, HTTP 503, HTTP 503, HTTP 503, HTTP 503, HTTP 503, HTTP 503, HTTP 503, HTTP 503, HTTP 503, HTTP 503, HTTP 503, HTTP 503, HTTP 503)
#   request 52284 bytes sha256 b10e9b871590e300, 15 attempt(s), 28.0 s waited
#   attempt 1 2026-09-24T15:32:39.035842+09:00 http 503 1933.3 ms gen gen_01M391VGB0KAY8S0QJ7S7M8KZ8 then sleep 2.0 s
#   attempt 2 2026-09-24T15:32:42.969351+09:00 http 503 1457.7 ms gen gen_01M391VKVPCW5TPB901CZMRP7X then sleep 2.0 s
#   attempt 3 2026-09-24T15:32:46.425280+09:00 http 503 1391.5 ms gen gen_01M391VQA251E0KCSMMN2KZXPK then sleep 2.0 s
#   attempt 4 2026-09-24T15:32:49.816937+09:00 http 503 1756.3 ms gen gen_01M391VTSEEQEKZYCT2N5KY2QT then sleep 2.0 s
#   attempt 5 2026-09-24T15:32:53.573459+09:00 http 503 2201.3 ms gen gen_01M391VYRQSSZ3RCBB15FADJA3 then sleep 2.0 s
#   attempt 6 2026-09-24T15:32:57.774954+09:00 http 503 1629.7 ms gen gen_01M391W2GGRRX200P53SVBB8EZ then sleep 2.0 s
#   attempt 7 2026-09-24T15:33:01.404854+09:00 http 503 1622.7 ms gen gen_01M391W61G5V57S9SV8MYM1NKG then sleep 2.0 s
#   attempt 8 2026-09-24T15:33:05.027847+09:00 http 503 1590.2 ms gen gen_01M391W9HX5VBN9FM90HK7F717 then sleep 2.0 s
#   attempt 9 2026-09-24T15:33:08.618545+09:00 http 503 1533.1 ms gen gen_01M391WD0SN4FNG57FPS7S7BQ9 then sleep 2.0 s
#   attempt 10 2026-09-24T15:33:12.151920+09:00 http 503 1622.7 ms gen gen_01M391WGHWM1PK7KYSBGZT86TE then sleep 2.0 s
#   attempt 11 2026-09-24T15:33:15.771274+09:00 http 503 1734.2 ms gen gen_01M391WM3BP3WP1JKM9CJGAMKS then sleep 2.0 s
#   attempt 12 2026-09-24T15:33:19.505671+09:00 http 503 1487.5 ms gen gen_01M391WQKCCZNBW9APWJV6P7CS then sleep 2.0 s
#   attempt 13 2026-09-24T15:33:22.993362+09:00 http 503 1636.5 ms gen gen_01M391WV47EKS9N727TFFPHZ38 then sleep 2.0 s
#   attempt 14 2026-09-24T15:33:26.630037+09:00 http 503 1608.8 ms gen gen_01M391WYKMZ2W4VS4BYJ7Y1ZCW then sleep 2.0 s
#   attempt 15 2026-09-24T15:33:30.239029+09:00 http 200 2003.5 ms gen gen_01M391X2BT80TV555XXAVTWR93
2026-09-24T15:33:37.272747+09:00 r1 L8.B.step1   5 200   1587.6   11711    163 0.00000000  (after 1 failed attempt(s): HTTP 503)
#   request 37790 bytes sha256 8bf7582ae1c77ac1, 2 attempt(s), 2.0 s waited
#   attempt 1 2026-09-24T15:33:32.246094+09:00 http 503 1438.9 ms gen gen_01M391X43V6DKQS721NHW5EXM7 then sleep 2.0 s
#   attempt 2 2026-09-24T15:33:35.685120+09:00 http 200 1587.6 ms gen gen_01M391X7EQMW5NQ3G3FE706H5E
2026-09-24T15:33:46.249638+09:00 r1 L8.B.step2   5 200   1769.5   15301    729 0.00000000  (after 2 failed attempt(s): HTTP 503, HTTP 503)
#   request 50805 bytes sha256 02e10b26403b43b0, 3 attempt(s), 4.0 s waited
#   attempt 1 2026-09-24T15:33:37.273742+09:00 http 503 1695.2 ms gen gen_01M391X94NX793Z18FTPRBKZTS then sleep 2.0 s
#   attempt 2 2026-09-24T15:33:40.969148+09:00 http 503 1511.2 ms gen gen_01M391XCHQXTD53Z4HH4B6140Q then sleep 2.0 s
#   attempt 3 2026-09-24T15:33:44.480498+09:00 http 200 1769.5 ms gen gen_01M391XG4D10AYAPQH1W1ZYBVG
2026-09-24T15:35:09.884390+09:00 r1 L9.A      6 200   2484.4   18715    213 0.00000000  (after 15 failed attempt(s): HTTP 503, HTTP 503, HTTP 503, HTTP 503, HTTP 503, HTTP 503, HTTP 503, HTTP 503, HTTP 503, HTTP 503, HTTP 503, HTTP 503, HTTP 429, HTTP 503, HTTP 503)
#   request 52044 bytes sha256 fbb5eac8368f1390, 16 attempt(s), 59.0 s waited
#   attempt 1 2026-09-24T15:33:46.252592+09:00 http 503 1670.6 ms gen gen_01M391XHX5MQGAEZWSHGWDA2EV then sleep 2.0 s
#   attempt 2 2026-09-24T15:33:49.923337+09:00 http 503 1431.4 ms gen gen_01M391XN7BTY0PN0VRZ3VR3PGA then sleep 2.0 s
#   attempt 3 2026-09-24T15:33:53.354911+09:00 http 503 1441.3 ms gen gen_01M391XRK86KE9GHNZAV8363FT then sleep 2.0 s
#   attempt 4 2026-09-24T15:33:56.796483+09:00 http 503 1368.4 ms gen gen_01M391XW0VGCRX1BSBM8YYYA2H then sleep 2.0 s
#   attempt 5 2026-09-24T15:34:00.165099+09:00 http 503 1460.5 ms gen gen_01M391XZD30Y47T5XK2GVJJJMC then sleep 2.0 s
#   attempt 6 2026-09-24T15:34:03.625827+09:00 http 503 1402.6 ms gen gen_01M391Y2K1XGQNJ2EWQXZKSWSA then sleep 2.0 s
#   attempt 7 2026-09-24T15:34:07.028637+09:00 http 503 1674.4 ms gen gen_01M391Y65H4QKAG6Y8XH94CM35 then sleep 2.0 s
#   attempt 8 2026-09-24T15:34:10.703211+09:00 http 503 1631.7 ms gen gen_01M391Y9QJD3SPTWVEJMKT16BG then sleep 2.0 s
#   attempt 9 2026-09-24T15:34:14.335058+09:00 http 503 1492.5 ms gen gen_01M391YD3DYSAE9EV00MRPYY4S then sleep 2.0 s
#   attempt 10 2026-09-24T15:34:17.825469+09:00 http 503 1593.0 ms gen gen_01M391YGKJ36FN59J5CTE9WXG6 then sleep 2.0 s
#   attempt 11 2026-09-24T15:34:21.418681+09:00 http 503 1496.2 ms gen gen_01M391YM22X8RNA1Y3WB1093G6 then sleep 2.0 s
#   attempt 12 2026-09-24T15:34:24.915100+09:00 http 503 1448.0 ms gen gen_01M391YQDNZR84PYJBBCNGJPET then sleep 2.0 s
#   attempt 13 2026-09-24T15:34:28.363235+09:00 http 429 1026.0 ms gen gen_01M391YTT8VBK3WQZZ0N9H769D retry-after 31.0 s then sleep 31.0 s
#   attempt 14 2026-09-24T15:35:00.387531+09:00 http 503 1344.9 ms gen gen_01M391ZT3CXEMXCRMPB55QEVBJ then sleep 2.0 s
#   attempt 15 2026-09-24T15:35:03.732625+09:00 http 503 1667.0 ms gen gen_01M391ZXHSEZAQGW4W72BSSCM9 then sleep 2.0 s
#   attempt 16 2026-09-24T15:35:07.399840+09:00 http 200 2484.4 ms gen gen_01M392012JD9ZJN9YSE7EHYJP2
2026-09-24T15:35:25.904131+09:00 r1 L9.B      5 200   1695.8   15266    733 0.00000000  (after 4 failed attempt(s): HTTP 503, HTTP 503, HTTP 503, HTTP 503)
#   request 50625 bytes sha256 09419978ae000348, 5 attempt(s), 8.0 s waited
#   attempt 1 2026-09-24T15:35:09.888668+09:00 http 503 1681.1 ms gen gen_01M39203J1NA1ED3GSR394AF8Y then sleep 2.0 s
#   attempt 2 2026-09-24T15:35:13.569971+09:00 http 503 1640.8 ms gen gen_01M392078HRRCY86XFT65SVKSF then sleep 2.0 s
#   attempt 3 2026-09-24T15:35:17.208139+09:00 http 503 1376.3 ms gen gen_01M3920AJWX6RYP02QS0FS8JSP then sleep 2.0 s
#   attempt 4 2026-09-24T15:35:20.584565+09:00 http 503 1623.5 ms gen gen_01M3920DXAPYGYKC7RC6G872JH then sleep 2.0 s
#   attempt 5 2026-09-24T15:35:24.208203+09:00 http 200 1695.8 ms gen gen_01M3920HETDJN294FYHWFBTYZT
2026-09-24T15:36:01.891989+09:00 r1 L10.A.fn:zopfli::lz77::find_longest_match_loop   1 200   1184.5    4810     46 0.00000000  (after 2 failed attempt(s): HTTP 503, HTTP 429)
#   request 13511 bytes sha256 21418183a12c7d35, 3 attempt(s), 33.0 s waited
#   attempt 1 2026-09-24T15:35:25.907271+09:00 http 503 1127.0 ms gen gen_01M3920JYHXP06H40NW9SFV67W then sleep 2.0 s
#   attempt 2 2026-09-24T15:35:29.034429+09:00 http 429 673.9 ms gen gen_01M3920NR7SKTV330RNQ1GWTZH retry-after 31.0 s then sleep 31.0 s
#   attempt 3 2026-09-24T15:36:00.707408+09:00 http 200 1184.5 ms gen gen_01M3921MVJW6G11TTSWGFMRG82
2026-09-24T15:36:03.092106+09:00 r1 L10.A.fn:zopfli::squeeze::lz77_optimal   1 200   1199.7    4138     45 0.00000000
2026-09-24T15:36:07.262488+09:00 r1 L10.A.fn:zopfli::squeeze::get_best_lengths   1 200   1147.0    4996     45 0.00000000  (after 1 failed attempt(s): HTTP 503)
#   request 13494 bytes sha256 cafbbe1b02a21839, 2 attempt(s), 2.0 s waited
#   attempt 1 2026-09-24T15:36:03.092418+09:00 http 503 1022.8 ms gen gen_01M3921Q6A49SR0DP3K6X0Y7V2 then sleep 2.0 s
#   attempt 2 2026-09-24T15:36:06.115390+09:00 http 200 1147.0 ms gen gen_01M3921T3PDVJNP499FQHZNWHP
2026-09-24T15:36:08.475757+09:00 r1 L10.A.fn:zopfli::squeeze::lz77_optimal_run   1 200   1212.0    4130     45 0.00000000
2026-09-24T15:36:12.393988+09:00 r1 L10.A.fn:<zopfli::hash::ZopfliHash>::update   1 200   1053.0    3821     45 0.00000000  (after 1 failed attempt(s): HTTP 503)
#   request 11753 bytes sha256 fc95c1f5af7da823, 2 attempt(s), 2.0 s waited
#   attempt 1 2026-09-24T15:36:08.476177+09:00 http 503 864.6 ms gen gen_01M3921W8WWAX1Q3MJH682F216 then sleep 2.0 s
#   attempt 2 2026-09-24T15:36:11.340913+09:00 http 200 1053.0 ms gen gen_01M3921Z3Y3BBAZRE398Q8MSWE
2026-09-24T15:37:04.353484+09:00 r1 L10.A.fn:zopfli::lz77::find_longest_match   1 200   1410.8    4809     45 0.00000000  (after 2 failed attempt(s): HTTP 429, HTTP 503)
#   request 13453 bytes sha256 6eccca4520ea22e7, 3 attempt(s), 49.0 s waited
#   attempt 1 2026-09-24T15:36:12.394979+09:00 http 429 671.6 ms gen gen_01M392202NWXCX7D946V817WZH retry-after 47.0 s then sleep 47.0 s
#   attempt 2 2026-09-24T15:37:00.063128+09:00 http 503 879.3 ms gen gen_01M3923ENFKZHGH9CX0MYHVSD5 then sleep 2.0 s
#   attempt 3 2026-09-24T15:37:02.942676+09:00 http 200 1410.8 ms gen gen_01M3923HPAC2AMJAW0HY2EK4KS
2026-09-24T15:37:05.725511+09:00 r1 L10.B.zopfli::lz77::find_longest_match_loop@lz77.rs:530:11#d1   1 200   1368.6    4242    154 0.00000000
2026-09-24T15:37:19.011820+09:00 r1 L10.B.zopfli::squeeze::lz77_optimal@squeeze.rs:275:11#d2   1 200   1208.2    4357    154 0.00000000  (after 4 failed attempt(s): HTTP 503, HTTP 503, HTTP 503, HTTP 503)
#   request 13883 bytes sha256 773a98f23eb5dfdb, 5 attempt(s), 8.0 s waited
#   attempt 1 2026-09-24T15:37:05.725854+09:00 http 503 988.3 ms gen gen_01M3923M904RTP9FEAEXX0HT4B then sleep 2.0 s
#   attempt 2 2026-09-24T15:37:08.714347+09:00 http 503 1038.9 ms gen gen_01M3923Q8SGZSZ9JGY40A1F0M3 then sleep 2.0 s
#   attempt 3 2026-09-24T15:37:11.753401+09:00 http 503 1084.5 ms gen gen_01M3923T862CBQYHFE6HV2TZCH then sleep 2.0 s
#   attempt 4 2026-09-24T15:37:14.830792+09:00 http 503 972.6 ms gen gen_01M3923X4TH7NGM9CJNH32DQHT then sleep 2.0 s
#   attempt 5 2026-09-24T15:37:17.803554+09:00 http 200 1208.2 ms gen gen_01M3924065J61MRG0H9F8WPCMY
2026-09-24T15:37:20.362786+09:00 r1 L10.B.zopfli::squeeze::lz77_optimal@squeeze.rs:325:9#d3   1 200   1350.5    4400    154 0.00000000
2026-09-24T15:37:21.846548+09:00 r1 L10.B.zopfli::lz77::find_longest_match_loop@lz77.rs:563:21#d2   1 200   1483.4    4257    154 0.00000000
2026-09-24T15:37:26.512664+09:00 r1 L10.B.<zopfli::hash::ZopfliHash>::update@index.rs:184:12#d1   1 200   1505.1    4214    154 0.00000000  (after 1 failed attempt(s): HTTP 503)
#   request 13835 bytes sha256 126d26b8e0721940, 2 attempt(s), 2.0 s waited
#   attempt 1 2026-09-24T15:37:21.846925+09:00 http 503 1160.0 ms gen gen_01M392446QHKASCBGMHSCB55R2 then sleep 2.0 s
#   attempt 2 2026-09-24T15:37:25.007520+09:00 http 200 1505.1 ms gen gen_01M392478ZB05Q35PSGGVS0CX4
2026-09-24T15:39:31.039690+09:00 r1 L11.A     6 200   2046.4   19249    257 0.00000000  (after 26 failed attempt(s): HTTP 503, HTTP 503, HTTP 503, HTTP 429, HTTP 503, HTTP 503, HTTP 503, HTTP 503, HTTP 503, HTTP 503, HTTP 503, HTTP 503, HTTP 503, HTTP 503, HTTP 503, HTTP 503, HTTP 503, HTTP 429, HTTP 503, HTTP 503, HTTP 503, HTTP 503, HTTP 503, HTTP 503, HTTP 503, HTTP 503)
#   request 54552 bytes sha256 fcb7267cec8e2bcd, 27 attempt(s), 82.0 s waited
#   attempt 1 2026-09-24T15:37:26.515578+09:00 http 503 1567.9 ms gen gen_01M39248W0EV5DFKEAMJX13CQV then sleep 2.0 s
#   attempt 2 2026-09-24T15:37:30.083678+09:00 http 503 1490.7 ms gen gen_01M3924C8NW3PGCWGH9DJSFZJF then sleep 2.0 s
#   attempt 3 2026-09-24T15:37:33.574584+09:00 http 503 1508.3 ms gen gen_01M3924FPG51FMVM518KBWD9PW then sleep 2.0 s
#   attempt 4 2026-09-24T15:37:37.083233+09:00 http 429 1221.0 ms gen gen_01M3924KAAWYTSBAK7MCDHBKSY retry-after 22.0 s then sleep 22.0 s
#   attempt 5 2026-09-24T15:38:00.301885+09:00 http 503 1905.1 ms gen gen_01M3925A267ZCKGZD3F7J5NGT7 then sleep 2.0 s
#   attempt 6 2026-09-24T15:38:04.207062+09:00 http 503 1643.6 ms gen gen_01M3925DPGVVKN64S6TB1Q1N5W then sleep 2.0 s
#   attempt 7 2026-09-24T15:38:07.850910+09:00 http 503 1603.1 ms gen gen_01M3925H9255Z62EBA6FFMGB0V then sleep 2.0 s
#   attempt 8 2026-09-24T15:38:11.454178+09:00 http 503 1338.6 ms gen gen_01M3925MG7BG58CCTTPZM0D6PT then sleep 2.0 s
#   attempt 9 2026-09-24T15:38:14.792030+09:00 http 503 1640.1 ms gen gen_01M3925R3T558CNHAZMW45N0T9 then sleep 2.0 s
#   attempt 10 2026-09-24T15:38:18.432317+09:00 http 503 1565.0 ms gen gen_01M3925VJ0YFXMJ9TBJNK9DVMB then sleep 2.0 s
#   attempt 11 2026-09-24T15:38:21.997558+09:00 http 503 1719.3 ms gen gen_01M3925Z69CN0C2P5TGDA8T0T1 then sleep 2.0 s
#   attempt 12 2026-09-24T15:38:25.717038+09:00 http 503 1408.4 ms gen gen_01M39262TBYE5W83J5PSX6FNPX then sleep 2.0 s
#   attempt 13 2026-09-24T15:38:29.125716+09:00 http 503 1508.7 ms gen gen_01M39265YHY06E88G4W0432RYD then sleep 2.0 s
#   attempt 14 2026-09-24T15:38:32.634623+09:00 http 503 1446.3 ms gen gen_01M39269FN432WVMS8JTHCKZ4E then sleep 2.0 s
#   attempt 15 2026-09-24T15:38:36.081263+09:00 http 503 1738.1 ms gen gen_01M3926CZPAZJHDK14JJK1Q20J then sleep 2.0 s
#   attempt 16 2026-09-24T15:38:39.819500+09:00 http 503 1637.4 ms gen gen_01M3926GGG8VG7RC7E5YAHEZW3 then sleep 2.0 s
#   attempt 17 2026-09-24T15:38:43.457046+09:00 http 503 1633.0 ms gen gen_01M3926M1Y1AJAZ6Q0V9CFN0FH then sleep 2.0 s
#   attempt 18 2026-09-24T15:38:47.088998+09:00 http 429 1188.1 ms gen gen_01M3926QKS0AS3VEBQC9KNBRNE retry-after 12.0 s then sleep 12.0 s
#   attempt 19 2026-09-24T15:39:00.277324+09:00 http 503 1707.0 ms gen gen_01M39274G31CWHCDNW82RZS4T7 then sleep 2.0 s
#   attempt 20 2026-09-24T15:39:03.984527+09:00 http 503 1607.7 ms gen gen_01M392782QNXAW3RTKDHPMNW9G then sleep 2.0 s
#   attempt 21 2026-09-24T15:39:07.592468+09:00 http 503 1549.1 ms gen gen_01M3927BHB3NVP3HCDA69CTJXD then sleep 2.0 s
#   attempt 22 2026-09-24T15:39:11.141799+09:00 http 503 1514.0 ms gen gen_01M3927F0C5DJCCVD2G0B0N550 then sleep 2.0 s
#   attempt 23 2026-09-24T15:39:14.652937+09:00 http 503 1544.7 ms gen gen_01M3927JE95CP66WKX21004N8V then sleep 2.0 s
#   attempt 24 2026-09-24T15:39:18.197807+09:00 http 503 1648.2 ms gen gen_01M3927NZ3CHP6397FRXWH6KX3 then sleep 2.0 s
#   attempt 25 2026-09-24T15:39:21.846141+09:00 http 503 1540.5 ms gen gen_01M3927SG03RVHMZ6WA9F79H17 then sleep 2.0 s
#   attempt 26 2026-09-24T15:39:25.386894+09:00 http 503 1606.1 ms gen gen_01M3927X11WP6FENPQ82JS7GDY then sleep 2.0 s
#   attempt 27 2026-09-24T15:39:28.993245+09:00 http 200 2046.4 ms gen gen_01M39280KPHJ170NKJAY22YBHR
2026-09-24T15:39:43.590540+09:00 r1 L11.B     5 200   1939.8   15506    758 0.00000000  (after 3 failed attempt(s): HTTP 503, HTTP 503, HTTP 503)
#   request 51500 bytes sha256 73936a844a639592, 4 attempt(s), 6.0 s waited
#   attempt 1 2026-09-24T15:39:31.044245+09:00 http 503 1577.2 ms gen gen_01M39282G3Z1XK946JAK70A9Y6 then sleep 2.0 s
#   attempt 2 2026-09-24T15:39:34.621698+09:00 http 503 1540.6 ms gen gen_01M39285YSJBAK0YRJN18XZNJ2 then sleep 2.0 s
#   attempt 3 2026-09-24T15:39:38.162629+09:00 http 503 1487.9 ms gen gen_01M39289BF1XR4D0TGP8B3DS16 then sleep 2.0 s
#   attempt 4 2026-09-24T15:39:41.650706+09:00 http 200 1939.8 ms gen gen_01M3928D055JH8FT75T1Y5V6GJ
2026-09-24T15:39:51.953881+09:00 r1 L12.A     6 200   1651.3   19447    258 0.00000000  (after 2 failed attempt(s): HTTP 503, HTTP 503)
#   request 55464 bytes sha256 208a18e7e16372ce, 3 attempt(s), 4.0 s waited
#   attempt 1 2026-09-24T15:39:43.593551+09:00 http 503 1452.2 ms gen gen_01M3928EN1Y7HS3PHS97KXTEPK then sleep 2.0 s
#   attempt 2 2026-09-24T15:39:47.044458+09:00 http 503 1257.8 ms gen gen_01M3928J2TM4MVV77084X0992V then sleep 2.0 s
#   attempt 3 2026-09-24T15:39:50.302455+09:00 http 200 1651.3 ms gen gen_01M3928N16D1FZ4VQY0A1B1HJX
2026-09-24T15:40:12.955584+09:00 r1 L12.B     5 200   2381.9   15671    758 0.00000000  (after 5 failed attempt(s): HTTP 503, HTTP 503, HTTP 503, HTTP 503, HTTP 503)
#   request 52260 bytes sha256 273a71da1b33ae69, 6 attempt(s), 10.0 s waited
#   attempt 1 2026-09-24T15:39:51.957429+09:00 http 503 1587.3 ms gen gen_01M3928PX21AHX0Y0X8DZN54AE then sleep 2.0 s
#   attempt 2 2026-09-24T15:39:55.544893+09:00 http 503 1660.9 ms gen gen_01M3928TH2DN67QAZ942KN5JVP then sleep 2.0 s
#   attempt 3 2026-09-24T15:39:59.206002+09:00 http 503 2145.6 ms gen gen_01M3928Y4D50B2NPER4BYE0GQH then sleep 2.0 s
#   attempt 4 2026-09-24T15:40:03.351775+09:00 http 503 1444.4 ms gen gen_01M39291XJCV8301C48ECJM8Z2 then sleep 2.0 s
#   attempt 5 2026-09-24T15:40:06.796392+09:00 http 503 1777.0 ms gen gen_01M39295HPK3KZJNJTTDFYZN4M then sleep 2.0 s
#   attempt 6 2026-09-24T15:40:10.573642+09:00 http 200 2381.9 ms gen gen_01M392998XZS5R42YQYS74KRAT
2026-09-24T15:40:14.888149+09:00 r1 L13.A     6 200   1931.3   13059    258 0.00000000
2026-09-24T15:40:23.295411+09:00 r1 L13.B     5 200   1548.0   10525    758 0.00000000  (after 2 failed attempt(s): HTTP 503, HTTP 503)
#   request 38330 bytes sha256 afc0770504193785, 3 attempt(s), 4.0 s waited
#   attempt 1 2026-09-24T15:40:14.891520+09:00 http 503 1469.0 ms gen gen_01M3929DB7YJ41W7HSCKAPCW3Y then sleep 2.0 s
#   attempt 2 2026-09-24T15:40:18.360697+09:00 http 503 1386.4 ms gen gen_01M3929GMX7KAHTW76F1M5BZN6 then sleep 2.0 s
#   attempt 3 2026-09-24T15:40:21.747316+09:00 http 200 1548.0 ms gen gen_01M3929KVGFQC8R7DFT9BQSRD8
2026-09-24T15:41:09.785384+09:00 r2 B0.A      6 200   2282.7   19249    258 0.00000000  (after 12 failed attempt(s): HTTP 503, HTTP 503, HTTP 503, HTTP 503, HTTP 503, HTTP 503, HTTP 503, HTTP 503, HTTP 503, HTTP 503, HTTP 503, HTTP 503)
#   request 54552 bytes sha256 a7739345114ea9d9, 13 attempt(s), 24.0 s waited
#   attempt 1 2026-09-24T15:40:23.298583+09:00 http 503 1757.9 ms gen gen_01M3929NPW235ZGCA04Y72VHJ2 then sleep 2.0 s
#   attempt 2 2026-09-24T15:40:27.056630+09:00 http 503 1693.8 ms gen gen_01M3929S83QE7DTX88E50JKG8W then sleep 2.0 s
#   attempt 3 2026-09-24T15:40:30.750632+09:00 http 503 1758.3 ms gen gen_01M3929WZJNNGMC4SHCETBD7G4 then sleep 2.0 s
#   attempt 4 2026-09-24T15:40:34.509078+09:00 http 503 1702.3 ms gen gen_01M392A0JX30W7SBEXYQ2P62H9 then sleep 2.0 s
#   attempt 5 2026-09-24T15:40:38.211557+09:00 http 503 1885.8 ms gen gen_01M392A47A7BA420BTJW9ZGZG6 then sleep 2.0 s
#   attempt 6 2026-09-24T15:40:42.097499+09:00 http 503 1623.7 ms gen gen_01M392A7XJRMH28VQHNE0K0ZHV then sleep 2.0 s
#   attempt 7 2026-09-24T15:40:45.719523+09:00 http 503 1523.8 ms gen gen_01M392ABBSJ73Z2S9FEDRBE06X then sleep 2.0 s
#   attempt 8 2026-09-24T15:40:49.243465+09:00 http 503 1700.7 ms gen gen_01M392AEZT0RZ4EG399VJ7FDW0 then sleep 2.0 s
#   attempt 9 2026-09-24T15:40:52.944417+09:00 http 503 1500.3 ms gen gen_01M392AJDB1T3QBS8PRT3RS99C then sleep 2.0 s
#   attempt 10 2026-09-24T15:40:56.444953+09:00 http 503 1731.4 ms gen gen_01M392AP1MRD3DT3MYN3WV6NB9 then sleep 2.0 s
#   attempt 11 2026-09-24T15:41:00.176477+09:00 http 503 1592.2 ms gen gen_01M392ASJ19WGWB4FTNGG9V1GA then sleep 2.0 s
#   attempt 12 2026-09-24T15:41:03.768921+09:00 http 503 1733.4 ms gen gen_01M392AX61N1Y7REB637FPGS4H then sleep 2.0 s
#   attempt 13 2026-09-24T15:41:07.502575+09:00 http 200 2282.7 ms gen gen_01M392B0KTR27WBCF54JA0RJF3
2026-09-24T15:41:25.947908+09:00 r2 B0.B      5 200   2247.7   15506    758 0.00000000  (after 4 failed attempt(s): HTTP 503, HTTP 503, HTTP 503, HTTP 503)
#   request 51500 bytes sha256 62d72f83461b52f3, 5 attempt(s), 8.0 s waited
#   attempt 1 2026-09-24T15:41:09.788778+09:00 http 503 1449.1 ms gen gen_01M392B2SMW95R5P8JB6ZB9PQN then sleep 2.0 s
#   attempt 2 2026-09-24T15:41:13.238075+09:00 http 503 1524.7 ms gen gen_01M392B675BS8ZGE69H0FAQR09 then sleep 2.0 s
#   attempt 3 2026-09-24T15:41:16.761145+09:00 http 503 1637.6 ms gen gen_01M392B9T21J6WDHG8RYHTA5NQ then sleep 2.0 s
#   attempt 4 2026-09-24T15:41:20.398887+09:00 http 503 1301.1 ms gen gen_01M392BD8P28VF8WDAS1GBGGZY then sleep 2.0 s
#   attempt 5 2026-09-24T15:41:23.700132+09:00 http 200 2247.7 ms gen gen_01M392BGGWP6R46P09N9HREP57
2026-09-24T15:48:19.058848+09:00 r2 L1.B      5 200   1768.2   19906    758 0.00000000  (after 99 failed attempt(s): HTTP 429, HTTP 503, HTTP 503, HTTP 503, HTTP 503, HTTP 503, HTTP 503, HTTP 503, HTTP 503, HTTP 503, HTTP 503, HTTP 503, HTTP 503, HTTP 503, HTTP 503, HTTP 503, HTTP 503, HTTP 503, HTTP 503, HTTP 503, HTTP 503, HTTP 503, HTTP 503, HTTP 503, HTTP 503, HTTP 503, HTTP 503, HTTP 503, HTTP 503, HTTP 503, HTTP 503, HTTP 503, HTTP 503, HTTP 503, HTTP 503, HTTP 503, HTTP 503, HTTP 503, HTTP 503, HTTP 503, HTTP 503, HTTP 503, HTTP 503, HTTP 503, HTTP 503, HTTP 429, HTTP 503, HTTP 503, HTTP 503, HTTP 503, HTTP 503, HTTP 503, HTTP 503, HTTP 503, HTTP 503, HTTP 503, HTTP 503, HTTP 503, HTTP 503, HTTP 503, HTTP 503, HTTP 503, HTTP 503, HTTP 503, HTTP 503, HTTP 503, HTTP 503, HTTP 503, HTTP 503, HTTP 503, HTTP 503, HTTP 503, HTTP 503, HTTP 503, HTTP 503, HTTP 503, HTTP 503, HTTP 503, HTTP 503, HTTP 503, HTTP 503, HTTP 503, HTTP 503, HTTP 503, HTTP 503, HTTP 503, HTTP 503, HTTP 503, HTTP 503, HTTP 503, HTTP 503, HTTP 503, HTTP 503, HTTP 503, HTTP 503, HTTP 503, HTTP 503, HTTP 503, HTTP 503)
#   request 72275 bytes sha256 b1c7cf9a791b4f99, 100 attempt(s), 244.0 s waited
#   attempt 1 2026-09-24T15:41:25.951468+09:00 http 429 1279.4 ms gen gen_01M392BJVG4RJJ6F7EKEAT6XZT retry-after 33.0 s then sleep 33.0 s
#   attempt 2 2026-09-24T15:42:00.229831+09:00 http 503 1626.6 ms gen gen_01M392CMBYHPJY14GREKMWQERW then sleep 2.0 s
#   attempt 3 2026-09-24T15:42:03.856648+09:00 http 503 1846.9 ms gen gen_01M392CQNXF39THZBK94BEXZBT then sleep 2.0 s
#   attempt 4 2026-09-24T15:42:07.703762+09:00 http 503 2314.8 ms gen gen_01M392CVF7QZY8SDBHW5TH4M2N then sleep 2.0 s
#   attempt 5 2026-09-24T15:42:12.018757+09:00 http 503 1705.0 ms gen gen_01M392CZV4AA902ZW3CB3MNVB5 then sleep 2.0 s
#   attempt 6 2026-09-24T15:42:15.721633+09:00 http 503 1585.6 ms gen gen_01M392D3BENV3S1QBEBTGV2C6Z then sleep 2.0 s
#   attempt 7 2026-09-24T15:42:19.307404+09:00 http 503 1696.4 ms gen gen_01M392D6Y1PCCCF02TRFAVSDG4 then sleep 2.0 s
#   attempt 8 2026-09-24T15:42:23.003986+09:00 http 503 1411.3 ms gen gen_01M392DAD9050B36C6MBQGYJF7 then sleep 2.0 s
#   attempt 9 2026-09-24T15:42:26.415492+09:00 http 503 1895.6 ms gen gen_01M392DDS4ESY4GXQNXNV9PBHJ then sleep 2.0 s
#   attempt 10 2026-09-24T15:42:30.311302+09:00 http 503 1542.8 ms gen gen_01M392DHHD8F84AGA15JS7GSVE then sleep 2.0 s
#   attempt 11 2026-09-24T15:42:33.854281+09:00 http 503 1448.7 ms gen gen_01M392DMWNDEGE2FC8W2J8GJ2V then sleep 2.0 s
#   attempt 12 2026-09-24T15:42:37.303164+09:00 http 503 1749.7 ms gen gen_01M392DRHWG2VWQE8V3DHHTBR6 then sleep 2.0 s
#   attempt 13 2026-09-24T15:42:41.053090+09:00 http 503 1595.7 ms gen gen_01M392DW1JH384CSKJXWPBQQ10 then sleep 2.0 s
#   attempt 14 2026-09-24T15:42:44.647897+09:00 http 503 1441.9 ms gen gen_01M392DZJ5KVHASVFVPS5YTS6V then sleep 2.0 s
#   attempt 15 2026-09-24T15:42:48.090040+09:00 http 503 1490.0 ms gen gen_01M392E31QZ9M1YW2T28B7G6BX then sleep 2.0 s
#   attempt 16 2026-09-24T15:42:51.580239+09:00 http 503 1535.8 ms gen gen_01M392E696NDC3JMMRX128VRDS then sleep 2.0 s
#   attempt 17 2026-09-24T15:42:55.116233+09:00 http 503 1381.0 ms gen gen_01M392E9VM48EJQ57E9TS75C3N then sleep 2.0 s
#   attempt 18 2026-09-24T15:42:58.497431+09:00 http 503 1796.8 ms gen gen_01M392ED8XCPX3P7992HSGFN89 then sleep 2.0 s
#   attempt 19 2026-09-24T15:43:02.294445+09:00 http 503 1402.1 ms gen gen_01M392EGQTTZ2MDSR8F2FH85QF then sleep 2.0 s
#   attempt 20 2026-09-24T15:43:05.696721+09:00 http 503 1614.1 ms gen gen_01M392EM51Y7K2WV7SAAK8VQK3 then sleep 2.0 s
#   attempt 21 2026-09-24T15:43:09.310999+09:00 http 503 1826.3 ms gen gen_01M392EQQYXX930FT28BKBG4CX then sleep 2.0 s
#   attempt 22 2026-09-24T15:43:13.137483+09:00 http 503 1599.9 ms gen gen_01M392EVDTRVVT7XG5Y2TPWRQK then sleep 2.0 s
#   attempt 23 2026-09-24T15:43:16.735436+09:00 http 503 1584.0 ms gen gen_01M392EYY3E8AF5WPRDT1TQ5GK then sleep 2.0 s
#   attempt 24 2026-09-24T15:43:20.319666+09:00 http 503 1809.3 ms gen gen_01M392F2JT8WRXCEHS2KA857Z1 then sleep 2.0 s
#   attempt 25 2026-09-24T15:43:24.129205+09:00 http 503 1690.5 ms gen gen_01M392F66Y6AXQ0N3G87RK9JKY then sleep 2.0 s
#   attempt 26 2026-09-24T15:43:27.819890+09:00 http 503 1302.8 ms gen gen_01M392F9HQ5JHVKBYVX1YC6C81 then sleep 2.0 s
#   attempt 27 2026-09-24T15:43:31.122846+09:00 http 503 1589.9 ms gen gen_01M392FD3EKA31ZKTMXEDWV500 then sleep 2.0 s
#   attempt 28 2026-09-24T15:43:34.712910+09:00 http 503 2631.9 ms gen gen_01M392FHGAQ4604W0T07S39FTS then sleep 2.0 s
#   attempt 29 2026-09-24T15:43:39.344970+09:00 http 503 1592.0 ms gen gen_01M392FN0HDE6BH6EKGTBZB83E then sleep 2.0 s
#   attempt 30 2026-09-24T15:43:42.937144+09:00 http 503 1707.9 ms gen gen_01M392FRMAKRJ7SY48CHZH1V6P then sleep 2.0 s
#   attempt 31 2026-09-24T15:43:46.643490+09:00 http 503 1830.3 ms gen gen_01M392FWA0ENCEQSK0YM62YFQP then sleep 2.0 s
#   attempt 32 2026-09-24T15:43:50.474018+09:00 http 503 1824.3 ms gen gen_01M392G00C669ET595ZGEXWEVQ then sleep 2.0 s
#   attempt 33 2026-09-24T15:43:54.298743+09:00 http 503 1468.0 ms gen gen_01M392G3EP0KNE0VHF92SMNTEA then sleep 2.0 s
#   attempt 34 2026-09-24T15:43:57.766959+09:00 http 503 1760.2 ms gen gen_01M392G75R0ZE9087GCA1AP77N then sleep 2.0 s
#   attempt 35 2026-09-24T15:44:01.527314+09:00 http 503 1734.1 ms gen gen_01M392GASPCV44CTAW4MG712B6 then sleep 2.0 s
#   attempt 36 2026-09-24T15:44:05.261591+09:00 http 503 1510.5 ms gen gen_01M392GE76F6MX3BC4F19NF0K1 then sleep 2.0 s
#   attempt 37 2026-09-24T15:44:08.772358+09:00 http 503 1516.7 ms gen gen_01M392GHNV3K6N20PKXM9CF7DF then sleep 2.0 s
#   attempt 38 2026-09-24T15:44:12.289281+09:00 http 503 1948.9 ms gen gen_01M392GN4EVTP8FR7CP5GXY9DD then sleep 2.0 s
#   attempt 39 2026-09-24T15:44:16.236639+09:00 http 503 1516.7 ms gen gen_01M392GRYXXH8RNJXHMK3VPGGV then sleep 2.0 s
#   attempt 40 2026-09-24T15:44:19.753452+09:00 http 503 1792.1 ms gen gen_01M392GWKW7VAX63Y2HMSFDPKD then sleep 2.0 s
#   attempt 41 2026-09-24T15:44:23.545778+09:00 http 503 2126.9 ms gen gen_01M392H0B3KN58KQEMPCYV7100 then sleep 2.0 s
#   attempt 42 2026-09-24T15:44:27.672823+09:00 http 503 1535.1 ms gen gen_01M392H44TX9BWE0X9RXG3M2DF then sleep 2.0 s
#   attempt 43 2026-09-24T15:44:31.208210+09:00 http 503 1847.8 ms gen gen_01M392H7VKV4QFRWN00B9BNFEK then sleep 2.0 s
#   attempt 44 2026-09-24T15:44:35.056223+09:00 http 503 1676.7 ms gen gen_01M392HBFPQ8ZQQ3RVJVTS4AJK then sleep 2.0 s
#   attempt 45 2026-09-24T15:44:38.733111+09:00 http 503 1749.7 ms gen gen_01M392HF36ATMCR5YSXRJM19YP then sleep 2.0 s
#   attempt 46 2026-09-24T15:44:42.483002+09:00 http 429 1135.7 ms gen gen_01M392HJNC8MZ12D2T97HJCCJG retry-after 17.0 s then sleep 17.0 s
#   attempt 47 2026-09-24T15:45:00.617539+09:00 http 503 1746.0 ms gen gen_01M392J4EM3R5QB41552ECVADB then sleep 2.0 s
#   attempt 48 2026-09-24T15:45:04.363706+09:00 http 503 2004.3 ms gen gen_01M392J8D3YN4SQZGBBAFEE3SD then sleep 2.0 s
#   attempt 49 2026-09-24T15:45:08.368206+09:00 http 503 1606.6 ms gen gen_01M392JBYXMHMDXA3AF6YECXJJ then sleep 2.0 s
#   attempt 50 2026-09-24T15:45:11.975029+09:00 http 503 2405.6 ms gen gen_01M392JG5JTVM7N6ERRCV40SPD then sleep 2.0 s
#   attempt 51 2026-09-24T15:45:16.377539+09:00 http 503 1788.2 ms gen gen_01M392JKYZDXG53C6D0CH0FAJY then sleep 2.0 s
#   attempt 52 2026-09-24T15:45:20.165936+09:00 http 503 1526.7 ms gen gen_01M392JQBVZJTTT5EKWA8TPPFM then sleep 2.0 s
#   attempt 53 2026-09-24T15:45:23.692866+09:00 http 503 1536.5 ms gen gen_01M392JTVBH00AJX1FHTJW48WN then sleep 2.0 s
#   attempt 54 2026-09-24T15:45:27.229492+09:00 http 503 1540.5 ms gen gen_01M392JY9DW3B11CJE2125K1RD then sleep 2.0 s
#   attempt 55 2026-09-24T15:45:30.770189+09:00 http 503 1708.7 ms gen gen_01M392K1XK5GJXFQ0PK61GC6JV then sleep 2.0 s
#   attempt 56 2026-09-24T15:45:34.479117+09:00 http 503 1622.3 ms gen gen_01M392K5E82WV2KAMDTK7PXSBH then sleep 2.0 s
#   attempt 57 2026-09-24T15:45:38.101603+09:00 http 503 1736.7 ms gen gen_01M392K93B5K8YTC19DAH14SZV then sleep 2.0 s
#   attempt 58 2026-09-24T15:45:41.838502+09:00 http 503 2346.1 ms gen gen_01M392KD6FT6NDJSS9GVY33Z10 then sleep 2.0 s
#   attempt 59 2026-09-24T15:45:46.184759+09:00 http 503 1614.0 ms gen gen_01M392KGX0FQMVFJAN9402QN6K then sleep 2.0 s
#   attempt 60 2026-09-24T15:45:49.798898+09:00 http 503 1704.2 ms gen gen_01M392KMFY9MW4CS42ZR2W1HTH then sleep 2.0 s
#   attempt 61 2026-09-24T15:45:53.503230+09:00 http 503 1724.3 ms gen gen_01M392KR2GS11PKB6P9KGXXATJ then sleep 2.0 s
#   attempt 62 2026-09-24T15:45:57.227726+09:00 http 503 1608.5 ms gen gen_01M392KVM14X2ZWT5AJNJY9JDF then sleep 2.0 s
#   attempt 63 2026-09-24T15:46:00.836434+09:00 http 503 1633.1 ms gen gen_01M392KZ7GKGKZC42J7QBC0QJM then sleep 2.0 s
#   attempt 64 2026-09-24T15:46:04.469749+09:00 http 503 1540.9 ms gen gen_01M392M2SDV17PM484FA1T47XX then sleep 2.0 s
#   attempt 65 2026-09-24T15:46:08.010896+09:00 http 503 1780.1 ms gen gen_01M392M6AXT1DTAR3CPV1CZF1H then sleep 2.0 s
#   attempt 66 2026-09-24T15:46:11.791186+09:00 http 503 1549.9 ms gen gen_01M392M9VC25SD077FJ1A97RZM then sleep 2.0 s
#   attempt 67 2026-09-24T15:46:15.339105+09:00 http 503 1890.0 ms gen gen_01M392MDEMQWWQ604QTG5GPWDD then sleep 2.0 s
#   attempt 68 2026-09-24T15:46:19.229375+09:00 http 503 1740.3 ms gen gen_01M392MH8SBYY6Y3H9X7CNV6F0 then sleep 2.0 s
#   attempt 69 2026-09-24T15:46:22.969852+09:00 http 503 1455.3 ms gen gen_01M392MMSKXSDVBAFPDM2JZA9J then sleep 2.0 s
#   attempt 70 2026-09-24T15:46:26.425371+09:00 http 503 1556.5 ms gen gen_01M392MR3KSY2RDY9DVXZF1WX1 then sleep 2.0 s
#   attempt 71 2026-09-24T15:46:29.982044+09:00 http 503 1597.2 ms gen gen_01M392MVKTYMWR2W0Q5M6T6S6Y then sleep 2.0 s
#   attempt 72 2026-09-24T15:46:33.579364+09:00 http 503 1688.1 ms gen gen_01M392MZ7DCF88NN15GQX1J6P8 then sleep 2.0 s
#   attempt 73 2026-09-24T15:46:37.267639+09:00 http 503 1737.7 ms gen gen_01M392N2WK84MWGTEF35VGEZ1A then sleep 2.0 s
#   attempt 74 2026-09-24T15:46:41.005581+09:00 http 503 1920.6 ms gen gen_01M392N6KATC2WGZAC5BPTND9G then sleep 2.0 s
#   attempt 75 2026-09-24T15:46:44.924912+09:00 http 503 1774.0 ms gen gen_01M392NAD0CFDJR2XR4G0XT2CR then sleep 2.0 s
#   attempt 76 2026-09-24T15:46:48.699104+09:00 http 503 1683.3 ms gen gen_01M392NE0MT2KRS83WT63J8JK4 then sleep 2.0 s
#   attempt 77 2026-09-24T15:46:52.382599+09:00 http 503 1444.0 ms gen gen_01M392NHFHM98JD024FWM7AFY9 then sleep 2.0 s
#   attempt 78 2026-09-24T15:46:55.826721+09:00 http 503 1436.0 ms gen gen_01M392NMQ80C12HBMESZBJTRBW then sleep 2.0 s
#   attempt 79 2026-09-24T15:46:59.262885+09:00 http 503 1710.5 ms gen gen_01M392NRACAVC5EQS0PMNBV35K then sleep 2.0 s
#   attempt 80 2026-09-24T15:47:02.973585+09:00 http 503 2165.2 ms gen gen_01M392NW0M7PCN6XM26FRS942K then sleep 2.0 s
#   attempt 81 2026-09-24T15:47:07.138990+09:00 http 503 1688.1 ms gen gen_01M392P005WMY1N9C6VY7KMDN1 then sleep 2.0 s
#   attempt 82 2026-09-24T15:47:10.827248+09:00 http 503 1735.9 ms gen gen_01M392P3N9P31XF1BWFPGT1SPW then sleep 2.0 s
#   attempt 83 2026-09-24T15:47:14.563357+09:00 http 503 1815.2 ms gen gen_01M392P7AH2WPQ52E1476KAMZK then sleep 2.0 s
#   attempt 84 2026-09-24T15:47:18.373482+09:00 http 503 1996.4 ms gen gen_01M392PB2T8XA3X5M7FJ1YFF35 then sleep 2.0 s
#   attempt 85 2026-09-24T15:47:22.370026+09:00 http 503 1762.6 ms gen gen_01M392PEYBXBW597WCYP56VP3E then sleep 2.0 s
#   attempt 86 2026-09-24T15:47:26.132774+09:00 http 503 1749.9 ms gen gen_01M392PJMK5TQA13RW6NGWH68V then sleep 2.0 s
#   attempt 87 2026-09-24T15:47:29.882879+09:00 http 503 1933.1 ms gen gen_01M392PPFB37WH47BNB2CE1N1G then sleep 2.0 s
#   attempt 88 2026-09-24T15:47:33.816099+09:00 http 503 1542.4 ms gen gen_01M392PSX4EG9YCQAQHCTAQK8M then sleep 2.0 s
#   attempt 89 2026-09-24T15:47:37.358752+09:00 http 503 1721.1 ms gen gen_01M392PXJMNA9ABRWTG02QY5TG then sleep 2.0 s
#   attempt 90 2026-09-24T15:47:41.080024+09:00 http 503 1579.1 ms gen gen_01M392Q11BEMBMGABD3JTHQX5N then sleep 2.0 s
#   attempt 91 2026-09-24T15:47:44.661347+09:00 http 503 1589.9 ms gen gen_01M392Q4H7CMKNNPEYE53TSBKC then sleep 2.0 s
#   attempt 92 2026-09-24T15:47:48.251386+09:00 http 503 1563.0 ms gen gen_01M392Q80690VAF3793YZJSKJ5 then sleep 2.0 s
#   attempt 93 2026-09-24T15:47:51.814575+09:00 http 503 1548.9 ms gen gen_01M392QBG6VB3MTCHSV5F44187 then sleep 2.0 s
#   attempt 94 2026-09-24T15:47:55.363628+09:00 http 503 1718.3 ms gen gen_01M392QF5DYGNDQABHJ6BTP5T0 then sleep 2.0 s
#   attempt 95 2026-09-24T15:47:59.082067+09:00 http 503 1655.7 ms gen gen_01M392QJT72MD6XNC3T85862BT then sleep 2.0 s
#   attempt 96 2026-09-24T15:48:02.738000+09:00 http 503 1690.8 ms gen gen_01M392QPAE4C09CXRTB4R4VD9N then sleep 2.0 s
#   attempt 97 2026-09-24T15:48:06.428983+09:00 http 503 1588.2 ms gen gen_01M392QSYC9F5D63XREQNGRBJ5 then sleep 2.0 s
#   attempt 98 2026-09-24T15:48:10.017379+09:00 http 503 1596.8 ms gen gen_01M392QXAK1NHEYXD3HRQRKZRB then sleep 2.0 s
#   attempt 99 2026-09-24T15:48:13.614330+09:00 http 503 1678.0 ms gen gen_01M392R0YFKM3B0EZ7N5VE0433 then sleep 2.0 s
#   attempt 100 2026-09-24T15:48:17.290535+09:00 http 200 1768.2 ms gen gen_01M392R4B20TB76HPTRMHGVNXP
2026-09-24T15:49:27.928926+09:00 r2 L2.B      5 200   2044.1   13660    758 0.00000000  (after 9 failed attempt(s): HTTP 503, HTTP 429, HTTP 503, HTTP 503, HTTP 503, HTTP 503, HTTP 503, HTTP 503, HTTP 503)
#   request 44142 bytes sha256 a6b3e917dc8b50fd, 10 attempt(s), 52.0 s waited
#   attempt 1 2026-09-24T15:48:19.066125+09:00 http 503 1659.3 ms gen gen_01M392R6293H9T6EBX3RDZ7GRK then sleep 2.0 s
#   attempt 2 2026-09-24T15:48:22.725560+09:00 http 429 1185.0 ms gen gen_01M392R9SPEZFEN00KPPDDZYK6 retry-after 36.0 s then sleep 36.0 s
#   attempt 3 2026-09-24T15:48:59.909341+09:00 http 503 1473.0 ms gen gen_01M392SE235GTPCC3QSF395EYG then sleep 2.0 s
#   attempt 4 2026-09-24T15:49:03.382556+09:00 http 503 1831.4 ms gen gen_01M392SHNK0GPF9RRCV78S6XCS then sleep 2.0 s
#   attempt 5 2026-09-24T15:49:07.214102+09:00 http 503 1925.2 ms gen gen_01M392SNFQ0W7KA86BE48DGAV2 then sleep 2.0 s
#   attempt 6 2026-09-24T15:49:11.139471+09:00 http 503 1807.4 ms gen gen_01M392SS6NHGABSDQEYK92G0GQ then sleep 2.0 s
#   attempt 7 2026-09-24T15:49:14.945379+09:00 http 503 1716.5 ms gen gen_01M392SWTQK7F0QQXZR3EPYHE7 then sleep 2.0 s
#   attempt 8 2026-09-24T15:49:18.662087+09:00 http 503 1456.7 ms gen gen_01M392T06GS37CE0S35SPMB24Q then sleep 2.0 s
#   attempt 9 2026-09-24T15:49:22.119021+09:00 http 503 1765.5 ms gen gen_01M392T3W7XST147FGM28847NF then sleep 2.0 s
#   attempt 10 2026-09-24T15:49:25.884743+09:00 http 200 2044.1 ms gen gen_01M392T7E8X0007N41KGVV85AD
2026-09-24T15:49:47.885218+09:00 r2 L3.B      5 200   1564.0   15506    758 0.00000000  (after 5 failed attempt(s): HTTP 503, HTTP 503, HTTP 503, HTTP 503, HTTP 503)
#   request 51500 bytes sha256 62d72f83461b52f3, 6 attempt(s), 10.0 s waited
#   attempt 1 2026-09-24T15:49:27.933906+09:00 http 503 1747.8 ms gen gen_01M392T9HMCM31P9KJCDB090NF then sleep 2.0 s
#   attempt 2 2026-09-24T15:49:31.681901+09:00 http 503 1724.6 ms gen gen_01M392TD4SE2CYDVW8GXS6E0ZX then sleep 2.0 s
#   attempt 3 2026-09-24T15:49:35.406726+09:00 http 503 1631.1 ms gen gen_01M392TGRS10RN7GRGVFN0NQWN then sleep 2.0 s
#   attempt 4 2026-09-24T15:49:39.038171+09:00 http 503 1665.2 ms gen gen_01M392TMA8YV9Q9SVDERERAS6H then sleep 2.0 s
#   attempt 5 2026-09-24T15:49:42.703624+09:00 http 503 1618.5 ms gen gen_01M392TQVAVN6BZB87W7SWD689 then sleep 2.0 s
#   attempt 6 2026-09-24T15:49:46.321142+09:00 http 200 1564.0 ms gen gen_01M392TVBTYMYBR585MHH121J8
2026-09-24T15:51:15.949256+09:00 r2 L4.B      5 200   1785.8   15504    758 0.00000000  (after 8 failed attempt(s): HTTP 429, HTTP 503, HTTP 503, HTTP 429, HTTP 503, HTTP 503, HTTP 503, HTTP 503)
#   request 51507 bytes sha256 0a5b2e0ad1a05fd8, 9 attempt(s), 74.0 s waited
#   attempt 1 2026-09-24T15:49:47.889608+09:00 http 429 1138.9 ms gen gen_01M392TWX6J9AAV2DSTVYXAHYE retry-after 11.0 s then sleep 11.0 s
#   attempt 2 2026-09-24T15:50:00.028748+09:00 http 503 1745.6 ms gen gen_01M392V8X34W4C46R9QB2WQAM0 then sleep 2.0 s
#   attempt 3 2026-09-24T15:50:03.774558+09:00 http 503 1760.2 ms gen gen_01M392VCGD51MA31SW7AGWP46C then sleep 2.0 s
#   attempt 4 2026-09-24T15:50:07.534947+09:00 http 429 1468.0 ms gen gen_01M392VGBV40AZ0FG3XWSBNPXD retry-after 51.0 s then sleep 51.0 s
#   attempt 5 2026-09-24T15:50:59.999888+09:00 http 503 1516.6 ms gen gen_01M392X38KTHP8JZASB57J89AN then sleep 2.0 s
#   attempt 6 2026-09-24T15:51:03.516668+09:00 http 503 1697.2 ms gen gen_01M392X6VA709MC165Z5B1SC22 then sleep 2.0 s
#   attempt 7 2026-09-24T15:51:07.213990+09:00 http 503 1696.9 ms gen gen_01M392XAEB0B8YENK22XPP2QYS then sleep 2.0 s
#   attempt 8 2026-09-24T15:51:10.911069+09:00 http 503 1254.6 ms gen gen_01M392XDT36GKZT7N09GJFGW0P then sleep 2.0 s
#   attempt 9 2026-09-24T15:51:14.165854+09:00 http 200 1785.8 ms gen gen_01M392XH5AXQMWTH8SV4YPH3Y7
2026-09-24T15:51:21.719234+09:00 r2 L5.B      5 200   2161.9   16244    758 0.00000000  (after 1 failed attempt(s): HTTP 503)
#   request 53889 bytes sha256 5bb1204d5dd7063b, 2 attempt(s), 2.0 s waited
#   attempt 1 2026-09-24T15:51:15.955301+09:00 http 503 1601.6 ms gen gen_01M392XJY2KTMXWPJ82C7MZPR8 then sleep 2.0 s
#   attempt 2 2026-09-24T15:51:19.557154+09:00 http 200 2161.9 ms gen gen_01M392XPJZ3V5Q1RVCJYW18P43
2026-09-24T15:51:49.024934+09:00 r2 L6.A      6 200   2016.3   20022    258 0.00000000  (after 7 failed attempt(s): HTTP 503, HTTP 503, HTTP 503, HTTP 503, HTTP 503, HTTP 503, HTTP 503)
#   request 56883 bytes sha256 fc6c13349dd80b5e, 8 attempt(s), 14.0 s waited
#   attempt 1 2026-09-24T15:51:21.722275+09:00 http 503 1773.0 ms gen gen_01M392XRQRYWFWP4KWXCQSBCJC then sleep 2.0 s
#   attempt 2 2026-09-24T15:51:25.495456+09:00 http 503 1802.7 ms gen gen_01M392XWDQWJP02RDEQGJY78KB then sleep 2.0 s
#   attempt 3 2026-09-24T15:51:29.298372+09:00 http 503 1405.8 ms gen gen_01M392XZSQ5JDM43H4JSQSGGZV then sleep 2.0 s
#   attempt 4 2026-09-24T15:51:32.704348+09:00 http 503 1490.7 ms gen gen_01M392Y39VK8DQ2R5MGW0YQR42 then sleep 2.0 s
#   attempt 5 2026-09-24T15:51:36.195341+09:00 http 503 1529.8 ms gen gen_01M392Y6KX3PNYX3E7Q0MPVGHM then sleep 2.0 s
#   attempt 6 2026-09-24T15:51:39.725321+09:00 http 503 1635.3 ms gen gen_01M392YA59Z0JNSX7BQMNF9QW2 then sleep 2.0 s
#   attempt 7 2026-09-24T15:51:43.360797+09:00 http 503 1647.9 ms gen gen_01M392YDQ377JZT0HC0S7RNBWJ then sleep 2.0 s
#   attempt 8 2026-09-24T15:51:47.008604+09:00 http 200 2016.3 ms gen gen_01M392YHCQYRYYN2K4PKKSBQCV
2026-09-24T15:53:09.377466+09:00 r2 L6.B      5 200   2049.9   15912    758 0.00000000  (after 10 failed attempt(s): HTTP 503, HTTP 503, HTTP 503, HTTP 503, HTTP 503, HTTP 503, HTTP 503, HTTP 429, HTTP 503, HTTP 503)
#   request 53274 bytes sha256 abb8d669c428f5f4, 11 attempt(s), 62.0 s waited
#   attempt 1 2026-09-24T15:51:49.029429+09:00 http 503 1787.9 ms gen gen_01M392YKC3W0W73C9CM1PK1SXH then sleep 2.0 s
#   attempt 2 2026-09-24T15:51:52.817515+09:00 http 503 1803.6 ms gen gen_01M392YQ3JVFKFSNETVM7233D6 then sleep 2.0 s
#   attempt 3 2026-09-24T15:51:56.621274+09:00 http 503 1790.6 ms gen gen_01M392YTS620MC3WJQADAJ7VD4 then sleep 2.0 s
#   attempt 4 2026-09-24T15:52:00.412071+09:00 http 503 1702.7 ms gen gen_01M392YYDBWJTDPRYQ2SH8T7XY then sleep 2.0 s
#   attempt 5 2026-09-24T15:52:04.114938+09:00 http 503 1714.7 ms gen gen_01M392Z22AME2V24YZ3DJ9X4R6 then sleep 2.0 s
#   attempt 6 2026-09-24T15:52:07.829840+09:00 http 503 1522.1 ms gen gen_01M392Z5GCZV66X0C0DCAEH93B then sleep 2.0 s
#   attempt 7 2026-09-24T15:52:11.352139+09:00 http 503 1499.8 ms gen gen_01M392Z8XFX71TKMCNJPNFS3CK then sleep 2.0 s
#   attempt 8 2026-09-24T15:52:14.850226+09:00 http 429 1330.5 ms gen gen_01M392ZCJGQ641E2MV5HPM5VJF retry-after 44.0 s then sleep 44.0 s
#   attempt 9 2026-09-24T15:53:00.179389+09:00 http 503 1623.7 ms gen gen_01M3930RQFYVK4FP61MEF9WAS3 then sleep 2.0 s
#   attempt 10 2026-09-24T15:53:03.803245+09:00 http 503 1524.0 ms gen gen_01M3930W59XNH6PK71HSG389J2 then sleep 2.0 s
#   attempt 11 2026-09-24T15:53:07.327443+09:00 http 200 2049.9 ms gen gen_01M3930ZVYDR0M1XJ3YT20A9R6
2026-09-24T15:53:14.933786+09:00 r2 L7.A.c0   9 200   1936.6   20553    148 0.00000000  (after 1 failed attempt(s): HTTP 503)
#   request 58610 bytes sha256 59e2e861cfe6855d, 2 attempt(s), 2.0 s waited
#   attempt 1 2026-09-24T15:53:09.381281+09:00 http 503 1617.2 ms gen gen_01M39311PPRVWXAWC6KYNGDVGV then sleep 2.0 s
#   attempt 2 2026-09-24T15:53:12.998761+09:00 http 200 1936.6 ms gen gen_01M393156HV8FEG8WBFBY0WMNY
2026-09-24T15:53:21.075354+09:00 r2 L7.A.c1   9 200   2496.5   20364    148 0.00000000  (after 1 failed attempt(s): HTTP 503)
#   request 58121 bytes sha256 d771f0ed167b895f, 2 attempt(s), 2.0 s waited
#   attempt 1 2026-09-24T15:53:14.934459+09:00 http 503 1644.1 ms gen gen_01M393178H0S0ECD278CTQ2702 then sleep 2.0 s
#   attempt 2 2026-09-24T15:53:18.578720+09:00 http 200 2496.5 ms gen gen_01M3931AQ3T5R6F1XW1QFJHFHV
2026-09-24T15:53:37.595672+09:00 r2 L7.B.c0  12 200   1878.0   17252    198 0.00000000  (after 4 failed attempt(s): HTTP 503, HTTP 503, HTTP 503, HTTP 503)
#   request 59201 bytes sha256 0b2ac7a92cd87af6, 5 attempt(s), 8.0 s waited
#   attempt 1 2026-09-24T15:53:21.079378+09:00 http 503 1454.9 ms gen gen_01M3931CYPKMKGHZJGWHN38R9T then sleep 2.0 s
#   attempt 2 2026-09-24T15:53:24.534514+09:00 http 503 1722.8 ms gen gen_01M3931GJ2WZXKC8WJXCNN7TDM then sleep 2.0 s
#   attempt 3 2026-09-24T15:53:28.257495+09:00 http 503 1709.4 ms gen gen_01M3931M1QG786097MQS44V12J then sleep 2.0 s
#   attempt 4 2026-09-24T15:53:31.967086+09:00 http 503 1750.0 ms gen gen_01M3931R0875AFM0Y93T8EZ98Y then sleep 2.0 s
#   attempt 5 2026-09-24T15:53:35.717577+09:00 http 200 1878.0 ms gen gen_01M3931VFVK475QJPFJJXPE2QF
2026-09-24T15:55:20.398889+09:00 r2 L7.B.c1  11 200   1739.0   17159    181 0.00000000  (after 15 failed attempt(s): HTTP 429, HTTP 503, HTTP 503, HTTP 503, HTTP 503, HTTP 503, HTTP 503, HTTP 503, HTTP 503, HTTP 429, HTTP 503, HTTP 503, HTTP 503, HTTP 503, HTTP 503)
#   request 58658 bytes sha256 bae4270b619cf1b8, 16 attempt(s), 78.0 s waited
#   attempt 1 2026-09-24T15:53:37.596262+09:00 http 429 972.7 ms gen gen_01M3931X35JQBDW4CT9HV0EDFK retry-after 22.0 s then sleep 22.0 s
#   attempt 2 2026-09-24T15:54:00.567707+09:00 http 503 1670.4 ms gen gen_01M3932KR3CZEMEV8B7S11C2FH then sleep 2.0 s
#   attempt 3 2026-09-24T15:54:04.238287+09:00 http 503 1570.7 ms gen gen_01M3932Q7JQP2DMV3679CN0217 then sleep 2.0 s
#   attempt 4 2026-09-24T15:54:07.809190+09:00 http 503 1377.1 ms gen gen_01M3932TNYBNHGCHKFG0S3TXSN then sleep 2.0 s
#   attempt 5 2026-09-24T15:54:11.186503+09:00 http 503 1744.9 ms gen gen_01M3932Y59MEJVMPXEVP6FG2DS then sleep 2.0 s
#   attempt 6 2026-09-24T15:54:14.929964+09:00 http 503 1635.4 ms gen gen_01M39331Q4Q4YFVPWZD3KK9JYG then sleep 2.0 s
#   attempt 7 2026-09-24T15:54:18.565602+09:00 http 503 1588.2 ms gen gen_01M393358EN6SFJQQWCA4Y7E1H then sleep 2.0 s
#   attempt 8 2026-09-24T15:54:22.153961+09:00 http 503 1657.8 ms gen gen_01M39338T0S8T414AAQWC7MNJB then sleep 2.0 s
#   attempt 9 2026-09-24T15:54:25.811951+09:00 http 503 1650.5 ms gen gen_01M3933CC8VXDSPA32NSA2R0EA then sleep 2.0 s
#   attempt 10 2026-09-24T15:54:29.462657+09:00 http 429 1224.2 ms gen gen_01M3933FZ0FES388XMJJ1PFEBZ retry-after 30.0 s then sleep 30.0 s
#   attempt 11 2026-09-24T15:55:00.685607+09:00 http 503 1720.0 ms gen gen_01M3934EFN24MZARZ9GEBCJ9QB then sleep 2.0 s
#   attempt 12 2026-09-24T15:55:04.405843+09:00 http 503 1577.2 ms gen gen_01M3934J0CC7DKR3MVHWBSQYMG then sleep 2.0 s
#   attempt 13 2026-09-24T15:55:07.983253+09:00 http 503 1328.1 ms gen gen_01M3934NBYDQE942QD64NFJH40 then sleep 2.0 s
#   attempt 14 2026-09-24T15:55:11.311517+09:00 http 503 1649.5 ms gen gen_01M3934RSHCKKVXT25K77YSMHP then sleep 2.0 s
#   attempt 15 2026-09-24T15:55:14.959249+09:00 http 503 1700.3 ms gen gen_01M3934WE8H7PQMMKQ02SS341K then sleep 2.0 s
#   attempt 16 2026-09-24T15:55:18.659729+09:00 http 200 1739.0 ms gen gen_01M393502MQXA44MEMP24NMMHV
2026-09-24T16:00:42.044547+09:00 r2 L7.B.c2  11 200   1929.9   16709    181 0.00000000  (after 78 failed attempt(s): HTTP 503, HTTP 503, HTTP 503, HTTP 503, HTTP 503, HTTP 429, HTTP 503, HTTP 503, HTTP 503, HTTP 503, HTTP 503, HTTP 503, HTTP 503, HTTP 503, HTTP 503, HTTP 503, HTTP 503, HTTP 503, HTTP 503, HTTP 503, HTTP 503, HTTP 503, HTTP 503, HTTP 503, HTTP 503, HTTP 503, HTTP 503, HTTP 503, HTTP 503, HTTP 503, HTTP 503, HTTP 503, HTTP 503, HTTP 503, HTTP 429, HTTP 503, HTTP 503, HTTP 503, HTTP 503, HTTP 503, HTTP 503, HTTP 503, HTTP 503, HTTP 503, HTTP 503, HTTP 503, HTTP 503, HTTP 503, HTTP 503, HTTP 503, HTTP 503, HTTP 503, HTTP 503, HTTP 503, HTTP 503, HTTP 503, HTTP 503, HTTP 503, HTTP 503, HTTP 503, HTTP 503, HTTP 503, HTTP 503, HTTP 503, HTTP 503, HTTP 503, HTTP 503, HTTP 503, HTTP 503, HTTP 503, HTTP 503, HTTP 503, HTTP 503, HTTP 503, HTTP 503, HTTP 503, HTTP 503, HTTP 503)
#   request 57424 bytes sha256 181e5aa329ad686a, 79 attempt(s), 190.0 s waited
#   attempt 1 2026-09-24T15:55:20.401224+09:00 http 503 1572.1 ms gen gen_01M39351KJAKRT37F24PJV9W3W then sleep 2.0 s
#   attempt 2 2026-09-24T15:55:23.973476+09:00 http 503 1589.8 ms gen gen_01M393553KC5CVVFT8W5MXAJ82 then sleep 2.0 s
#   attempt 3 2026-09-24T15:55:27.563450+09:00 http 503 1682.2 ms gen gen_01M39358PAVRRA01VXYTBGEAGY then sleep 2.0 s
#   attempt 4 2026-09-24T15:55:31.245891+09:00 http 503 1413.9 ms gen gen_01M3935C2GH42R2BD6KPXZPKJ5 then sleep 2.0 s
#   attempt 5 2026-09-24T15:55:34.660021+09:00 http 503 1602.5 ms gen gen_01M3935FHNBNRASC5WC9RSE0EG then sleep 2.0 s
#   attempt 6 2026-09-24T15:55:38.262656+09:00 http 429 1360.4 ms gen gen_01M3935K9ARKARM9WN0F575WFJ retry-after 21.0 s then sleep 21.0 s
#   attempt 7 2026-09-24T15:56:00.622559+09:00 http 503 1791.4 ms gen gen_01M3936922VYF4MGTDESS4J27M then sleep 2.0 s
#   attempt 8 2026-09-24T15:56:04.414252+09:00 http 503 2079.7 ms gen gen_01M3936CS1KFMY1GCYB0RZ0EQC then sleep 2.0 s
#   attempt 9 2026-09-24T15:56:08.494196+09:00 http 503 1519.0 ms gen gen_01M3936GGZNA6BX9P91P3Y8TJQ then sleep 2.0 s
#   attempt 10 2026-09-24T15:56:12.013460+09:00 http 503 1531.1 ms gen gen_01M3936KX3VSF0QZBAXRWN4DG2 then sleep 2.0 s
#   attempt 11 2026-09-24T15:56:15.543258+09:00 http 503 1658.2 ms gen gen_01M3936QJ62RRFTT2B0TJ7G0YM then sleep 2.0 s
#   attempt 12 2026-09-24T15:56:19.201715+09:00 http 503 1425.6 ms gen gen_01M3936TWPQGDQJQPFSHFY4B9D then sleep 2.0 s
#   attempt 13 2026-09-24T15:56:22.627482+09:00 http 503 1489.5 ms gen gen_01M3936Y98FP1NMZ0816F0GX6Q then sleep 2.0 s
#   attempt 14 2026-09-24T15:56:26.117181+09:00 http 503 1594.6 ms gen gen_01M39371T11HG5J0HPCY59DS6Z then sleep 2.0 s
#   attempt 15 2026-09-24T15:56:29.711960+09:00 http 503 1587.4 ms gen gen_01M39375AWKN3MSVMYQ8EHB1SN then sleep 2.0 s
#   attempt 16 2026-09-24T15:56:33.299532+09:00 http 503 1600.4 ms gen gen_01M39378T10M69WZVGNNVHEB8P then sleep 2.0 s
#   attempt 17 2026-09-24T15:56:36.900155+09:00 http 503 1470.0 ms gen gen_01M3937CBTY08F6VCW08BRVWVE then sleep 2.0 s
#   attempt 18 2026-09-24T15:56:40.370355+09:00 http 503 1420.1 ms gen gen_01M3937FPTA3S994DBP7QTQSPE then sleep 2.0 s
#   attempt 19 2026-09-24T15:56:43.790599+09:00 http 503 1487.4 ms gen gen_01M3937JYY8Q200197MKNMN6QY then sleep 2.0 s
#   attempt 20 2026-09-24T15:56:47.276844+09:00 http 503 1457.1 ms gen gen_01M3937PBBPZAMRA6KPY1A3C1T then sleep 2.0 s
#   attempt 21 2026-09-24T15:56:50.734079+09:00 http 503 1723.5 ms gen gen_01M3937SYVR2E9F9DR0HKF1R37 then sleep 2.0 s
#   attempt 22 2026-09-24T15:56:54.457757+09:00 http 503 1697.1 ms gen gen_01M3937XHR3FWNSBPJ87CMAK7G then sleep 2.0 s
#   attempt 23 2026-09-24T15:56:58.155049+09:00 http 503 1456.0 ms gen gen_01M39380YTBMN0183KK599X1SA then sleep 2.0 s
#   attempt 24 2026-09-24T15:57:01.611251+09:00 http 503 1597.2 ms gen gen_01M39384FERH0QE1AAXS6G5G5B then sleep 2.0 s
#   attempt 25 2026-09-24T15:57:05.208701+09:00 http 503 1579.9 ms gen gen_01M393883N0RZ1BS9X9VNGW14S then sleep 2.0 s
#   attempt 26 2026-09-24T15:57:08.788822+09:00 http 503 1959.8 ms gen gen_01M3938BJ8CQPS6RBW0KN3AM78 then sleep 2.0 s
#   attempt 27 2026-09-24T15:57:12.748787+09:00 http 503 1452.0 ms gen gen_01M3938FAQEE9BWTHPWSRPW3XV then sleep 2.0 s
#   attempt 28 2026-09-24T15:57:16.199222+09:00 http 503 1641.5 ms gen gen_01M3938JRAPPNE5A8G3Y62X0QP then sleep 2.0 s
#   attempt 29 2026-09-24T15:57:19.840877+09:00 http 503 1703.9 ms gen gen_01M3938PD3N0GGBG5RPFRVM9XK then sleep 2.0 s
#   attempt 30 2026-09-24T15:57:23.544916+09:00 http 503 2569.3 ms gen gen_01M3938TTVADGV36S7AG1BW1P2 then sleep 2.0 s
#   attempt 31 2026-09-24T15:57:28.114432+09:00 http 503 1468.0 ms gen gen_01M3938Y7R8NCX7SARBRCMP2NP then sleep 2.0 s
#   attempt 32 2026-09-24T15:57:31.582717+09:00 http 503 1522.9 ms gen gen_01M39391SPEH9NS31W78ATVV9Y then sleep 2.0 s
#   attempt 33 2026-09-24T15:57:35.105822+09:00 http 503 1712.2 ms gen gen_01M3939554SVMB0EB55BSKR0C3 then sleep 2.0 s
#   attempt 34 2026-09-24T15:57:38.818201+09:00 http 503 1527.1 ms gen gen_01M39398QY84QV75JKQN6XDFST then sleep 2.0 s
#   attempt 35 2026-09-24T15:57:42.345480+09:00 http 429 1136.2 ms gen gen_01M3939C83876C9SG394KFNENJ retry-after 17.0 s then sleep 17.0 s
#   attempt 36 2026-09-24T15:58:00.480358+09:00 http 503 1781.5 ms gen gen_01M3939Y525VXQPHRMFJEW5ZSQ then sleep 2.0 s
#   attempt 37 2026-09-24T15:58:04.261997+09:00 http 503 1628.0 ms gen gen_01M393A1P1Q0APJ0GGWB8AZZ0N then sleep 2.0 s
#   attempt 38 2026-09-24T15:58:07.890187+09:00 http 503 1781.4 ms gen gen_01M393A5BZ7P6E2M24V2BHBWFK then sleep 2.0 s
#   attempt 39 2026-09-24T15:58:11.671732+09:00 http 503 1575.4 ms gen gen_01M393A8X082MM98HS1M1YHC81 then sleep 2.0 s
#   attempt 40 2026-09-24T15:58:15.246388+09:00 http 503 1555.9 ms gen gen_01M393ACBHEDEWBVP74HPXXH5H then sleep 2.0 s
#   attempt 41 2026-09-24T15:58:18.802521+09:00 http 503 1663.9 ms gen gen_01M393AFWXWJ37HNVA3DA6TWTZ then sleep 2.0 s
#   attempt 42 2026-09-24T15:58:22.466605+09:00 http 503 1607.2 ms gen gen_01M393AKEYB8K3DJN958GGPFKN then sleep 2.0 s
#   attempt 43 2026-09-24T15:58:26.073977+09:00 http 503 1460.8 ms gen gen_01M393APTQ20EKBGPV506B01FS then sleep 2.0 s
#   attempt 44 2026-09-24T15:58:29.534941+09:00 http 503 1477.3 ms gen gen_01M393AT84577KVBNTX2WZBDKK then sleep 2.0 s
#   attempt 45 2026-09-24T15:58:33.012444+09:00 http 503 1557.9 ms gen gen_01M393AXPTC5YQ8HY0MARZ2YQZ then sleep 2.0 s
#   attempt 46 2026-09-24T15:58:36.570519+09:00 http 503 1714.8 ms gen gen_01M393B149A2JFYGZ81DT45EAJ then sleep 2.0 s
#   attempt 47 2026-09-24T15:58:40.285466+09:00 http 503 1712.8 ms gen gen_01M393B4Y755TE591G42EWE08S then sleep 2.0 s
#   attempt 48 2026-09-24T15:58:43.998483+09:00 http 503 1755.1 ms gen gen_01M393B8KR3PVYPAJ0EZ7VVD9G then sleep 2.0 s
#   attempt 49 2026-09-24T15:58:47.751809+09:00 http 503 1572.6 ms gen gen_01M393BC2ESXS0C5HNBJZJSEDR then sleep 2.0 s
#   attempt 50 2026-09-24T15:58:51.324569+09:00 http 503 1670.9 ms gen gen_01M393BFQ7AR90PAJKBFZHQGEV then sleep 2.0 s
#   attempt 51 2026-09-24T15:58:54.995711+09:00 http 503 1865.8 ms gen gen_01M393BKG7W52M1Y1J4EE21SPH then sleep 2.0 s
#   attempt 52 2026-09-24T15:58:58.861664+09:00 http 503 1633.0 ms gen gen_01M393BQ0MJ2Z8Y0XKAFW04YA5 then sleep 2.0 s
#   attempt 53 2026-09-24T15:59:02.494891+09:00 http 503 1895.0 ms gen gen_01M393BTSK4974SRX6WRCG0A3D then sleep 2.0 s
#   attempt 54 2026-09-24T15:59:06.390125+09:00 http 503 1617.2 ms gen gen_01M393BYBFD164423MNRM36YJV then sleep 2.0 s
#   attempt 55 2026-09-24T15:59:10.007478+09:00 http 503 1839.1 ms gen gen_01M393C20N0EZTZWEK7YCB4JFK then sleep 2.0 s
#   attempt 56 2026-09-24T15:59:13.846728+09:00 http 503 1503.5 ms gen gen_01M393C5N441CN6VDPBZF7A495 then sleep 2.0 s
#   attempt 57 2026-09-24T15:59:17.348580+09:00 http 503 1775.5 ms gen gen_01M393C960F98S9ADB00KZYE0K then sleep 2.0 s
#   attempt 58 2026-09-24T15:59:21.124313+09:00 http 503 1618.3 ms gen gen_01M393CCQHMNM8KK35M0ZKZ05G then sleep 2.0 s
#   attempt 59 2026-09-24T15:59:24.742802+09:00 http 503 1631.5 ms gen gen_01M393CG9KXDSV8GECV8D7J4Y1 then sleep 2.0 s
#   attempt 60 2026-09-24T15:59:28.374479+09:00 http 503 1712.0 ms gen gen_01M393CKYC2ZGFYS7JN5HE8FCZ then sleep 2.0 s
#   attempt 61 2026-09-24T15:59:32.086653+09:00 http 503 1461.4 ms gen gen_01M393CQ9RQM5SQJ1AMZFZJ3ZZ then sleep 2.0 s
#   attempt 62 2026-09-24T15:59:35.548243+09:00 http 503 1566.7 ms gen gen_01M393CTQZWKJ6KZ2M688BRY06 then sleep 2.0 s
#   attempt 63 2026-09-24T15:59:39.115167+09:00 http 503 1946.4 ms gen gen_01M393CYKX52KNA21SEMRVAETX then sleep 2.0 s
#   attempt 64 2026-09-24T15:59:43.061726+09:00 http 503 2529.8 ms gen gen_01M393D2YAKY1VTDB67AX3DJBA then sleep 2.0 s
#   attempt 65 2026-09-24T15:59:47.590801+09:00 http 503 1756.6 ms gen gen_01M393D6Q7CEC1D84C6MHH9XWH then sleep 2.0 s
#   attempt 66 2026-09-24T15:59:51.347640+09:00 http 503 1894.8 ms gen gen_01M393DA7SQWSSGEE7HDVV2PGY then sleep 2.0 s
#   attempt 67 2026-09-24T15:59:55.242678+09:00 http 503 2224.8 ms gen gen_01M393DE72AS5VE27SW4DX03CK then sleep 2.0 s
#   attempt 68 2026-09-24T15:59:59.467702+09:00 http 503 1660.2 ms gen gen_01M393DJ6WKSVN33F673879X6K then sleep 2.0 s
#   attempt 69 2026-09-24T16:00:03.128064+09:00 http 503 1716.3 ms gen gen_01M393DNVBR6P7BX4V47M55VP1 then sleep 2.0 s
#   attempt 70 2026-09-24T16:00:06.844597+09:00 http 503 1955.1 ms gen gen_01M393DSNJMZD6P7ZVGM94JJ90 then sleep 2.0 s
#   attempt 71 2026-09-24T16:00:10.799962+09:00 http 503 1982.2 ms gen gen_01M393DX7QB8P8Q98DKZ9ZRKT0 then sleep 2.0 s
#   attempt 72 2026-09-24T16:00:14.780400+09:00 http 503 1882.8 ms gen gen_01M393E19VNHSA47DDA57MKZJ2 then sleep 2.0 s
#   attempt 73 2026-09-24T16:00:18.663396+09:00 http 503 1627.8 ms gen gen_01M393E4X4FVPC1Z2ZP89FJCP1 then sleep 2.0 s
#   attempt 74 2026-09-24T16:00:22.291402+09:00 http 503 1415.9 ms gen gen_01M393E8DNSMRJPBXSXY3CNYMD then sleep 2.0 s
#   attempt 75 2026-09-24T16:00:25.707518+09:00 http 503 1483.0 ms gen gen_01M393EBSZGGVFMFME22NB5E9W then sleep 2.0 s
#   attempt 76 2026-09-24T16:00:29.190629+09:00 http 503 1705.4 ms gen gen_01M393EF8P7GE5VAAY0XVJ296Q then sleep 2.0 s
#   attempt 77 2026-09-24T16:00:32.896315+09:00 http 503 1580.1 ms gen gen_01M393EJX3M7HHHW5XWAF8K6B8 then sleep 2.0 s
#   attempt 78 2026-09-24T16:00:36.476608+09:00 http 503 1637.8 ms gen gen_01M393EPAWCP633RY16YJSH1SN then sleep 2.0 s
#   attempt 79 2026-09-24T16:00:40.114547+09:00 http 200 1929.9 ms gen gen_01M393ESTRG8ATJE3FN3PAQ3MX
2026-09-24T16:01:26.397015+09:00 r2 L7.B.c3  12 200   1789.1   17430    198 0.00000000  (after 11 failed attempt(s): HTTP 503, HTTP 503, HTTP 503, HTTP 503, HTTP 503, HTTP 503, HTTP 503, HTTP 503, HTTP 503, HTTP 503, HTTP 503)
#   request 59831 bytes sha256 92a44d6fda12f553, 12 attempt(s), 22.0 s waited
#   attempt 1 2026-09-24T16:00:42.046720+09:00 http 503 1591.1 ms gen gen_01M393EVQJJRZRP74YGSMDCJ66 then sleep 2.0 s
#   attempt 2 2026-09-24T16:00:45.637217+09:00 http 503 1864.4 ms gen gen_01M393EZD6MTRYZ6NMQ0SWYMYT then sleep 2.0 s
#   attempt 3 2026-09-24T16:00:49.501754+09:00 http 503 1880.2 ms gen gen_01M393F37PX4A1TN6RMP5E6BEQ then sleep 2.0 s
#   attempt 4 2026-09-24T16:00:53.382139+09:00 http 503 1881.0 ms gen gen_01M393F70F23FHWRDJGEKXRX69 then sleep 2.0 s
#   attempt 5 2026-09-24T16:00:57.263381+09:00 http 503 2112.1 ms gen gen_01M393FASN33BT3DCPPA80KNXA then sleep 2.0 s
#   attempt 6 2026-09-24T16:01:01.375717+09:00 http 503 2329.6 ms gen gen_01M393FF9JZ7JP6S0MGM744WSB then sleep 2.0 s
#   attempt 7 2026-09-24T16:01:05.705453+09:00 http 503 1826.1 ms gen gen_01M393FK1KKWK8XDR4VT32RY0N then sleep 2.0 s
#   attempt 8 2026-09-24T16:01:09.531739+09:00 http 503 1589.5 ms gen gen_01M393FPJ99PZ1YFNQV07GEM05 then sleep 2.0 s
#   attempt 9 2026-09-24T16:01:13.121448+09:00 http 503 1621.0 ms gen gen_01M393FT3XF3WXK8K5RS14ZV38 then sleep 2.0 s
#   attempt 10 2026-09-24T16:01:16.739045+09:00 http 503 2455.0 ms gen gen_01M393FXS8HSEXK5M6823Y842F then sleep 2.0 s
#   attempt 11 2026-09-24T16:01:21.194258+09:00 http 503 1413.4 ms gen gen_01M393G1SKEVHY612037QBZ5NV then sleep 2.0 s
#   attempt 12 2026-09-24T16:01:24.607845+09:00 http 200 1789.1 ms gen gen_01M393G540PDECMHZNPANWAN1N
2026-09-24T16:01:43.441549+09:00 r2 L7.B.c4  11 200   2417.1   16767    182 0.00000000  (after 4 failed attempt(s): HTTP 503, HTTP 503, HTTP 503, HTTP 503)
#   request 57403 bytes sha256 a7051f8b6b7f8f4d, 5 attempt(s), 8.0 s waited
#   attempt 1 2026-09-24T16:01:26.397801+09:00 http 503 1592.8 ms gen gen_01M393G7113TXWB8ENYGT09K90 then sleep 2.0 s
#   attempt 2 2026-09-24T16:01:29.990750+09:00 http 503 1577.6 ms gen gen_01M393GAJEEDW53TWF3FJ2JWDN then sleep 2.0 s
#   attempt 3 2026-09-24T16:01:33.568585+09:00 http 503 1707.9 ms gen gen_01M393GE4RDKD36T0H7XDDV8JG then sleep 2.0 s
#   attempt 4 2026-09-24T16:01:37.276670+09:00 http 503 1747.4 ms gen gen_01M393GHTTMXYKJ2SC0EGQM2PW then sleep 2.0 s
#   attempt 5 2026-09-24T16:01:41.024297+09:00 http 200 2417.1 ms gen gen_01M393GNPSPAYRMRYW6G1N320D
2026-09-24T16:02:08.699049+09:00 r2 L7.B.c5   3 200   1599.7   10535     54 0.00000000  (after 3 failed attempt(s): HTTP 429, HTTP 503, HTTP 503)
#   request 33341 bytes sha256 d0fca71fbf7c3641, 4 attempt(s), 20.0 s waited
#   attempt 1 2026-09-24T16:01:43.442097+09:00 http 429 1118.8 ms gen gen_01M393GQN4RPF757T4E2YFF4MW retry-after 16.0 s then sleep 16.0 s
#   attempt 2 2026-09-24T16:02:00.561638+09:00 http 503 1331.3 ms gen gen_01M393H88ZFZ2YW74BH3VGVGTH then sleep 2.0 s
#   attempt 3 2026-09-24T16:02:03.893118+09:00 http 503 1206.0 ms gen gen_01M393HBDCW00RYFGADZA1A1JH then sleep 2.0 s
#   attempt 4 2026-09-24T16:02:07.099254+09:00 http 200 1599.7 ms gen gen_01M393HETTSSR4TX41DB35YT00
2026-09-24T16:03:02.811159+09:00 r2 L8.A.step1   6 200   2169.8   17965    195 0.00000000  (after 3 failed attempt(s): HTTP 503, HTTP 503, HTTP 429)
#   request 48540 bytes sha256 88bd6f099c151871, 4 attempt(s), 48.0 s waited
#   attempt 1 2026-09-24T16:02:08.702980+09:00 http 503 1450.8 ms gen gen_01M393HGCN0X5RRFQFW29F8RAV then sleep 2.0 s
#   attempt 2 2026-09-24T16:02:12.153989+09:00 http 503 1450.4 ms gen gen_01M393HKM0ESDDQFNN42V9Q1N5 then sleep 2.0 s
#   attempt 3 2026-09-24T16:02:15.603273+09:00 http 429 1039.6 ms gen gen_01M393HQ0DRCD1FS6TX3G46MV6 retry-after 44.0 s then sleep 44.0 s
#   attempt 4 2026-09-24T16:03:00.641279+09:00 http 200 2169.8 ms gen gen_01M393K345WGNR47A6GEBF500T
2026-09-24T16:03:30.558628+09:00 r2 L8.A.step2   6 200   1946.2   18757    213 0.00000000  (after 7 failed attempt(s): HTTP 503, HTTP 503, HTTP 503, HTTP 503, HTTP 503, HTTP 503, HTTP 503)
#   request 52284 bytes sha256 b10e9b871590e300, 8 attempt(s), 14.0 s waited
#   attempt 1 2026-09-24T16:03:02.811673+09:00 http 503 1417.4 ms gen gen_01M393K517JA1BK0B3KY6GCK76 then sleep 2.0 s
#   attempt 2 2026-09-24T16:03:06.229220+09:00 http 503 1604.0 ms gen gen_01M393K8HCPGQDYMFG5RYXY24M then sleep 2.0 s
#   attempt 3 2026-09-24T16:03:09.833406+09:00 http 503 1742.3 ms gen gen_01M393KC6X1XCHEK8Z2EQCZ5PW then sleep 2.0 s
#   attempt 4 2026-09-24T16:03:13.575866+09:00 http 503 1738.7 ms gen gen_01M393KFTK8RFD53YGABRW756W then sleep 2.0 s
#   attempt 5 2026-09-24T16:03:17.313127+09:00 http 503 1895.1 ms gen gen_01M393KKS8HXHR6SC836230EYK then sleep 2.0 s
#   attempt 6 2026-09-24T16:03:21.208435+09:00 http 503 1681.3 ms gen gen_01M393KQ81J1VMHFQNZN04QQWF then sleep 2.0 s
#   attempt 7 2026-09-24T16:03:24.889945+09:00 http 503 1722.1 ms gen gen_01M393KTW7RK7GSGJ6DW6C371A then sleep 2.0 s
#   attempt 8 2026-09-24T16:03:28.612311+09:00 http 200 1946.2 ms gen gen_01M393KYFXCW1QF6JN40HQ6R4Z
2026-09-24T16:03:59.230258+09:00 r2 L8.B.step1   5 200   1623.7   11711    163 0.00000000  (after 8 failed attempt(s): HTTP 503, HTTP 503, HTTP 503, HTTP 503, HTTP 503, HTTP 503, HTTP 503, HTTP 503)
#   request 37790 bytes sha256 8bf7582ae1c77ac1, 9 attempt(s), 16.0 s waited
#   attempt 1 2026-09-24T16:03:30.562133+09:00 http 503 1346.6 ms gen gen_01M393M06S2SBQ7RZ0FQ58D6CC then sleep 2.0 s
#   attempt 2 2026-09-24T16:03:33.908932+09:00 http 503 1461.9 ms gen gen_01M393M3HMQ81RB51YA3EP3THM then sleep 2.0 s
#   attempt 3 2026-09-24T16:03:37.371097+09:00 http 503 1237.3 ms gen gen_01M393M6RGD0FE7Q294BM4TZFR then sleep 2.0 s
#   attempt 4 2026-09-24T16:03:40.608567+09:00 http 503 1475.1 ms gen gen_01M393MA3X3ZX3YY1V0R861S4S then sleep 2.0 s
#   attempt 5 2026-09-24T16:03:44.083911+09:00 http 503 1591.8 ms gen gen_01M393MDFPQZ3BVR23YTWRYHE1 then sleep 2.0 s
#   attempt 6 2026-09-24T16:03:47.674599+09:00 http 503 1326.3 ms gen gen_01M393MGWXWTFGBHTFSH3M0265 then sleep 2.0 s
#   attempt 7 2026-09-24T16:03:51.001103+09:00 http 503 1229.7 ms gen gen_01M393MM1BF1HCNP2WZA7APX9K then sleep 2.0 s
#   attempt 8 2026-09-24T16:03:54.231042+09:00 http 503 1375.2 ms gen gen_01M393MQB540CDM8FQFKNHJMFA then sleep 2.0 s
#   attempt 9 2026-09-24T16:03:57.606449+09:00 http 200 1623.7 ms gen gen_01M393MTQKCRX7WHKJ6PCPJ8G3
2026-09-24T16:04:30.608354+09:00 r2 L8.B.step2   5 200   2569.0   15301    731 0.00000000  (after 8 failed attempt(s): HTTP 503, HTTP 503, HTTP 503, HTTP 503, HTTP 503, HTTP 503, HTTP 503, HTTP 503)
#   request 50805 bytes sha256 02e10b26403b43b0, 9 attempt(s), 16.0 s waited
#   attempt 1 2026-09-24T16:03:59.230815+09:00 http 503 1655.9 ms gen gen_01M393MWC333KBRX8167CJWF6A then sleep 2.0 s
#   attempt 2 2026-09-24T16:04:02.886851+09:00 http 503 1579.4 ms gen gen_01M393MZVCZVGM8W8R9SBQT0Q5 then sleep 2.0 s
#   attempt 3 2026-09-24T16:04:06.466521+09:00 http 503 1718.7 ms gen gen_01M393N3GEC5PXVP1GW3BR0CNM then sleep 2.0 s
#   attempt 4 2026-09-24T16:04:10.185453+09:00 http 503 1572.8 ms gen gen_01M393N6ZZ9D77PNKA6XT3HM68 then sleep 2.0 s
#   attempt 5 2026-09-24T16:04:13.758411+09:00 http 503 1599.4 ms gen gen_01M393NAGEQC82TDW8X4N2G0Y2 then sleep 2.0 s
#   attempt 6 2026-09-24T16:04:17.356843+09:00 http 503 1498.5 ms gen gen_01M393NDX4GBCGG9KRBYE98BQP then sleep 2.0 s
#   attempt 7 2026-09-24T16:04:20.855472+09:00 http 503 1749.7 ms gen gen_01M393NHJFM1JENFYHZX33E5WM then sleep 2.0 s
#   attempt 8 2026-09-24T16:04:24.605403+09:00 http 503 1433.7 ms gen gen_01M393NMXPS8V3KHCP9M9RAV39 then sleep 2.0 s
#   attempt 9 2026-09-24T16:04:28.039280+09:00 http 200 2569.0 ms gen gen_01M393NS39C9N3640M564JZ7MS
2026-09-24T16:04:36.027005+09:00 r2 L9.A      6 200   1921.2   18715    213 0.00000000  (after 1 failed attempt(s): HTTP 503)
#   request 52044 bytes sha256 fbb5eac8368f1390, 2 attempt(s), 2.0 s waited
#   attempt 1 2026-09-24T16:04:30.611477+09:00 http 503 1494.1 ms gen gen_01M393NV0JAC7RPGCXFRNCMYJ2 then sleep 2.0 s
#   attempt 2 2026-09-24T16:04:34.105752+09:00 http 200 1921.2 ms gen gen_01M393NYDWXJXK4NVPWK3DSSK6
2026-09-24T16:05:03.912759+09:00 r2 L9.B      5 200   1947.0   15266    733 0.00000000  (after 7 failed attempt(s): HTTP 503, HTTP 503, HTTP 503, HTTP 503, HTTP 503, HTTP 503, HTTP 503)
#   request 50625 bytes sha256 09419978ae000348, 8 attempt(s), 14.0 s waited
#   attempt 1 2026-09-24T16:04:36.030391+09:00 http 503 1555.0 ms gen gen_01M393P05YXMBCXAX3J903QKJM then sleep 2.0 s
#   attempt 2 2026-09-24T16:04:39.585552+09:00 http 503 1673.8 ms gen gen_01M393P3T4F5NG75P1TZD5YMXJ then sleep 2.0 s
#   attempt 3 2026-09-24T16:04:43.259594+09:00 http 503 1412.8 ms gen gen_01M393P74DP1S1GT94QJJTDZJH then sleep 2.0 s
#   attempt 4 2026-09-24T16:04:46.671226+09:00 http 503 2489.1 ms gen gen_01M393PAWG2SYS8HHY7T9GVXPR then sleep 2.0 s
#   attempt 5 2026-09-24T16:04:51.160544+09:00 http 503 1633.7 ms gen gen_01M393PF1S70AR32AQHMRNNQRN then sleep 2.0 s
#   attempt 6 2026-09-24T16:04:54.794428+09:00 http 503 1690.5 ms gen gen_01M393PJP406JXSGTB8JGP3YP8 then sleep 2.0 s
#   attempt 7 2026-09-24T16:04:58.485107+09:00 http 503 1480.4 ms gen gen_01M393PP23KK7FEYWBZ73WC9PJ then sleep 2.0 s
#   attempt 8 2026-09-24T16:05:01.965696+09:00 http 200 1947.0 ms gen gen_01M393PSQTV3ATQKJMJD47MSTJ
2026-09-24T16:05:05.143187+09:00 r2 L10.A.fn:zopfli::lz77::find_longest_match_loop   1 200   1226.5    4810     45 0.00000000
2026-09-24T16:05:06.292174+09:00 r2 L10.A.fn:zopfli::squeeze::lz77_optimal   1 200   1148.5    4138     45 0.00000000
2026-09-24T16:05:16.612086+09:00 r2 L10.A.fn:zopfli::squeeze::get_best_lengths   1 200   1222.6    4996     45 0.00000000  (after 3 failed attempt(s): HTTP 503, HTTP 503, HTTP 503)
#   request 13494 bytes sha256 cafbbe1b02a21839, 4 attempt(s), 6.0 s waited
#   attempt 1 2026-09-24T16:05:06.292469+09:00 http 503 1204.6 ms gen gen_01M393PXNJYB9PZ5M54EK1EP9C then sleep 2.0 s
#   attempt 2 2026-09-24T16:05:09.497245+09:00 http 503 814.8 ms gen gen_01M393Q0ETB3HMSS1BCHQF6NTM then sleep 2.0 s
#   attempt 3 2026-09-24T16:05:12.312289+09:00 http 503 1078.6 ms gen gen_01M393Q3G2X7WHW9KVW8D0M0CV then sleep 2.0 s
#   attempt 4 2026-09-24T16:05:15.389378+09:00 http 200 1222.6 ms gen gen_01M393Q6G5SX6BRJ66BW91QXSH
2026-09-24T16:05:17.828917+09:00 r2 L10.A.fn:zopfli::squeeze::lz77_optimal_run   1 200   1216.3    4130     45 0.00000000
2026-09-24T16:05:18.998435+09:00 r2 L10.A.fn:<zopfli::hash::ZopfliHash>::update   1 200   1169.1    3821     45 0.00000000
2026-09-24T16:05:20.234622+09:00 r2 L10.A.fn:zopfli::lz77::find_longest_match   1 200   1235.7    4809     45 0.00000000
2026-09-24T16:05:21.414229+09:00 r2 L10.B.zopfli::lz77::find_longest_match_loop@lz77.rs:530:11#d1   1 200   1176.2    4242    154 0.00000000
2026-09-24T16:06:01.798555+09:00 r2 L10.B.zopfli::squeeze::lz77_optimal@squeeze.rs:275:11#d2   1 200   1550.6    4357    154 0.00000000  (after 1 failed attempt(s): HTTP 429)
#   request 13883 bytes sha256 773a98f23eb5dfdb, 2 attempt(s), 38.0 s waited
#   attempt 1 2026-09-24T16:05:21.414539+09:00 http 429 834.0 ms gen gen_01M393QC8R3VXG098WYSY5JQW4 retry-after 38.0 s then sleep 38.0 s
#   attempt 2 2026-09-24T16:06:00.247907+09:00 http 200 1550.6 ms gen gen_01M393RJ6HX7SVBK7THJJ18QA9
2026-09-24T16:06:02.905194+09:00 r2 L10.B.zopfli::squeeze::lz77_optimal@squeeze.rs:325:9#d3   1 200   1106.1    4400    154 0.00000000
2026-09-24T16:06:13.379714+09:00 r2 L10.B.zopfli::lz77::find_longest_match_loop@lz77.rs:563:21#d2   1 200   1431.7    4257    154 0.00000000  (after 3 failed attempt(s): HTTP 503, HTTP 503, HTTP 503)
#   request 13675 bytes sha256 277dd69add09642d, 4 attempt(s), 6.0 s waited
#   attempt 1 2026-09-24T16:06:02.905562+09:00 http 503 851.7 ms gen gen_01M393RMNBSCWCAGBAY6TY82X4 then sleep 2.0 s
#   attempt 2 2026-09-24T16:06:05.757461+09:00 http 503 1211.3 ms gen gen_01M393RQM7XV2PK9NS9NAV1MHB then sleep 2.0 s
#   attempt 3 2026-09-24T16:06:08.968935+09:00 http 503 978.9 ms gen gen_01M393RTP5DAPK3A8SY1SP26M6 then sleep 2.0 s
#   attempt 4 2026-09-24T16:06:11.947975+09:00 http 200 1431.7 ms gen gen_01M393RXWWX4WWX4HJPEBBK388
2026-09-24T16:06:14.337505+09:00 r2 L10.B.<zopfli::hash::ZopfliHash>::update@index.rs:184:12#d1   1 200    957.3    4214    154 0.00000000
2026-09-24T16:14:13.299610+09:00 r2 L11.A     6 200   1739.6   19249    257 0.00000000  (after 86 failed attempt(s): HTTP 503, HTTP 503, HTTP 503, HTTP 503, HTTP 503, HTTP 503, HTTP 503, HTTP 503, HTTP 503, HTTP 503, HTTP 503, HTTP 503, HTTP 503, HTTP 503, HTTP 503, HTTP 503, HTTP 429, HTTP 503, HTTP 503, HTTP 503, HTTP 503, HTTP 503, HTTP 503, HTTP 503, HTTP 503, HTTP 503, HTTP 503, HTTP 503, HTTP 503, HTTP 503, HTTP 429, HTTP 503, HTTP 503, HTTP 503, HTTP 503, HTTP 429, HTTP 503, HTTP 503, HTTP 503, HTTP 503, HTTP 503, HTTP 503, HTTP 503, HTTP 503, HTTP 503, HTTP 503, HTTP 503, HTTP 429, HTTP 503, HTTP 503, HTTP 503, HTTP 503, HTTP 503, HTTP 503, HTTP 503, HTTP 503, HTTP 503, HTTP 503, HTTP 503, HTTP 503, HTTP 503, HTTP 503, HTTP 503, HTTP 503, HTTP 503, HTTP 503, HTTP 503, HTTP 503, HTTP 503, HTTP 503, HTTP 503, HTTP 503, HTTP 503, HTTP 503, HTTP 503, HTTP 503, HTTP 503, HTTP 429, HTTP 503, HTTP 503, HTTP 503, HTTP 503, HTTP 429, HTTP 503, HTTP 503, HTTP 503)
#   request 54552 bytes sha256 fcb7267cec8e2bcd, 87 attempt(s), 341.0 s waited
#   attempt 1 2026-09-24T16:06:14.340549+09:00 http 503 1412.4 ms gen gen_01M393S03B9SXRSDS528E768P2 then sleep 2.0 s
#   attempt 2 2026-09-24T16:06:17.751330+09:00 http 503 1628.5 ms gen gen_01M393S3M72NZ6J8GPGHG91VRF then sleep 2.0 s
#   attempt 3 2026-09-24T16:06:21.379981+09:00 http 503 1429.5 ms gen gen_01M393S6ZTEJV9KA02BKK3KTQV then sleep 2.0 s
#   attempt 4 2026-09-24T16:06:24.809744+09:00 http 503 1668.2 ms gen gen_01M393SAJPGRQS21SX24X2SWKZ then sleep 2.0 s
#   attempt 5 2026-09-24T16:06:28.478126+09:00 http 503 1411.9 ms gen gen_01M393SDVN545TXSAQA2R5H987 then sleep 2.0 s
#   attempt 6 2026-09-24T16:06:31.890230+09:00 http 503 1572.2 ms gen gen_01M393SHB4Z83QY2P6P77GHX8T then sleep 2.0 s
#   attempt 7 2026-09-24T16:06:35.462654+09:00 http 503 1659.2 ms gen gen_01M393SMXY6R71VMXYRW00E1G7 then sleep 2.0 s
#   attempt 8 2026-09-24T16:06:39.122047+09:00 http 503 1523.3 ms gen gen_01M393SRD3WPAV26KTWSCRP4Q8 then sleep 2.0 s
#   attempt 9 2026-09-24T16:06:42.645525+09:00 http 503 1479.8 ms gen gen_01M393SVSA2RSNS9NHBDFM77QR then sleep 2.0 s
#   attempt 10 2026-09-24T16:06:46.124235+09:00 http 503 1514.5 ms gen gen_01M393SZ79BM5DH5ZTFE6ANN4Y then sleep 2.0 s
#   attempt 11 2026-09-24T16:06:49.638899+09:00 http 503 1681.3 ms gen gen_01M393T2STQZ8KY1QCRMMDWE57 then sleep 2.0 s
#   attempt 12 2026-09-24T16:06:53.320372+09:00 http 503 1764.0 ms gen gen_01M393T6EZ3AAS7PD3GJWZM653 then sleep 2.0 s
#   attempt 13 2026-09-24T16:06:57.084594+09:00 http 503 1435.4 ms gen gen_01M393T9V11W7P3SGS335AFVNY then sleep 2.0 s
#   attempt 14 2026-09-24T16:07:00.520186+09:00 http 503 1598.6 ms gen gen_01M393TDB0NEDFNN8AB4G6JQYY then sleep 2.0 s
#   attempt 15 2026-09-24T16:07:04.118970+09:00 http 503 1517.6 ms gen gen_01M393TGSGS41AJETTCGZMRAJ6 then sleep 2.0 s
#   attempt 16 2026-09-24T16:07:07.636765+09:00 http 503 1440.3 ms gen gen_01M393TM5BPKFY57RB1Y2DYG18 then sleep 2.0 s
#   attempt 17 2026-09-24T16:07:11.077267+09:00 http 429 1123.7 ms gen gen_01M393TQKMEN5904ST0B3RDYD0 retry-after 48.0 s then sleep 48.0 s
#   attempt 18 2026-09-24T16:08:00.198655+09:00 http 503 1881.6 ms gen gen_01M393W7J66YTW3WSB1VJRPHCP then sleep 2.0 s
#   attempt 19 2026-09-24T16:08:04.080455+09:00 http 503 1557.3 ms gen gen_01M393WBBQX1HK5BG6V7CAJWV5 then sleep 2.0 s
#   attempt 20 2026-09-24T16:08:07.637934+09:00 http 503 1786.2 ms gen gen_01M393WF0ABB3M83AD3JFT3KTQ then sleep 2.0 s
#   attempt 21 2026-09-24T16:08:11.424300+09:00 http 503 1467.5 ms gen gen_01M393WJFV6QM5RFEDRQF82S5T then sleep 2.0 s
#   attempt 22 2026-09-24T16:08:14.890243+09:00 http 503 1974.2 ms gen gen_01M393WPBTKHFZQRZZK3BCP3N1 then sleep 2.0 s
#   attempt 23 2026-09-24T16:08:18.864683+09:00 http 503 1664.9 ms gen gen_01M393WSXHN5ZXPGT7QVXWSE9D then sleep 2.0 s
#   attempt 24 2026-09-24T16:08:22.529758+09:00 http 503 1941.2 ms gen gen_01M393WXR0WTR24EBS1E59N6Q0 then sleep 2.0 s
#   attempt 25 2026-09-24T16:08:26.471126+09:00 http 503 1611.6 ms gen gen_01M393X1987K8KS6YMDM8ZJT7S then sleep 2.0 s
#   attempt 26 2026-09-24T16:08:30.082935+09:00 http 503 1748.0 ms gen gen_01M393X4XB34HD7K9RMBEK9D78 then sleep 2.0 s
#   attempt 27 2026-09-24T16:08:33.831385+09:00 http 503 2620.7 ms gen gen_01M393X9FCP11P2WCW8GH5WK48 then sleep 2.0 s
#   attempt 28 2026-09-24T16:08:38.452287+09:00 http 503 1833.8 ms gen gen_01M393XD6F3Q36GVGDRSQBJN6Q then sleep 2.0 s
#   attempt 29 2026-09-24T16:08:42.286290+09:00 http 503 1349.1 ms gen gen_01M393XGG2A4YGC0YTXJJDMQKK then sleep 2.0 s
#   attempt 30 2026-09-24T16:08:45.634463+09:00 http 503 1406.5 ms gen gen_01M393XKVEYXB8NZX9RMC3WYZD then sleep 2.0 s
#   attempt 31 2026-09-24T16:08:49.041158+09:00 http 429 1322.5 ms gen gen_01M393XQC6AGC73AVQFSX69GST retry-after 10.0 s then sleep 10.0 s
#   attempt 32 2026-09-24T16:09:00.363823+09:00 http 503 1660.7 ms gen gen_01M393Y2EVDV8B2N9XARXXQG62 then sleep 2.0 s
#   attempt 33 2026-09-24T16:09:04.024671+09:00 http 503 1642.7 ms gen gen_01M393Y60VQ96CAEP2GFJ7NMVP then sleep 2.0 s
#   attempt 34 2026-09-24T16:09:07.667597+09:00 http 503 1453.6 ms gen gen_01M393Y9G10PHMK0F3FFKXFYWM then sleep 2.0 s
#   attempt 35 2026-09-24T16:09:11.121360+09:00 http 503 1689.6 ms gen gen_01M393YD0BX455RTHCEQ04F3F1 then sleep 2.0 s
#   attempt 36 2026-09-24T16:09:14.804167+09:00 http 429 1371.4 ms gen gen_01M393YGN9BFKPVGHJR1AFH7JK retry-after 44.0 s then sleep 44.0 s
#   attempt 37 2026-09-24T16:10:00.180020+09:00 http 503 1487.7 ms gen gen_01M393ZWQ0YH4SASY0H56TX9TH then sleep 2.0 s
#   attempt 38 2026-09-24T16:10:03.667979+09:00 http 503 1603.8 ms gen gen_01M394006RSJVWCPCX8NQ7B53Z then sleep 2.0 s
#   attempt 39 2026-09-24T16:10:07.271957+09:00 http 503 1395.6 ms gen gen_01M39403JE8M0B4GE881DSZRCE then sleep 2.0 s
#   attempt 40 2026-09-24T16:10:10.667694+09:00 http 503 1660.4 ms gen gen_01M394073ZNAENYMXXGZTRPWSE then sleep 2.0 s
#   attempt 41 2026-09-24T16:10:14.328283+09:00 http 503 1491.5 ms gen gen_01M3940AGH66QW08FCKT5MRY86 then sleep 2.0 s
#   attempt 42 2026-09-24T16:10:17.818545+09:00 http 503 1520.0 ms gen gen_01M3940DZQWX8YQYY1VND6SJCM then sleep 2.0 s
#   attempt 43 2026-09-24T16:10:21.338704+09:00 http 503 1583.7 ms gen gen_01M3940HEP4DV86GBGG7NYC51N then sleep 2.0 s
#   attempt 44 2026-09-24T16:10:24.922782+09:00 http 503 1532.6 ms gen gen_01M3940N1TGH5YC22F2673KKKR then sleep 2.0 s
#   attempt 45 2026-09-24T16:10:28.455498+09:00 http 503 1361.6 ms gen gen_01M3940RA4CP3XPZ1877X04MC9 then sleep 2.0 s
#   attempt 46 2026-09-24T16:10:31.817340+09:00 http 503 1623.8 ms gen gen_01M3940VQ665258RAPX0438VKB then sleep 2.0 s
#   attempt 47 2026-09-24T16:10:35.441311+09:00 http 503 1619.4 ms gen gen_01M3940Z7NY5MRMQ8CQ409EWDA then sleep 2.0 s
#   attempt 48 2026-09-24T16:10:39.060898+09:00 http 429 1264.3 ms gen gen_01M39412VSTXMYPK8DSDJMXCQP retry-after 20.0 s then sleep 20.0 s
#   attempt 49 2026-09-24T16:11:00.323937+09:00 http 503 1683.5 ms gen gen_01M3941QMCZAVR1TD8PKBXZ6D3 then sleep 2.0 s
#   attempt 50 2026-09-24T16:11:04.007634+09:00 http 503 1630.2 ms gen gen_01M3941TZP1F7K0W6CXEA9V1AS then sleep 2.0 s
#   attempt 51 2026-09-24T16:11:07.637984+09:00 http 503 1281.6 ms gen gen_01M3941YG94PB4V2B7PZQPQN9A then sleep 2.0 s
#   attempt 52 2026-09-24T16:11:10.919809+09:00 http 503 2050.0 ms gen gen_01M39422FCYFYJSETP3X7DA5WJ then sleep 2.0 s
#   attempt 53 2026-09-24T16:11:14.968519+09:00 http 503 1655.5 ms gen gen_01M39425WNK381ANHQPK37K30M then sleep 2.0 s
#   attempt 54 2026-09-24T16:11:18.624509+09:00 http 503 1279.4 ms gen gen_01M394298FX78ZR1J5MTP2E1RC then sleep 2.0 s
#   attempt 55 2026-09-24T16:11:21.904127+09:00 http 503 1753.4 ms gen gen_01M3942CS7WV54XYWWMB14JYGG then sleep 2.0 s
#   attempt 56 2026-09-24T16:11:25.657719+09:00 http 503 1660.4 ms gen gen_01M3942GBN9G5Y03NBZ72G3Y92 then sleep 2.0 s
#   attempt 57 2026-09-24T16:11:29.318248+09:00 http 503 1660.9 ms gen gen_01M3942KY0YS7SDRF5Z0RMB6QD then sleep 2.0 s
#   attempt 58 2026-09-24T16:11:32.979369+09:00 http 503 1744.4 ms gen gen_01M3942Q9ZB3ZB41Q2KY9X806J then sleep 2.0 s
#   attempt 59 2026-09-24T16:11:36.723954+09:00 http 503 1708.0 ms gen gen_01M3942V5X9SD5QE91GAPN0XRC then sleep 2.0 s
#   attempt 60 2026-09-24T16:11:40.432081+09:00 http 503 1525.4 ms gen gen_01M3942YM9CXFTSG8Y9PZRX6MW then sleep 2.0 s
#   attempt 61 2026-09-24T16:11:43.957627+09:00 http 503 1457.7 ms gen gen_01M3943259SXPZDARBEZMFYAJT then sleep 2.0 s
#   attempt 62 2026-09-24T16:11:47.414279+09:00 http 503 1379.5 ms gen gen_01M394359TKKVTKAHN8EW70TX6 then sleep 2.0 s
#   attempt 63 2026-09-24T16:11:50.793990+09:00 http 503 1640.5 ms gen gen_01M39438V7X971WSYMX4D7SABS then sleep 2.0 s
#   attempt 64 2026-09-24T16:11:54.434665+09:00 http 503 1595.7 ms gen gen_01M3943CCD5T9M4WZRHEMYVYM8 then sleep 2.0 s
#   attempt 65 2026-09-24T16:11:58.030502+09:00 http 503 1502.0 ms gen gen_01M3943FRZ8F7EYDPJZT0BJFWD then sleep 2.0 s
#   attempt 66 2026-09-24T16:12:01.532652+09:00 http 503 1622.1 ms gen gen_01M3943KB2M9X6AXB1Y0NYK7WN then sleep 2.0 s
#   attempt 67 2026-09-24T16:12:05.154965+09:00 http 503 1549.7 ms gen gen_01M3943PNWSPRKEJ851EW574DG then sleep 2.0 s
#   attempt 68 2026-09-24T16:12:08.704871+09:00 http 503 1522.8 ms gen gen_01M3943T7MXGT80ASYMNSY5QBS then sleep 2.0 s
#   attempt 69 2026-09-24T16:12:12.227819+09:00 http 503 1759.5 ms gen gen_01M3943XX8P9RAXBEH2KF72QA0 then sleep 2.0 s
#   attempt 70 2026-09-24T16:12:15.985387+09:00 http 503 1765.5 ms gen gen_01M39441K4VH0CXZ9NW2CXPWET then sleep 2.0 s
#   attempt 71 2026-09-24T16:12:19.751087+09:00 http 503 1382.4 ms gen gen_01M39444XBTCCX5XCA9PR6SQ9K then sleep 2.0 s
#   attempt 72 2026-09-24T16:12:23.133700+09:00 http 503 1550.0 ms gen gen_01M39448BRP1CJSSEMHFZCPB3Y then sleep 2.0 s
#   attempt 73 2026-09-24T16:12:26.683864+09:00 http 503 1647.5 ms gen gen_01M3944BX6DG140ZG7YMA0FG5A then sleep 2.0 s
#   attempt 74 2026-09-24T16:12:30.331571+09:00 http 503 1572.0 ms gen gen_01M3944FD71SQ8Y9960PQ2DEP8 then sleep 2.0 s
#   attempt 75 2026-09-24T16:12:33.903704+09:00 http 503 1496.8 ms gen gen_01M3944K0B5NSQR70TEJ6Q60PW then sleep 2.0 s
#   attempt 76 2026-09-24T16:12:37.400651+09:00 http 503 1494.8 ms gen gen_01M3944P7T3XB2WFKT8CJN07HP then sleep 2.0 s
#   attempt 77 2026-09-24T16:12:40.895645+09:00 http 503 1488.6 ms gen gen_01M3944SN4465D66WWW23BKYBD then sleep 2.0 s
#   attempt 78 2026-09-24T16:12:44.384447+09:00 http 429 1100.4 ms gen gen_01M3944X2YTM1SCHW8Z982T6TZ retry-after 15.0 s then sleep 15.0 s
#   attempt 79 2026-09-24T16:13:00.484422+09:00 http 503 1717.3 ms gen gen_01M3945D0SQZVEEDAQ2BMMJE1J then sleep 2.0 s
#   attempt 80 2026-09-24T16:13:04.201871+09:00 http 503 1643.9 ms gen gen_01M3945GJFABRAP0FM1RE591S2 then sleep 2.0 s
#   attempt 81 2026-09-24T16:13:07.845992+09:00 http 503 1261.4 ms gen gen_01M3945KX3Z158T8SQEZRYF4NC then sleep 2.0 s
#   attempt 82 2026-09-24T16:13:11.107628+09:00 http 503 2010.9 ms gen gen_01M3945QC75WA3NJ5CXDBAMF8H then sleep 2.0 s
#   attempt 83 2026-09-24T16:13:15.117409+09:00 http 429 1185.5 ms gen gen_01M3945V5TTH7DN7R4SKAK6YTA retry-after 44.0 s then sleep 44.0 s
#   attempt 84 2026-09-24T16:14:00.301405+09:00 http 503 1600.1 ms gen gen_01M394778W46XW3D8T8FGHJG7D then sleep 2.0 s
#   attempt 85 2026-09-24T16:14:03.901728+09:00 http 503 1725.5 ms gen gen_01M3947AXM4BTT1FS2V90JKCYK then sleep 2.0 s
#   attempt 86 2026-09-24T16:14:07.627547+09:00 http 503 1932.2 ms gen gen_01M3947EKM0006RFKM4WHRSCYZ then sleep 2.0 s
#   attempt 87 2026-09-24T16:14:11.559892+09:00 http 200 1739.6 ms gen gen_01M3947JC9FGG7H3AR2CNAJCBT
2026-09-24T16:14:58.312068+09:00 r2 L11.B     5 200   1867.9   15506    758 0.00000000  (after 12 failed attempt(s): HTTP 503, HTTP 503, HTTP 503, HTTP 503, HTTP 503, HTTP 503, HTTP 503, HTTP 503, HTTP 503, HTTP 503, HTTP 503, HTTP 503)
#   request 51500 bytes sha256 73936a844a639592, 13 attempt(s), 24.0 s waited
#   attempt 1 2026-09-24T16:14:13.305235+09:00 http 503 1364.2 ms gen gen_01M3947KSPB58RQQT6ANAPA5AA then sleep 2.0 s
#   attempt 2 2026-09-24T16:14:16.668337+09:00 http 503 1657.3 ms gen gen_01M3947QBD4BRN8BSTV6ZCB8XW then sleep 2.0 s
#   attempt 3 2026-09-24T16:14:20.325920+09:00 http 503 1705.9 ms gen gen_01M3947TXTWXNRD2DXYM3P3A3C then sleep 2.0 s
#   attempt 4 2026-09-24T16:14:24.032006+09:00 http 503 1572.1 ms gen gen_01M3947YENKRKC3ZP7EJKNME10 then sleep 2.0 s
#   attempt 5 2026-09-24T16:14:27.604299+09:00 http 503 1390.6 ms gen gen_01M39481SKD5XJ9H1RVCZJ6RDN then sleep 2.0 s
#   attempt 6 2026-09-24T16:14:30.995049+09:00 http 503 1622.2 ms gen gen_01M39485ASA33MFTSXK742RS2K then sleep 2.0 s
#   attempt 7 2026-09-24T16:14:34.617429+09:00 http 503 1815.1 ms gen gen_01M39488VMCY2HNJFD70QTR8B5 then sleep 2.0 s
#   attempt 8 2026-09-24T16:14:38.432667+09:00 http 503 1756.9 ms gen gen_01M3948CP3F1XA5XDH3V8833G0 then sleep 2.0 s
#   attempt 9 2026-09-24T16:14:42.189836+09:00 http 503 1482.1 ms gen gen_01M3948G7ZNEQ9SX5CFJMSJ3PX then sleep 2.0 s
#   attempt 10 2026-09-24T16:14:45.671120+09:00 http 503 1462.9 ms gen gen_01M3948KEZN0TE9E5R3SYBAYZX then sleep 2.0 s
#   attempt 11 2026-09-24T16:14:49.134206+09:00 http 503 1784.2 ms gen gen_01M3948Q6830YNKX8KMVBHQ7RR then sleep 2.0 s
#   attempt 12 2026-09-24T16:14:52.918622+09:00 http 503 1525.2 ms gen gen_01M3948TKTR0S80BRY70KQ55GP then sleep 2.0 s
#   attempt 13 2026-09-24T16:14:56.444038+09:00 http 200 1867.9 ms gen gen_01M3948Y6YMHTECA1W7HD56ZYW
2026-09-24T16:16:44.194809+09:00 r2 L12.A     6 200   2044.2   19447    258 0.00000000  (after 17 failed attempt(s): HTTP 503, HTTP 503, HTTP 503, HTTP 503, HTTP 503, HTTP 429, HTTP 503, HTTP 503, HTTP 503, HTTP 503, HTTP 503, HTTP 503, HTTP 503, HTTP 503, HTTP 503, HTTP 503, HTTP 503)
#   request 55464 bytes sha256 208a18e7e16372ce, 18 attempt(s), 75.0 s waited
#   attempt 1 2026-09-24T16:14:58.315211+09:00 http 503 1597.0 ms gen gen_01M3948ZY332V49D5M40P1Z8GY then sleep 2.0 s
#   attempt 2 2026-09-24T16:15:01.912368+09:00 http 503 1808.0 ms gen gen_01M39493N1D67P8ZTEKSBHX7Z9 then sleep 2.0 s
#   attempt 3 2026-09-24T16:15:05.720562+09:00 http 503 1649.0 ms gen gen_01M394977Z2TPENKA4MNAZTCQ1 then sleep 2.0 s
#   attempt 4 2026-09-24T16:15:09.369772+09:00 http 503 1636.0 ms gen gen_01M3949ASTZW74ES4WPS864GNK then sleep 2.0 s
#   attempt 5 2026-09-24T16:15:13.005932+09:00 http 503 1498.5 ms gen gen_01M3949EAHCNC8YF0Z0E1SA59P then sleep 2.0 s
#   attempt 6 2026-09-24T16:15:16.501834+09:00 http 429 1127.8 ms gen gen_01M3949HPZ7C36J5GWPNPFDECK retry-after 43.0 s then sleep 43.0 s
#   attempt 7 2026-09-24T16:16:00.630119+09:00 http 503 1702.9 ms gen gen_01M394AWXWQ4M54NB0NF892XDG then sleep 2.0 s
#   attempt 8 2026-09-24T16:16:04.333208+09:00 http 503 1583.5 ms gen gen_01M394B0DQANSC92N9NKR1XW58 then sleep 2.0 s
#   attempt 9 2026-09-24T16:16:07.916847+09:00 http 503 1259.7 ms gen gen_01M394B3QCAQP857W5Y5G9AGQP then sleep 2.0 s
#   attempt 10 2026-09-24T16:16:11.176752+09:00 http 503 1929.4 ms gen gen_01M394B7EQGEF0FTRTA6Y4HZ5E then sleep 2.0 s
#   attempt 11 2026-09-24T16:16:15.104878+09:00 http 503 1774.2 ms gen gen_01M394BB3KFCFGM8H5XKWMC2N0 then sleep 2.0 s
#   attempt 12 2026-09-24T16:16:18.879249+09:00 http 503 1503.2 ms gen gen_01M394BET7ZXV2DXRED09CBX6D then sleep 2.0 s
#   attempt 13 2026-09-24T16:16:22.382661+09:00 http 503 2703.3 ms gen gen_01M394BK4F88NHHHE0QS4AY9TH then sleep 2.0 s
#   attempt 14 2026-09-24T16:16:27.086131+09:00 http 503 1844.9 ms gen gen_01M394BPVN81MGB39CZDV6SDRM then sleep 2.0 s
#   attempt 15 2026-09-24T16:16:30.931241+09:00 http 503 1600.2 ms gen gen_01M394BTCAVS8Z8JQ0JMM9AN37 then sleep 2.0 s
#   attempt 16 2026-09-24T16:16:34.531603+09:00 http 503 1774.2 ms gen gen_01M394BY2AKGRX320ZAERR1FPW then sleep 2.0 s
#   attempt 17 2026-09-24T16:16:38.306053+09:00 http 503 1844.3 ms gen gen_01M394C1T89GWJ9TGXDF3RH2G4 then sleep 2.0 s
#   attempt 18 2026-09-24T16:16:42.150523+09:00 http 200 2044.2 ms gen gen_01M394C5JT95NP47098MASBWTT
2026-09-24T16:18:59.998737+09:00 r2 L12.B     5 200   1464.9   15671    758 0.00000000  (after 36 failed attempt(s): HTTP 503, HTTP 503, HTTP 503, HTTP 503, HTTP 503, HTTP 503, HTTP 503, HTTP 503, HTTP 503, HTTP 503, HTTP 503, HTTP 503, HTTP 503, HTTP 503, HTTP 503, HTTP 503, HTTP 503, HTTP 503, HTTP 503, HTTP 503, HTTP 503, HTTP 503, HTTP 503, HTTP 503, HTTP 503, HTTP 503, HTTP 503, HTTP 503, HTTP 503, HTTP 503, HTTP 503, HTTP 503, HTTP 503, HTTP 503, HTTP 503, HTTP 503)
#   request 52260 bytes sha256 273a71da1b33ae69, 37 attempt(s), 72.0 s waited
#   attempt 1 2026-09-24T16:16:44.199359+09:00 http 503 1654.4 ms gen gen_01M394C7D3A9W0795PT31E5KPS then sleep 2.0 s
#   attempt 2 2026-09-24T16:16:47.852765+09:00 http 503 2002.4 ms gen gen_01M394CBA6R42WAYVSS15WYMZH then sleep 2.0 s
#   attempt 3 2026-09-24T16:16:51.855315+09:00 http 503 1850.0 ms gen gen_01M394CF23YA1Y84KG8NF0CXH8 then sleep 2.0 s
#   attempt 4 2026-09-24T16:16:55.705504+09:00 http 503 1718.4 ms gen gen_01M394CJNRPBXVPCPV0RFFYSEN then sleep 2.0 s
#   attempt 5 2026-09-24T16:16:59.424139+09:00 http 503 2101.8 ms gen gen_01M394CPCSNZ0Q246NB3KEEZHJ then sleep 2.0 s
#   attempt 6 2026-09-24T16:17:03.526084+09:00 http 503 1742.1 ms gen gen_01M394CTAY4W47BRBAEH4974FG then sleep 2.0 s
#   attempt 7 2026-09-24T16:17:07.268424+09:00 http 503 1700.2 ms gen gen_01M394CXZQ2WY4ZAJVCR9CY9NN then sleep 2.0 s
#   attempt 8 2026-09-24T16:17:10.968840+09:00 http 503 1669.0 ms gen gen_01M394D1CAY63AHSM8C6MQABQ9 then sleep 2.0 s
#   attempt 9 2026-09-24T16:17:14.636695+09:00 http 503 1684.3 ms gen gen_01M394D54D1DK2B3WJYA4A53S7 then sleep 2.0 s
#   attempt 10 2026-09-24T16:17:18.321197+09:00 http 503 1645.9 ms gen gen_01M394D8QQAYNR0PPKY1PQG11M then sleep 2.0 s
#   attempt 11 2026-09-24T16:17:21.967268+09:00 http 503 1482.0 ms gen gen_01M394DC3VN4MG9H4HNCF4S0X9 then sleep 2.0 s
#   attempt 12 2026-09-24T16:17:25.449408+09:00 http 503 1850.5 ms gen gen_01M394DFQ55EAE2YK0YYNH2Q65 then sleep 2.0 s
#   attempt 13 2026-09-24T16:17:29.300065+09:00 http 503 1751.2 ms gen gen_01M394DKH74AASP7TVAEZASFKG then sleep 2.0 s
#   attempt 14 2026-09-24T16:17:33.051508+09:00 http 503 1392.5 ms gen gen_01M394DPWCTAYWQSXQKXBXYP1M then sleep 2.0 s
#   attempt 15 2026-09-24T16:17:36.444204+09:00 http 503 1769.8 ms gen gen_01M394DTHJ6SC5852N9QPSZHSN then sleep 2.0 s
#   attempt 16 2026-09-24T16:17:40.214181+09:00 http 503 1708.6 ms gen gen_01M394DY4S1SDRNECH4PQPA1K1 then sleep 2.0 s
#   attempt 17 2026-09-24T16:17:43.923003+09:00 http 503 1734.7 ms gen gen_01M394E1Y4FJNS1FS63P30NC7J then sleep 2.0 s
#   attempt 18 2026-09-24T16:17:47.656533+09:00 http 503 1537.5 ms gen gen_01M394E591SXJHJJA605KZPJMH then sleep 2.0 s
#   attempt 19 2026-09-24T16:17:51.194245+09:00 http 503 1875.7 ms gen gen_01M394E90DZ0WQYKP8224490J6 then sleep 2.0 s
#   attempt 20 2026-09-24T16:17:55.070105+09:00 http 503 1862.8 ms gen gen_01M394ECTRZF2FHTTB5XBRG3XK then sleep 2.0 s
#   attempt 21 2026-09-24T16:17:58.933098+09:00 http 503 1743.6 ms gen gen_01M394EGE1D6TXRK7VDWF7E86V then sleep 2.0 s
#   attempt 22 2026-09-24T16:18:02.676906+09:00 http 503 1635.9 ms gen gen_01M394EM0A23NNRFC44HEV1Q6P then sleep 2.0 s
#   attempt 23 2026-09-24T16:18:06.313018+09:00 http 503 1549.0 ms gen gen_01M394EQH768RFW0X8MET79V9B then sleep 2.0 s
#   attempt 24 2026-09-24T16:18:09.862268+09:00 http 503 1476.2 ms gen gen_01M394ETXAKQZKNRAYRYM1MQQS then sleep 2.0 s
#   attempt 25 2026-09-24T16:18:13.338699+09:00 http 503 1502.1 ms gen gen_01M394EY9327WN155FGZ7H0XEP then sleep 2.0 s
#   attempt 26 2026-09-24T16:18:16.839689+09:00 http 503 1666.3 ms gen gen_01M394F1WQ5XJP7YC54FCAGS1X then sleep 2.0 s
#   attempt 27 2026-09-24T16:18:20.506248+09:00 http 503 1614.5 ms gen gen_01M394F5DP4HHDEKVSA5AJSSNF then sleep 2.0 s
#   attempt 28 2026-09-24T16:18:24.120916+09:00 http 503 1889.1 ms gen gen_01M394F953CQED11RD9VCV8GFV then sleep 2.0 s
#   attempt 29 2026-09-24T16:18:28.010173+09:00 http 503 1831.6 ms gen gen_01M394FCY59YKDNRWJYJSG988Z then sleep 2.0 s
#   attempt 30 2026-09-24T16:18:31.841988+09:00 http 503 1751.7 ms gen gen_01M394FGKJ96BDVCX7TNJGNBT1 then sleep 2.0 s
#   attempt 31 2026-09-24T16:18:35.593872+09:00 http 503 1871.3 ms gen gen_01M394FM7TPCX5XJBF3PEJMEHT then sleep 2.0 s
#   attempt 32 2026-09-24T16:18:39.465401+09:00 http 503 1747.4 ms gen gen_01M394FR2W02RCCM7QPSA2HDRY then sleep 2.0 s
#   attempt 33 2026-09-24T16:18:43.213056+09:00 http 503 1895.2 ms gen gen_01M394FVQD861RYCETCW3A7G5F then sleep 2.0 s
#   attempt 34 2026-09-24T16:18:47.107320+09:00 http 503 1820.3 ms gen gen_01M394FZJVN3DZJ5AM7JAYDQY4 then sleep 2.0 s
#   attempt 35 2026-09-24T16:18:50.927889+09:00 http 503 1994.3 ms gen gen_01M394G377SS3Z4JVHKF6HW48A then sleep 2.0 s
#   attempt 36 2026-09-24T16:18:54.922354+09:00 http 503 1611.2 ms gen gen_01M394G70W3Y202P2492V377VE then sleep 2.0 s
#   attempt 37 2026-09-24T16:18:58.533778+09:00 http 200 1464.9 ms gen gen_01M394GAF38F73YV6QVF7G3WJF
2026-09-24T16:20:28.456798+09:00 r2 L13.A     6 200   1627.9   13059    258 0.00000000  (after 25 failed attempt(s): HTTP 503, HTTP 503, HTTP 503, HTTP 503, HTTP 503, HTTP 503, HTTP 503, HTTP 503, HTTP 503, HTTP 503, HTTP 503, HTTP 503, HTTP 503, HTTP 503, HTTP 503, HTTP 503, HTTP 503, HTTP 503, HTTP 503, HTTP 503, HTTP 503, HTTP 503, HTTP 503, HTTP 503, HTTP 503)
#   request 38584 bytes sha256 cb00e107bfa70652, 26 attempt(s), 50.0 s waited
#   attempt 1 2026-09-24T16:19:00.003888+09:00 http 503 1456.5 ms gen gen_01M394GBZC0794YKQ2AM9DWKPK then sleep 2.0 s
#   attempt 2 2026-09-24T16:19:03.460544+09:00 http 503 1460.4 ms gen gen_01M394GFC437TJFDATJ5B1QNA3 then sleep 2.0 s
#   attempt 3 2026-09-24T16:19:06.921192+09:00 http 503 1413.4 ms gen gen_01M394GJKED2PQAKZ5QX9MFHMN then sleep 2.0 s
#   attempt 4 2026-09-24T16:19:10.334816+09:00 http 503 1337.8 ms gen gen_01M394GNZ14DVM4W693R4ZCCV0 then sleep 2.0 s
#   attempt 5 2026-09-24T16:19:13.672779+09:00 http 503 1752.7 ms gen gen_01M394GS4CYRXGQGHNGARTD1Q7 then sleep 2.0 s
#   attempt 6 2026-09-24T16:19:17.423767+09:00 http 503 1254.2 ms gen gen_01M394GWT1TXAFFGNVS87HZN8M then sleep 2.0 s
#   attempt 7 2026-09-24T16:19:20.678120+09:00 http 503 1387.6 ms gen gen_01M394H023PEK8HV5DYEMHNBQK then sleep 2.0 s
#   attempt 8 2026-09-24T16:19:24.065871+09:00 http 503 1547.4 ms gen gen_01M394H3GVBHXMJYQ7B3KHNFJQ then sleep 2.0 s
#   attempt 9 2026-09-24T16:19:27.613415+09:00 http 503 1130.7 ms gen gen_01M394H6MSFJFHK04KHJKSMCZ1 then sleep 2.0 s
#   attempt 10 2026-09-24T16:19:30.744334+09:00 http 503 1370.8 ms gen gen_01M394HA0FKX8BG88VQ9G7M36E then sleep 2.0 s
#   attempt 11 2026-09-24T16:19:34.115323+09:00 http 503 1404.5 ms gen gen_01M394HDAVRFYVAVMQE7CY15X5 then sleep 2.0 s
#   attempt 12 2026-09-24T16:19:37.520016+09:00 http 503 1792.5 ms gen gen_01M394HGKFV1K56B86T720E6N1 then sleep 2.0 s
#   attempt 13 2026-09-24T16:19:41.312676+09:00 http 503 1281.8 ms gen gen_01M394HM69BJ9BX4JK09YP1HSB then sleep 2.0 s
#   attempt 14 2026-09-24T16:19:44.594706+09:00 http 503 1246.9 ms gen gen_01M394HQ9QW4M8ZBHPSC67RH8Y then sleep 2.0 s
#   attempt 15 2026-09-24T16:19:47.841281+09:00 http 503 1478.4 ms gen gen_01M394HTQXG5ME31VCMCK8M4EK then sleep 2.0 s
#   attempt 16 2026-09-24T16:19:51.319893+09:00 http 503 1769.7 ms gen gen_01M394HY7V5K3PYM3D05ER87RA then sleep 2.0 s
#   attempt 17 2026-09-24T16:19:55.089739+09:00 http 503 1404.3 ms gen gen_01M394J1PR8YGJW48VEZ06T3WM then sleep 2.0 s
#   attempt 18 2026-09-24T16:19:58.494306+09:00 http 503 1538.1 ms gen gen_01M394J55X0WKHPE487H7KV84C then sleep 2.0 s
#   attempt 19 2026-09-24T16:20:02.032534+09:00 http 503 1515.3 ms gen gen_01M394J8JJ3FXEJ1TCG6BXCA3Z then sleep 2.0 s
#   attempt 20 2026-09-24T16:20:05.548006+09:00 http 503 1426.7 ms gen gen_01M394JBXT38QW21WB0FFADSY9 then sleep 2.0 s
#   attempt 21 2026-09-24T16:20:08.974898+09:00 http 503 1434.3 ms gen gen_01M394JFADZS88Y36BY7N019TR then sleep 2.0 s
#   attempt 22 2026-09-24T16:20:12.409388+09:00 http 503 1319.5 ms gen gen_01M394JJJ7Q0KZ00YWF129NV94 then sleep 2.0 s
#   attempt 23 2026-09-24T16:20:15.727585+09:00 http 503 1367.8 ms gen gen_01M394JNSXGQ44V5JFGZ6XED4G then sleep 2.0 s
#   attempt 24 2026-09-24T16:20:19.095591+09:00 http 503 1334.6 ms gen gen_01M394JS2VB0413HK0E89B55Z9 then sleep 2.0 s
#   attempt 25 2026-09-24T16:20:22.430355+09:00 http 503 2398.3 ms gen gen_01M394JXD7ZFGDG5C2MGWTP0EK then sleep 2.0 s
#   attempt 26 2026-09-24T16:20:26.828860+09:00 http 200 1627.9 ms gen gen_01M394K0T43SEMX3DVAWX5VZZ0
2026-09-24T16:21:12.733456+09:00 r2 L13.B     5 200   1307.5   10525    758 0.00000000  (after 9 failed attempt(s): HTTP 503, HTTP 503, HTTP 503, HTTP 503, HTTP 503, HTTP 429, HTTP 503, HTTP 503, HTTP 503)
#   request 38330 bytes sha256 afc0770504193785, 10 attempt(s), 30.0 s waited
#   attempt 1 2026-09-24T16:20:28.462496+09:00 http 503 1279.2 ms gen gen_01M394K2751116NAVK5VV64XDR then sleep 2.0 s
#   attempt 2 2026-09-24T16:20:31.741974+09:00 http 503 1194.0 ms gen gen_01M394K5A5D2S56GSQ70VNBVZP then sleep 2.0 s
#   attempt 3 2026-09-24T16:20:34.936243+09:00 http 503 1284.5 ms gen gen_01M394K8H5FAAC4JDDBG20YTE0 then sleep 2.0 s
#   attempt 4 2026-09-24T16:20:38.220987+09:00 http 503 1588.8 ms gen gen_01M394KC0D2YRX53YVW9MMFT1Y then sleep 2.0 s
#   attempt 5 2026-09-24T16:20:41.810004+09:00 http 503 1437.1 ms gen gen_01M394KFCEB4J49SSNXNESKQN3 then sleep 2.0 s
#   attempt 6 2026-09-24T16:20:45.246018+09:00 http 429 1283.5 ms gen gen_01M394KJVRJFW6A9P697BE93JC retry-after 14.0 s then sleep 14.0 s
#   attempt 7 2026-09-24T16:21:00.529838+09:00 http 503 1462.4 ms gen gen_01M394M1PP5423STMEXYC30RGD then sleep 2.0 s
#   attempt 8 2026-09-24T16:21:03.992384+09:00 http 503 1339.1 ms gen gen_01M394M4Y8ZXD44Y4RH8FJ5BVX then sleep 2.0 s
#   attempt 9 2026-09-24T16:21:07.331696+09:00 http 503 2093.9 ms gen gen_01M394M8WX4HC3ANMTB7CQVSEA then sleep 2.0 s
#   attempt 10 2026-09-24T16:21:11.425836+09:00 http 200 1307.5 ms gen gen_01M394MC9FMA9TQ6G3X64W0MY3
2026-09-24T16:21:29.196573+09:00 r3 B0.A      6 200   1814.9   19249    257 0.00000000  (after 4 failed attempt(s): HTTP 503, HTTP 503, HTTP 503, HTTP 503)
#   request 54552 bytes sha256 a7739345114ea9d9, 5 attempt(s), 8.0 s waited
#   attempt 1 2026-09-24T16:21:12.736858+09:00 http 503 1593.7 ms gen gen_01M394MDJH4CWX5M0CGN3WCJK6 then sleep 2.0 s
#   attempt 2 2026-09-24T16:21:16.329823+09:00 http 503 1895.5 ms gen gen_01M394MHCFS8BZDB567T54VKS5 then sleep 2.0 s
#   attempt 3 2026-09-24T16:21:20.225500+09:00 http 503 1638.2 ms gen gen_01M394MMZQGA8A1ZWAMEY17Y07 then sleep 2.0 s
#   attempt 4 2026-09-24T16:21:23.863848+09:00 http 503 1517.6 ms gen gen_01M394MRCV7R2A8JC8PVGMQCGE then sleep 2.0 s
#   attempt 5 2026-09-24T16:21:27.381613+09:00 http 200 1814.9 ms gen gen_01M394MVYDW00EWMS6K8FRNX98
2026-09-24T16:21:52.933993+09:00 r3 B0.B      5 200   1847.9   15506    758 0.00000000  (after 6 failed attempt(s): HTTP 503, HTTP 503, HTTP 503, HTTP 503, HTTP 503, HTTP 503)
#   request 51500 bytes sha256 62d72f83461b52f3, 7 attempt(s), 12.0 s waited
#   attempt 1 2026-09-24T16:21:29.200315+09:00 http 503 1617.4 ms gen gen_01M394MXN59FC0R0G0WV5NC4BD then sleep 2.0 s
#   attempt 2 2026-09-24T16:21:32.817922+09:00 http 503 1551.0 ms gen gen_01M394N15WQM5JBZNHF3J5YQK7 then sleep 2.0 s
#   attempt 3 2026-09-24T16:21:36.369165+09:00 http 503 1801.9 ms gen gen_01M394N4TBNR1CC00ZF8A0FCM3 then sleep 2.0 s
#   attempt 4 2026-09-24T16:21:40.171297+09:00 http 503 1526.8 ms gen gen_01M394N8ASKCMMPCMTK1X20D12 then sleep 2.0 s
#   attempt 5 2026-09-24T16:21:43.698263+09:00 http 503 1777.8 ms gen gen_01M394NBP97M1PA2FH05PR90E6 then sleep 2.0 s
#   attempt 6 2026-09-24T16:21:47.475026+09:00 http 503 1610.8 ms gen gen_01M394NFHH0N6GK44533HEAZSY then sleep 2.0 s
#   attempt 7 2026-09-24T16:21:51.086025+09:00 http 200 1847.9 ms gen gen_01M394NK5AQCQGZMHVSDP4C5N3
2026-09-24T16:23:06.050382+09:00 r3 L1.B      5 200   1713.6   19906    758 0.00000000  (after 15 failed attempt(s): HTTP 503, HTTP 503, HTTP 503, HTTP 503, HTTP 503, HTTP 503, HTTP 503, HTTP 503, HTTP 503, HTTP 503, HTTP 503, HTTP 503, HTTP 503, HTTP 429, HTTP 503)
#   request 72275 bytes sha256 b1c7cf9a791b4f99, 16 attempt(s), 47.0 s waited
#   attempt 1 2026-09-24T16:21:52.938190+09:00 http 503 1629.2 ms gen gen_01M394NMXMG3BYJG6TG6097T1K then sleep 2.0 s
#   attempt 2 2026-09-24T16:21:56.567529+09:00 http 503 1683.2 ms gen gen_01M394NRFFF5A50XQAF7M963R5 then sleep 2.0 s
#   attempt 3 2026-09-24T16:22:00.250959+09:00 http 503 1611.2 ms gen gen_01M394NW129ADC7JA274JE9PE0 then sleep 2.0 s
#   attempt 4 2026-09-24T16:22:03.862350+09:00 http 503 1428.6 ms gen gen_01M394NZGQGAJD7KXAZJ0TSMVY then sleep 2.0 s
#   attempt 5 2026-09-24T16:22:07.291220+09:00 http 503 1632.8 ms gen gen_01M394P2XGH97TTV3G7T41YGCM then sleep 2.0 s
#   attempt 6 2026-09-24T16:22:10.924188+09:00 http 503 1352.0 ms gen gen_01M394P66X4B18PTKF15XC64N1 then sleep 2.0 s
#   attempt 7 2026-09-24T16:22:14.276408+09:00 http 503 1649.5 ms gen gen_01M394P9QSXA49KFHEQG8ZS13G then sleep 2.0 s
#   attempt 8 2026-09-24T16:22:17.924912+09:00 http 503 2867.3 ms gen gen_01M394PDC4Z1NYJ874HTD55ZNB then sleep 2.0 s
#   attempt 9 2026-09-24T16:22:22.792409+09:00 http 503 1519.0 ms gen gen_01M394PHY0QXN28M55KCK45BTA then sleep 2.0 s
#   attempt 10 2026-09-24T16:22:26.311624+09:00 http 503 1568.1 ms gen gen_01M394PNDW9F10SS1PD772NT06 then sleep 2.0 s
#   attempt 11 2026-09-24T16:22:29.879910+09:00 http 503 1595.5 ms gen gen_01M394PRXTDAHWTPS5HMGVKDNX then sleep 2.0 s
#   attempt 12 2026-09-24T16:22:33.475585+09:00 http 503 1384.8 ms gen gen_01M394PW96X52AGCVH4KA194Y5 then sleep 2.0 s
#   attempt 13 2026-09-24T16:22:36.860514+09:00 http 503 1433.5 ms gen gen_01M394PZQX20CAMEGZHHPP8TVT then sleep 2.0 s
#   attempt 14 2026-09-24T16:22:40.294202+09:00 http 429 1196.2 ms gen gen_01M394Q3400ANM0CAWJBKJXVW9 retry-after 19.0 s then sleep 19.0 s
#   attempt 15 2026-09-24T16:23:00.488788+09:00 http 503 1847.8 ms gen gen_01M394QQ2TMSRC6YQQCBGPPP21 then sleep 2.0 s
#   attempt 16 2026-09-24T16:23:04.336743+09:00 http 200 1713.6 ms gen gen_01M394QTHTAN13DHJKSVKNC0AG
2026-09-24T16:23:22.074068+09:00 r3 L2.B      5 200   1842.2   13660    758 0.00000000  (after 4 failed attempt(s): HTTP 503, HTTP 503, HTTP 503, HTTP 503)
#   request 44142 bytes sha256 a6b3e917dc8b50fd, 5 attempt(s), 8.0 s waited
#   attempt 1 2026-09-24T16:23:06.055745+09:00 http 503 1614.5 ms gen gen_01M394QWDAS0B0D9VDFSYGYVYG then sleep 2.0 s
#   attempt 2 2026-09-24T16:23:09.670410+09:00 http 503 1600.4 ms gen gen_01M394QZVA4P32NPXXQVMV60BQ then sleep 2.0 s
#   attempt 3 2026-09-24T16:23:13.270947+09:00 http 503 1560.9 ms gen gen_01M394R39649QDC6TQMEQVD7R8 then sleep 2.0 s
#   attempt 4 2026-09-24T16:23:16.828115+09:00 http 503 1403.5 ms gen gen_01M394R6SJCWGX0TA9N61QQY83 then sleep 2.0 s
#   attempt 5 2026-09-24T16:23:20.231768+09:00 http 200 1842.2 ms gen gen_01M394RA68WS6Q5G9BA4MHQYEY
2026-09-24T16:23:23.901105+09:00 r3 L3.B      5 200   1821.7   15506    758 0.00000000
2026-09-24T16:27:09.832975+09:00 r3 L4.B      5 200   1932.6   15504    758 0.00000000  (after 34 failed attempt(s): HTTP 503, HTTP 503, HTTP 429, HTTP 503, HTTP 503, HTTP 503, HTTP 503, HTTP 503, HTTP 503, HTTP 503, HTTP 503, HTTP 503, HTTP 429, HTTP 503, HTTP 503, HTTP 503, HTTP 503, HTTP 503, HTTP 503, HTTP 503, HTTP 503, HTTP 503, HTTP 503, HTTP 503, HTTP 503, HTTP 429, HTTP 503, HTTP 503, HTTP 503, HTTP 503, HTTP 503, HTTP 429, HTTP 503, HTTP 503)
#   request 51507 bytes sha256 0a5b2e0ad1a05fd8, 35 attempt(s), 169.0 s waited
#   attempt 1 2026-09-24T16:23:23.906280+09:00 http 503 1484.6 ms gen gen_01M394RDKC255Q5QQ3FGBJV051 then sleep 2.0 s
#   attempt 2 2026-09-24T16:23:27.391258+09:00 http 503 1721.7 ms gen gen_01M394RH8C7FEM3MB8V48V41GX then sleep 2.0 s
#   attempt 3 2026-09-24T16:23:31.113226+09:00 http 429 1081.3 ms gen gen_01M394RMPM1WPKMST3Q7GKPTAR retry-after 28.0 s then sleep 28.0 s
#   attempt 4 2026-09-24T16:24:00.196399+09:00 http 503 1939.6 ms gen gen_01M394SH5G8E4D4X9J3HC7PFJ0 then sleep 2.0 s
#   attempt 5 2026-09-24T16:24:04.136185+09:00 http 503 1528.9 ms gen gen_01M394SN268M0PVD90666PPT3N then sleep 2.0 s
#   attempt 6 2026-09-24T16:24:07.665196+09:00 http 503 1117.6 ms gen gen_01M394SR3J3P766M1MKP4E3NWW then sleep 2.0 s
#   attempt 7 2026-09-24T16:24:10.782968+09:00 http 503 1397.1 ms gen gen_01M394SV8VTRZ30TXZ5CTB7J3X then sleep 2.0 s
#   attempt 8 2026-09-24T16:24:14.180245+09:00 http 503 1433.6 ms gen gen_01M394SYMCZ1SNGW3HDMADBKSZ then sleep 2.0 s
#   attempt 9 2026-09-24T16:24:17.613454+09:00 http 503 1660.2 ms gen gen_01M394T27MYDFBVKNP5BE6R8C7 then sleep 2.0 s
#   attempt 10 2026-09-24T16:24:21.273862+09:00 http 503 1709.5 ms gen gen_01M394T5V9PK2W9VW2F5ZV0PX7 then sleep 2.0 s
#   attempt 11 2026-09-24T16:24:24.983563+09:00 http 503 1361.8 ms gen gen_01M394T94MGRDRXR7KQF377XNS then sleep 2.0 s
#   attempt 12 2026-09-24T16:24:28.345559+09:00 http 503 1411.9 ms gen gen_01M394TCJ23HFHJ42VV7ZNVAVP then sleep 2.0 s
#   attempt 13 2026-09-24T16:24:31.757650+09:00 http 429 1101.7 ms gen gen_01M394TFY3VGNX6BZRH8Q81D02 retry-after 27.0 s then sleep 27.0 s
#   attempt 14 2026-09-24T16:24:59.858165+09:00 http 503 2137.7 ms gen gen_01M394VBHCT7J0G59MYVT0KAP6 then sleep 2.0 s
#   attempt 15 2026-09-24T16:25:03.996097+09:00 http 503 1563.8 ms gen gen_01M394VFBQEWSKRPGANH84Q7S0 then sleep 2.0 s
#   attempt 16 2026-09-24T16:25:07.560068+09:00 http 503 1814.4 ms gen gen_01M394VK4C81GD2RJSEG3MX4JZ then sleep 2.0 s
#   attempt 17 2026-09-24T16:25:11.374589+09:00 http 503 1808.4 ms gen gen_01M394VPVX4VJJCA21CCBKM73A then sleep 2.0 s
#   attempt 18 2026-09-24T16:25:15.181686+09:00 http 503 1811.9 ms gen gen_01M394VTDM71NH3VVGZK605NV5 then sleep 2.0 s
#   attempt 19 2026-09-24T16:25:18.993762+09:00 http 503 1767.5 ms gen gen_01M394VYD95WP54ADNJPY1FN8Z then sleep 2.0 s
#   attempt 20 2026-09-24T16:25:22.761420+09:00 http 503 2159.4 ms gen gen_01M394W20BNGQM0M7YKH6FNA9D then sleep 2.0 s
#   attempt 21 2026-09-24T16:25:26.921011+09:00 http 503 1881.0 ms gen gen_01M394W647BQVEDQCFPXKWB9YT then sleep 2.0 s
#   attempt 22 2026-09-24T16:25:30.802160+09:00 http 503 1917.9 ms gen gen_01M394W9W48XXRRQMR2DKV3VC7 then sleep 2.0 s
#   attempt 23 2026-09-24T16:25:34.720305+09:00 http 503 1927.6 ms gen gen_01M394WDRBDFP1HZ21YHWBNZ4E then sleep 2.0 s
#   attempt 24 2026-09-24T16:25:38.648169+09:00 http 503 1603.6 ms gen gen_01M394WHEBYEM2MXXMGT8SBBW0 then sleep 2.0 s
#   attempt 25 2026-09-24T16:25:42.251935+09:00 http 503 1539.3 ms gen gen_01M394WMR82D4JMJ38SFXR2QSD then sleep 2.0 s
#   attempt 26 2026-09-24T16:25:45.790692+09:00 http 429 1346.2 ms gen gen_01M394WRDV4S98XS4SHYH58DAF retry-after 13.0 s then sleep 13.0 s
#   attempt 27 2026-09-24T16:26:00.137087+09:00 http 503 1699.2 ms gen gen_01M394X6B7V68X7FJS1HK8Z9E4 then sleep 2.0 s
#   attempt 28 2026-09-24T16:26:03.836469+09:00 http 503 1278.8 ms gen gen_01M394X9QGHAKFV4HHG5CJXNW4 then sleep 2.0 s
#   attempt 29 2026-09-24T16:26:07.115458+09:00 http 503 1567.0 ms gen gen_01M394XD34C2W2DDCYPTBQ0PDN then sleep 2.0 s
#   attempt 30 2026-09-24T16:26:10.682603+09:00 http 503 1443.8 ms gen gen_01M394XGEDEMH4RG5C40VZ62D4 then sleep 2.0 s
#   attempt 31 2026-09-24T16:26:14.126609+09:00 http 503 1562.3 ms gen gen_01M394XKWCNBRV2QXQ6AJBWB4M then sleep 2.0 s
#   attempt 32 2026-09-24T16:26:17.687945+09:00 http 429 1269.4 ms gen gen_01M394XQHRRRATSZ6A9A1K6FDW retry-after 41.0 s then sleep 41.0 s
#   attempt 33 2026-09-24T16:26:59.956464+09:00 http 503 1853.4 ms gen gen_01M394Z0X64QQGA7CZTE8WGQD6 then sleep 2.0 s
#   attempt 34 2026-09-24T16:27:03.810182+09:00 http 503 2089.8 ms gen gen_01M394Z4VZB8VTB0R9WFB4CBFM then sleep 2.0 s
#   attempt 35 2026-09-24T16:27:07.900305+09:00 http 200 1932.6 ms gen gen_01M394Z8NC4ETABMGY6STS24EW
2026-09-24T16:29:05.806554+09:00 r3 L5.B      5 200   1900.6   16244    758 0.00000000  (after 22 failed attempt(s): HTTP 503, HTTP 503, HTTP 503, HTTP 503, HTTP 503, HTTP 503, HTTP 503, HTTP 503, HTTP 503, HTTP 429, HTTP 503, HTTP 503, HTTP 503, HTTP 503, HTTP 503, HTTP 503, HTTP 503, HTTP 503, HTTP 503, HTTP 503, HTTP 429, HTTP 503)
#   request 53889 bytes sha256 5bb1204d5dd7063b, 23 attempt(s), 78.0 s waited
#   attempt 1 2026-09-24T16:27:09.839229+09:00 http 503 1612.2 ms gen gen_01M394ZAASY0KE1TRW5KJGHG5R then sleep 2.0 s
#   attempt 2 2026-09-24T16:27:13.451580+09:00 http 503 1699.7 ms gen gen_01M394ZDZETW3EWBEQP44DDAD1 then sleep 2.0 s
#   attempt 3 2026-09-24T16:27:17.149756+09:00 http 503 1484.4 ms gen gen_01M394ZHC9Y4G5J47BRPWNX118 then sleep 2.0 s
#   attempt 4 2026-09-24T16:27:20.634321+09:00 http 503 1617.9 ms gen gen_01M394ZMYSTCZJ1KTKRQ1SZ2VS then sleep 2.0 s
#   attempt 5 2026-09-24T16:27:24.252396+09:00 http 503 1468.8 ms gen gen_01M394ZR9JENC2Z6W1VZ4Y7E5G then sleep 2.0 s
#   attempt 6 2026-09-24T16:27:27.721319+09:00 http 503 1643.8 ms gen gen_01M394ZVVYAV28SGM6ZZRD24FZ then sleep 2.0 s
#   attempt 7 2026-09-24T16:27:31.365311+09:00 http 503 1749.7 ms gen gen_01M394ZZH3N16W1QNQHKVXYCYB then sleep 2.0 s
#   attempt 8 2026-09-24T16:27:35.115213+09:00 http 503 1771.6 ms gen gen_01M3950370S3E8KSJH598WSM79 then sleep 2.0 s
#   attempt 9 2026-09-24T16:27:38.887001+09:00 http 503 1572.6 ms gen gen_01M39506NE2014AADYFWVCG3HK then sleep 2.0 s
#   attempt 10 2026-09-24T16:27:42.459772+09:00 http 429 1278.3 ms gen gen_01M3950AA86VZN17FP9DYXGWRP retry-after 17.0 s then sleep 17.0 s
#   attempt 11 2026-09-24T16:28:00.737824+09:00 http 503 2260.6 ms gen gen_01M3950W81XJ74BG2A454TXQNH then sleep 2.0 s
#   attempt 12 2026-09-24T16:28:04.998862+09:00 http 503 1816.7 ms gen gen_01M39510CFSCT71RSQE2W0NCJC then sleep 2.0 s
#   attempt 13 2026-09-24T16:28:08.815765+09:00 http 503 1840.4 ms gen gen_01M3951440VMXM188R0J1MA019 then sleep 2.0 s
#   attempt 14 2026-09-24T16:28:12.656397+09:00 http 503 1541.1 ms gen gen_01M39517RB1BWZHBNT4650GZEF then sleep 2.0 s
#   attempt 15 2026-09-24T16:28:16.196153+09:00 http 503 1693.2 ms gen gen_01M3951B8X44TFA2YMTMVAEBZ1 then sleep 2.0 s
#   attempt 16 2026-09-24T16:28:19.889527+09:00 http 503 1475.0 ms gen gen_01M3951ENW2HBTSEJ2WSCCSM1W then sleep 2.0 s
#   attempt 17 2026-09-24T16:28:23.364726+09:00 http 503 1704.7 ms gen gen_01M3951J8H0GAWJJ1TWY2KQQ98 then sleep 2.0 s
#   attempt 18 2026-09-24T16:28:27.069582+09:00 http 503 1508.5 ms gen gen_01M3951NRQYMDEM6HRRW5PREX1 then sleep 2.0 s
#   attempt 19 2026-09-24T16:28:30.578259+09:00 http 503 1710.1 ms gen gen_01M3951SA2KXJBRXXWZYY85D69 then sleep 2.0 s
#   attempt 20 2026-09-24T16:28:34.288506+09:00 http 503 1644.2 ms gen gen_01M3951WV6H04QD7V4QREDMCG3 then sleep 2.0 s
#   attempt 21 2026-09-24T16:28:37.932888+09:00 http 429 1328.6 ms gen gen_01M39520HE1RG7XR84FK50DJFM retry-after 21.0 s then sleep 21.0 s
#   attempt 22 2026-09-24T16:29:00.260339+09:00 http 503 1645.4 ms gen gen_01M3952P7BRJTFCN79DJBRDV75 then sleep 2.0 s
#   attempt 23 2026-09-24T16:29:03.905876+09:00 http 200 1900.6 ms gen gen_01M3952SWNEVFKMTDHX2K84R1S
2026-09-24T16:30:31.667101+09:00 r3 L6.A      6 200   1890.5   20022    258 0.00000000  (after 17 failed attempt(s): HTTP 503, HTTP 503, HTTP 503, HTTP 503, HTTP 503, HTTP 503, HTTP 503, HTTP 503, HTTP 429, HTTP 503, HTTP 503, HTTP 503, HTTP 503, HTTP 503, HTTP 503, HTTP 503, HTTP 503)
#   request 56883 bytes sha256 fc6c13349dd80b5e, 18 attempt(s), 55.0 s waited
#   attempt 1 2026-09-24T16:29:05.810823+09:00 http 503 1682.1 ms gen gen_01M3952VNMTWHZT2BZ51C0E8YD then sleep 2.0 s
#   attempt 2 2026-09-24T16:29:09.493060+09:00 http 503 1762.7 ms gen gen_01M3952ZB483E4HCGPGQEJ5XYJ then sleep 2.0 s
#   attempt 3 2026-09-24T16:29:13.255933+09:00 http 503 1631.9 ms gen gen_01M39532WGYGGFAK0447V48EY3 then sleep 2.0 s
#   attempt 4 2026-09-24T16:29:16.879540+09:00 http 503 1606.0 ms gen gen_01M39536DRY6D93NXVQ0SK7KCT then sleep 2.0 s
#   attempt 5 2026-09-24T16:29:20.485707+09:00 http 503 1820.4 ms gen gen_01M3953A4GHK51Q8RP4J017790 then sleep 2.0 s
#   attempt 6 2026-09-24T16:29:24.306344+09:00 http 503 1804.1 ms gen gen_01M3953DVJTYY70QHT4CC193Z9 then sleep 2.0 s
#   attempt 7 2026-09-24T16:29:28.110648+09:00 http 503 1718.7 ms gen gen_01M3953HGBC03A2AH9HVJC75J9 then sleep 2.0 s
#   attempt 8 2026-09-24T16:29:31.829510+09:00 http 503 1780.7 ms gen gen_01M3953N6HASGHJHZT05X0ED99 then sleep 2.0 s
#   attempt 9 2026-09-24T16:29:35.610342+09:00 http 429 1385.0 ms gen gen_01M3953RXG171HMPRMJJYG7AKA retry-after 23.0 s then sleep 23.0 s
#   attempt 10 2026-09-24T16:30:00.002099+09:00 http 503 1719.0 ms gen gen_01M3954GP046QAE6DP96G6W5ZY then sleep 2.0 s
#   attempt 11 2026-09-24T16:30:03.721246+09:00 http 503 1844.8 ms gen gen_01M3954M6AQJ7QWKE3J5TZTBES then sleep 2.0 s
#   attempt 12 2026-09-24T16:30:07.566245+09:00 http 503 1791.3 ms gen gen_01M3954R2CMW7CR82VQVVW561E then sleep 2.0 s
#   attempt 13 2026-09-24T16:30:11.357722+09:00 http 503 1713.1 ms gen gen_01M3954VPQHA9SZEMBXJ4K6FA9 then sleep 2.0 s
#   attempt 14 2026-09-24T16:30:15.069100+09:00 http 503 1744.0 ms gen gen_01M3954ZBHM694TK7BMFTJCK1A then sleep 2.0 s
#   attempt 15 2026-09-24T16:30:18.813266+09:00 http 503 1744.4 ms gen gen_01M395531CYBRBMVJX8YHC53P8 then sleep 2.0 s
#   attempt 16 2026-09-24T16:30:22.557845+09:00 http 503 1722.6 ms gen gen_01M39556NRGP1545CG3G05FD32 then sleep 2.0 s
#   attempt 17 2026-09-24T16:30:26.280576+09:00 http 503 1495.8 ms gen gen_01M3955A8833RKQ3Z0M0APQ4YC then sleep 2.0 s
#   attempt 18 2026-09-24T16:30:29.776523+09:00 http 200 1890.5 ms gen gen_01M3955DQ6SFSW1NKAQG4FNNCV
2026-09-24T16:31:29.823022+09:00 r3 L6.B      5 200   1573.7   15912    758 0.00000000  (after 11 failed attempt(s): HTTP 503, HTTP 503, HTTP 429, HTTP 503, HTTP 503, HTTP 503, HTTP 503, HTTP 503, HTTP 503, HTTP 503, HTTP 503)
#   request 53274 bytes sha256 abb8d669c428f5f4, 12 attempt(s), 40.0 s waited
#   attempt 1 2026-09-24T16:30:31.672364+09:00 http 503 1864.3 ms gen gen_01M3955FPJCDYJFP3CQC36V48C then sleep 2.0 s
#   attempt 2 2026-09-24T16:30:35.536799+09:00 http 503 1794.1 ms gen gen_01M3955KDFKRYQJBKB6JY5VSPH then sleep 2.0 s
#   attempt 3 2026-09-24T16:30:39.331119+09:00 http 429 1308.5 ms gen gen_01M3955Q3A1KYPW49Y1SFS9FBF retry-after 20.0 s then sleep 20.0 s
#   attempt 4 2026-09-24T16:31:00.638847+09:00 http 503 1598.4 ms gen gen_01M3956BW8QCDTSQS3TTA65RXB then sleep 2.0 s
#   attempt 5 2026-09-24T16:31:04.237370+09:00 http 503 1647.6 ms gen gen_01M3956F9VCTBXTRB39W76MEDR then sleep 2.0 s
#   attempt 6 2026-09-24T16:31:07.885106+09:00 http 503 1759.0 ms gen gen_01M3956JZBW1NAASBBGTM4K8QT then sleep 2.0 s
#   attempt 7 2026-09-24T16:31:11.644320+09:00 http 503 1422.1 ms gen gen_01M3956PJS76JVYBEB206T4GH0 then sleep 2.0 s
#   attempt 8 2026-09-24T16:31:15.064338+09:00 http 503 1344.5 ms gen gen_01M3956SPXQEDKAN2XFNS9F8V8 then sleep 2.0 s
#   attempt 9 2026-09-24T16:31:18.408950+09:00 http 503 1142.2 ms gen gen_01M3956WXTKTQK2B2DBPG4MNR2 then sleep 2.0 s
#   attempt 10 2026-09-24T16:31:21.551597+09:00 http 503 1346.5 ms gen gen_01M395702Y6MGGA5B9PA472ZQT then sleep 2.0 s
#   attempt 11 2026-09-24T16:31:24.898242+09:00 http 503 1350.8 ms gen gen_01M39573B115NVMM0B7DGDR03A then sleep 2.0 s
#   attempt 12 2026-09-24T16:31:28.249204+09:00 http 200 1573.7 ms gen gen_01M39576JHHKCVBYHQR74GVB1G
2026-09-24T16:34:29.706586+09:00 r3 L7.A.c0   9 200   1481.2   20553    148 0.00000000  (after 29 failed attempt(s): HTTP 503, HTTP 503, HTTP 503, HTTP 503, HTTP 503, HTTP 503, HTTP 503, HTTP 503, HTTP 503, HTTP 503, HTTP 503, HTTP 503, HTTP 503, HTTP 503, HTTP 503, HTTP 503, HTTP 503, HTTP 503, HTTP 503, HTTP 429, HTTP 429, HTTP 503, HTTP 503, HTTP 503, HTTP 503, HTTP 503, HTTP 503, HTTP 503, HTTP 503)
#   request 58610 bytes sha256 59e2e861cfe6855d, 30 attempt(s), 132.0 s waited
#   attempt 1 2026-09-24T16:31:29.826280+09:00 http 503 1375.9 ms gen gen_01M395781ZRMW702HJKHWY803E then sleep 2.0 s
#   attempt 2 2026-09-24T16:31:33.202330+09:00 http 503 1551.9 ms gen gen_01M3957BGZJY38Q102PQBY7ZCG then sleep 2.0 s
#   attempt 3 2026-09-24T16:31:36.754381+09:00 http 503 1702.0 ms gen gen_01M3957F3XDMW3KGYBVTFKS7ZX then sleep 2.0 s
#   attempt 4 2026-09-24T16:31:40.456576+09:00 http 503 1684.7 ms gen gen_01M3957JSQ7EDN7Z6XNE33EC66 then sleep 2.0 s
#   attempt 5 2026-09-24T16:31:44.141483+09:00 http 503 1622.5 ms gen gen_01M3957P7JMQBWD505YARQ57E7 then sleep 2.0 s
#   attempt 6 2026-09-24T16:31:47.763605+09:00 http 503 2398.7 ms gen gen_01M3957TQ2CA1BMG29FTV3N19A then sleep 2.0 s
#   attempt 7 2026-09-24T16:31:52.162485+09:00 http 503 2147.2 ms gen gen_01M3957Y4ADDE4WPSH9TDDHNH3 then sleep 2.0 s
#   attempt 8 2026-09-24T16:31:56.309973+09:00 http 503 1520.6 ms gen gen_01M395826VXCMCZB4HBXG5P3CQ then sleep 2.0 s
#   attempt 9 2026-09-24T16:31:59.830771+09:00 http 503 1569.9 ms gen gen_01M39585GH1QX3D6S06SMSNP5P then sleep 2.0 s
#   attempt 10 2026-09-24T16:32:03.400853+09:00 http 503 1689.1 ms gen gen_01M395893DGP8RCWQVC0PTJKBG then sleep 2.0 s
#   attempt 11 2026-09-24T16:32:07.090166+09:00 http 503 1652.0 ms gen gen_01M3958CFGAEJV76KGPRC50PFA then sleep 2.0 s
#   attempt 12 2026-09-24T16:32:10.742306+09:00 http 503 1713.0 ms gen gen_01M3958G9JKB0441951EQ6DD8D then sleep 2.0 s
#   attempt 13 2026-09-24T16:32:14.455461+09:00 http 503 1736.3 ms gen gen_01M3958KXA4QWSS7FJE36FPSK5 then sleep 2.0 s
#   attempt 14 2026-09-24T16:32:18.190734+09:00 http 503 1729.7 ms gen gen_01M3958QK3AZV1QBCAVDW6CSPC then sleep 2.0 s
#   attempt 15 2026-09-24T16:32:21.920683+09:00 http 503 1616.1 ms gen gen_01M3958V4WBCPRVQQSAQTSX115 then sleep 2.0 s
#   attempt 16 2026-09-24T16:32:25.536993+09:00 http 503 1434.0 ms gen gen_01M3958YKNV8RCX0EA5X8GT2HN then sleep 2.0 s
#   attempt 17 2026-09-24T16:32:28.971192+09:00 http 503 1737.9 ms gen gen_01M395924XGVTWQS7JT79WQM2Y then sleep 2.0 s
#   attempt 18 2026-09-24T16:32:32.709275+09:00 http 503 1674.2 ms gen gen_01M39595PDA3Z2GW86N027TP3N then sleep 2.0 s
#   attempt 19 2026-09-24T16:32:36.383763+09:00 http 503 1639.4 ms gen gen_01M395998JVW2RT4W65CJ69JTC then sleep 2.0 s
#   attempt 20 2026-09-24T16:32:40.023388+09:00 http 429 1182.0 ms gen gen_01M3959CVJP3F4Z84BYFW1KFN5 retry-after 19.0 s then sleep 19.0 s
#   attempt 21 2026-09-24T16:33:00.203983+09:00 http 429 900.2 ms gen gen_01M395A09BDM6KPVAVKXBN9431 retry-after 59.0 s then sleep 59.0 s
#   attempt 22 2026-09-24T16:34:00.102221+09:00 http 503 1654.1 ms gen gen_01M395BV2EVFWK4TNKR9YP3GT5 then sleep 2.0 s
#   attempt 23 2026-09-24T16:34:03.756520+09:00 http 503 1459.4 ms gen gen_01M395BYQGMF9ECKM7MMKWV3SG then sleep 2.0 s
#   attempt 24 2026-09-24T16:34:07.216141+09:00 http 503 1603.4 ms gen gen_01M395C22Q0WCJYWQM52D4EVP4 then sleep 2.0 s
#   attempt 25 2026-09-24T16:34:10.819711+09:00 http 503 1450.7 ms gen gen_01M395C5B4V35AVD9T9VFZN382 then sleep 2.0 s
#   attempt 26 2026-09-24T16:34:14.270630+09:00 http 503 1526.6 ms gen gen_01M395C8TAQK53TNWERQX2Q56T then sleep 2.0 s
#   attempt 27 2026-09-24T16:34:17.796675+09:00 http 503 1597.3 ms gen gen_01M395CC8R7J2X9KEG6GWQF08Q then sleep 2.0 s
#   attempt 28 2026-09-24T16:34:21.394140+09:00 http 503 1272.4 ms gen gen_01M395CFMK67VGFR9X81RDJ5AA then sleep 2.0 s
#   attempt 29 2026-09-24T16:34:24.666724+09:00 http 503 1558.4 ms gen gen_01M395CK35WJTC90PH6WGBSAZW then sleep 2.0 s
#   attempt 30 2026-09-24T16:34:28.225282+09:00 http 200 1481.2 ms gen gen_01M395CPAEXD59AVGPBWHFYHEK
2026-09-24T16:35:28.830632+09:00 r3 L7.A.c1   9 200   1663.8   20364    148 0.00000000  (after 12 failed attempt(s): HTTP 503, HTTP 503, HTTP 503, HTTP 503, HTTP 429, HTTP 503, HTTP 503, HTTP 503, HTTP 503, HTTP 503, HTTP 503, HTTP 503)
#   request 58121 bytes sha256 d771f0ed167b895f, 13 attempt(s), 37.0 s waited
#   attempt 1 2026-09-24T16:34:29.708276+09:00 http 503 1618.1 ms gen gen_01M395CQYYXHZ1CG1W5ZMVZE3Z then sleep 2.0 s
#   attempt 2 2026-09-24T16:34:33.326534+09:00 http 503 1654.5 ms gen gen_01M395CVHD4PKZ27AYRW9HSY9J then sleep 2.0 s
#   attempt 3 2026-09-24T16:34:36.981263+09:00 http 503 1547.8 ms gen gen_01M395CZ00MDQW0NS23CMKMSSM then sleep 2.0 s
#   attempt 4 2026-09-24T16:34:40.529216+09:00 http 503 1793.0 ms gen gen_01M395D2MTVZYCE4Z16J9WVDNN then sleep 2.0 s
#   attempt 5 2026-09-24T16:34:44.322425+09:00 http 429 1061.2 ms gen gen_01M395D62W293ZWNSH2ZFZR0RJ retry-after 15.0 s then sleep 15.0 s
#   attempt 6 2026-09-24T16:35:00.382691+09:00 http 503 2286.1 ms gen gen_01M395DNTEJ53Q6RA8PKENKKH8 then sleep 2.0 s
#   attempt 7 2026-09-24T16:35:04.669020+09:00 http 503 1311.8 ms gen gen_01M395DSXXMFGNJ94XZXYX6DKT then sleep 2.0 s
#   attempt 8 2026-09-24T16:35:07.981024+09:00 http 503 1782.9 ms gen gen_01M395DXF2FN4ZA5TPW69P8CPD then sleep 2.0 s
#   attempt 9 2026-09-24T16:35:11.764149+09:00 http 503 1735.8 ms gen gen_01M395E12Y4QB0ETNKXHJW22EZ then sleep 2.0 s
#   attempt 10 2026-09-24T16:35:15.497351+09:00 http 503 2083.6 ms gen gen_01M395E4V759H1TCKWFE2YD5SA then sleep 2.0 s
#   attempt 11 2026-09-24T16:35:19.581117+09:00 http 503 1841.4 ms gen gen_01M395E8TZZFGD84Y2V23C7BNV then sleep 2.0 s
#   attempt 12 2026-09-24T16:35:23.423004+09:00 http 503 1743.6 ms gen gen_01M395ECGZSQ4RGZ5A6QW6A323 then sleep 2.0 s
#   attempt 13 2026-09-24T16:35:27.166750+09:00 http 200 1663.8 ms gen gen_01M395EFYW5M6225JK5VC75G39
2026-09-24T16:36:38.305432+09:00 r3 L7.B.c0  12 200   1815.5   17252    198 0.00000000  (after 18 failed attempt(s): HTTP 503, HTTP 503, HTTP 503, HTTP 503, HTTP 503, HTTP 503, HTTP 503, HTTP 503, HTTP 503, HTTP 503, HTTP 503, HTTP 503, HTTP 503, HTTP 503, HTTP 503, HTTP 503, HTTP 503, HTTP 503)
#   request 59201 bytes sha256 0b2ac7a92cd87af6, 19 attempt(s), 36.0 s waited
#   attempt 1 2026-09-24T16:35:28.834950+09:00 http 503 1642.4 ms gen gen_01M395EHNXZV69D3CXWRM7HC2Y then sleep 2.0 s
#   attempt 2 2026-09-24T16:35:32.477580+09:00 http 503 1741.6 ms gen gen_01M395ENAY6DBNMG5QT8ZDW228 then sleep 2.0 s
#   attempt 3 2026-09-24T16:35:36.219339+09:00 http 503 1395.1 ms gen gen_01M395ERXXQYNB58CXKX6N8WAN then sleep 2.0 s
#   attempt 4 2026-09-24T16:35:39.614632+09:00 http 503 2303.3 ms gen gen_01M395EWVEABC1APBVG0GKZP2K then sleep 2.0 s
#   attempt 5 2026-09-24T16:35:43.918153+09:00 http 503 1778.2 ms gen gen_01M395F0HNNKQ2EYZ6YCM1Y7YN then sleep 2.0 s
#   attempt 6 2026-09-24T16:35:47.694707+09:00 http 503 1512.6 ms gen gen_01M395F443DJ8JGCNX0D1AD4B0 then sleep 2.0 s
#   attempt 7 2026-09-24T16:35:51.207537+09:00 http 503 1817.3 ms gen gen_01M395F7Q0M7ASFRPW7DM4D7CA then sleep 2.0 s
#   attempt 8 2026-09-24T16:35:55.025060+09:00 http 503 1643.6 ms gen gen_01M395FB8F7X4R6443RXM5EQ8J then sleep 2.0 s
#   attempt 9 2026-09-24T16:35:58.668862+09:00 http 503 1773.1 ms gen gen_01M395FEYC9G3K69800A2012D2 then sleep 2.0 s
#   attempt 10 2026-09-24T16:36:02.442122+09:00 http 503 1633.8 ms gen gen_01M395FJFRQPPRNP0EQKR1JTDK then sleep 2.0 s
#   attempt 11 2026-09-24T16:36:06.076069+09:00 http 503 2226.7 ms gen gen_01M395FPDW2APWNJP0CXZGC9AR then sleep 2.0 s
#   attempt 12 2026-09-24T16:36:10.302935+09:00 http 503 1762.0 ms gen gen_01M395FT9Q1WE9TQYBJPCT5A27 then sleep 2.0 s
#   attempt 13 2026-09-24T16:36:14.065152+09:00 http 503 1759.2 ms gen gen_01M395FXZ8BGZ84F1Y7H8TGZQD then sleep 2.0 s
#   attempt 14 2026-09-24T16:36:17.823104+09:00 http 503 1719.2 ms gen gen_01M395G1QKJM9GP690PTVX2F7G then sleep 2.0 s
#   attempt 15 2026-09-24T16:36:21.542531+09:00 http 503 1762.3 ms gen gen_01M395G58HSPSKM1MP6YQ1PCF2 then sleep 2.0 s
#   attempt 16 2026-09-24T16:36:25.304995+09:00 http 503 1738.7 ms gen gen_01M395G8Y8ENRBFRESTCWY2JWB then sleep 2.0 s
#   attempt 17 2026-09-24T16:36:29.043850+09:00 http 503 1664.2 ms gen gen_01M395GCGPDNY6QW5TXKCCHHS4 then sleep 2.0 s
#   attempt 18 2026-09-24T16:36:32.708323+09:00 http 503 1781.3 ms gen gen_01M395GFWP5PH0AJFWG8P4CAE6 then sleep 2.0 s
#   attempt 19 2026-09-24T16:36:36.489836+09:00 http 200 1815.5 ms gen gen_01M395GKYVWSSXSZ7V925E8XAA
2026-09-24T16:38:01.808235+09:00 r3 L7.B.c1  11 200   1903.6   17159    181 0.00000000  (after 8 failed attempt(s): HTTP 503, HTTP 429, HTTP 503, HTTP 503, HTTP 503, HTTP 503, HTTP 503, HTTP 429)
#   request 58658 bytes sha256 bae4270b619cf1b8, 9 attempt(s), 69.0 s waited
#   attempt 1 2026-09-24T16:36:38.306841+09:00 http 503 1607.9 ms gen gen_01M395GNM5FANHQ11SRCARFSG0 then sleep 2.0 s
#   attempt 2 2026-09-24T16:36:41.914973+09:00 http 429 1320.9 ms gen gen_01M395GS5CVC1MS2Z300ESTSD2 retry-after 17.0 s then sleep 17.0 s
#   attempt 3 2026-09-24T16:37:00.234414+09:00 http 503 1830.2 ms gen gen_01M395HB48ZYCRTZDKMQWKBV75 then sleep 2.0 s
#   attempt 4 2026-09-24T16:37:04.064837+09:00 http 503 1624.6 ms gen gen_01M395HEMXNPRGD1JSDRAYVTYG then sleep 2.0 s
#   attempt 5 2026-09-24T16:37:07.689660+09:00 http 503 1651.9 ms gen gen_01M395HJ7FKB2M624HF90ES4PA then sleep 2.0 s
#   attempt 6 2026-09-24T16:37:11.341775+09:00 http 503 1559.7 ms gen gen_01M395HNPN9YEEWFMAEC2PSGHW then sleep 2.0 s
#   attempt 7 2026-09-24T16:37:14.900044+09:00 http 503 1859.1 ms gen gen_01M395HSACENK7T3R105FJXVC6 then sleep 2.0 s
#   attempt 8 2026-09-24T16:37:18.759379+09:00 http 429 1146.7 ms gen gen_01M395HX0230PKEFCYEVH28A2A retry-after 40.0 s then sleep 40.0 s
#   attempt 9 2026-09-24T16:37:59.904529+09:00 http 200 1903.6 ms gen gen_01M395K5AP94EJZGSE4BEFX7QY
2026-09-24T16:38:23.128268+09:00 r3 L7.B.c2  11 200   2036.8   16709    181 0.00000000  (after 5 failed attempt(s): HTTP 503, HTTP 503, HTTP 503, HTTP 503, HTTP 503)
#   request 57424 bytes sha256 181e5aa329ad686a, 6 attempt(s), 10.0 s waited
#   attempt 1 2026-09-24T16:38:01.808982+09:00 http 503 1624.8 ms gen gen_01M395K724CD80VZ4P9SXZG99J then sleep 2.0 s
#   attempt 2 2026-09-24T16:38:05.434009+09:00 http 503 1684.0 ms gen gen_01M395KAJXTEZPEVJP4B3ZY4NP then sleep 2.0 s
#   attempt 3 2026-09-24T16:38:09.118175+09:00 http 503 2825.9 ms gen gen_01M395KFAQFP0WG76JE0RQDF22 then sleep 2.0 s
#   attempt 4 2026-09-24T16:38:13.944230+09:00 http 503 1504.6 ms gen gen_01M395KJRE0PN2JX8AX9Z3D18H then sleep 2.0 s
#   attempt 5 2026-09-24T16:38:17.447611+09:00 http 503 1643.2 ms gen gen_01M395KPAQ4D0PN50TM4V7JPXZ then sleep 2.0 s
#   attempt 6 2026-09-24T16:38:21.091379+09:00 http 200 2036.8 ms gen gen_01M395KT0PGV1J0HWTE2CQ8N4R
2026-09-24T16:39:44.729371+09:00 r3 L7.B.c3  12 200   1987.8   17430    198 0.00000000  (after 22 failed attempt(s): HTTP 503, HTTP 503, HTTP 503, HTTP 503, HTTP 503, HTTP 503, HTTP 503, HTTP 503, HTTP 503, HTTP 503, HTTP 503, HTTP 503, HTTP 503, HTTP 503, HTTP 503, HTTP 503, HTTP 503, HTTP 503, HTTP 503, HTTP 503, HTTP 503, HTTP 503)
#   request 59831 bytes sha256 92a44d6fda12f553, 23 attempt(s), 44.0 s waited
#   attempt 1 2026-09-24T16:38:23.128866+09:00 http 503 1448.4 ms gen gen_01M395KVVARPW0ZBW3FW61P7WS then sleep 2.0 s
#   attempt 2 2026-09-24T16:38:26.577474+09:00 http 503 1664.3 ms gen gen_01M395KZ97KB4ZN8XE7DJZTPE4 then sleep 2.0 s
#   attempt 3 2026-09-24T16:38:30.241976+09:00 http 503 1742.2 ms gen gen_01M395M2X369RRKJQZ6V84W25Q then sleep 2.0 s
#   attempt 4 2026-09-24T16:38:33.984388+09:00 http 503 1625.0 ms gen gen_01M395M6GA3198R790T0BFYXRC then sleep 2.0 s
#   attempt 5 2026-09-24T16:38:37.609639+09:00 http 503 1428.0 ms gen gen_01M395MA2E9VFYJNJNPFSRGPVK then sleep 2.0 s
#   attempt 6 2026-09-24T16:38:41.037882+09:00 http 503 1608.1 ms gen gen_01M395MDBF0JG46DYXGETBKXJE then sleep 2.0 s
#   attempt 7 2026-09-24T16:38:44.646217+09:00 http 503 1651.4 ms gen gen_01M395MGX1G90YX6T5VSNK2BG3 then sleep 2.0 s
#   attempt 8 2026-09-24T16:38:48.296437+09:00 http 503 1766.4 ms gen gen_01M395MMJMNHW5ASADFX1P149P then sleep 2.0 s
#   attempt 9 2026-09-24T16:38:52.063106+09:00 http 503 1665.1 ms gen gen_01M395MR4RBMMXMCMSAE4A200S then sleep 2.0 s
#   attempt 10 2026-09-24T16:38:55.728374+09:00 http 503 1795.6 ms gen gen_01M395MVWHTQEXD412R240QBD2 then sleep 2.0 s
#   attempt 11 2026-09-24T16:38:59.524143+09:00 http 503 1611.5 ms gen gen_01M395MZCT3HBZZ2YSA41EJZAY then sleep 2.0 s
#   attempt 12 2026-09-24T16:39:03.135858+09:00 http 503 1452.9 ms gen gen_01M395N2XW5KXQXXEH0QV0BYT3 then sleep 2.0 s
#   attempt 13 2026-09-24T16:39:06.589028+09:00 http 503 1501.8 ms gen gen_01M395N675JJ7TFDF2VNZ6X8H6 then sleep 2.0 s
#   attempt 14 2026-09-24T16:39:10.090969+09:00 http 503 1598.9 ms gen gen_01M395N9QPEP2ARTT7RE6F5E1X then sleep 2.0 s
#   attempt 15 2026-09-24T16:39:13.690236+09:00 http 503 1581.8 ms gen gen_01M395ND70QXKYZMY5ZVEXQC6Z then sleep 2.0 s
#   attempt 16 2026-09-24T16:39:17.269696+09:00 http 503 1918.6 ms gen gen_01M395NGVN91P6T9HR0T9KBHSS then sleep 2.0 s
#   attempt 17 2026-09-24T16:39:21.188495+09:00 http 503 1652.4 ms gen gen_01M395NMKJ8S6X4YF922YZZQFD then sleep 2.0 s
#   attempt 18 2026-09-24T16:39:24.841034+09:00 http 503 1392.2 ms gen gen_01M395NQY668Q169TS959HQYVW then sleep 2.0 s
#   attempt 19 2026-09-24T16:39:28.233392+09:00 http 503 1575.1 ms gen gen_01M395NVGQPHZDP86PS1SV8Q3Z then sleep 2.0 s
#   attempt 20 2026-09-24T16:39:31.808649+09:00 http 503 1667.2 ms gen gen_01M395NYXNJF5R4JE9GGK70SFV then sleep 2.0 s
#   attempt 21 2026-09-24T16:39:35.476071+09:00 http 503 1566.2 ms gen gen_01M395P2G9Q6H7V766K27NXHDT then sleep 2.0 s
#   attempt 22 2026-09-24T16:39:39.042476+09:00 http 503 1699.8 ms gen gen_01M395P61QBTNBPQPWHWG7R50Y then sleep 2.0 s
#   attempt 23 2026-09-24T16:39:42.742547+09:00 http 200 1987.8 ms gen gen_01M395P9T2CY2YHDJBR88GC501
2026-09-24T16:39:50.199644+09:00 r3 L7.B.c4  11 200   1662.1   16767    182 0.00000000  (after 1 failed attempt(s): HTTP 503)
#   request 57403 bytes sha256 a7051f8b6b7f8f4d, 2 attempt(s), 2.0 s waited
#   attempt 1 2026-09-24T16:39:44.730724+09:00 http 503 1806.5 ms gen gen_01M395PBPS9ZBXJEF6P5ZMRZ4A then sleep 2.0 s
#   attempt 2 2026-09-24T16:39:48.537470+09:00 http 200 1662.1 ms gen gen_01M395PF1F9BQ7MB0G3GS6TQ5S
2026-09-24T16:39:51.608216+09:00 r3 L7.B.c5   3 200   1407.8   10535     54 0.00000000
2026-09-24T16:39:56.219140+09:00 r3 L8.A.step1   6 200   1471.3   17965    195 0.00000000  (after 1 failed attempt(s): HTTP 503)
#   request 48540 bytes sha256 88bd6f099c151871, 2 attempt(s), 2.0 s waited
#   attempt 1 2026-09-24T16:39:51.611364+09:00 http 503 1136.2 ms gen gen_01M395PJ4XE58HD0YNQ8TEADYA then sleep 2.0 s
#   attempt 2 2026-09-24T16:39:54.747763+09:00 http 200 1471.3 ms gen gen_01M395PN7H7NCS6S9J6JQ28TX9
2026-09-24T16:40:30.976831+09:00 r3 L8.A.step2   6 200   1897.9   18757    213 0.00000000  (after 9 failed attempt(s): HTTP 503, HTTP 503, HTTP 503, HTTP 503, HTTP 503, HTTP 503, HTTP 503, HTTP 503, HTTP 503)
#   request 52284 bytes sha256 b10e9b871590e300, 10 attempt(s), 18.0 s waited
#   attempt 1 2026-09-24T16:39:56.219671+09:00 http 503 1619.8 ms gen gen_01M395PPS81H7YJRQBAR9N2HQR then sleep 2.0 s
#   attempt 2 2026-09-24T16:39:59.839746+09:00 http 503 1668.1 ms gen gen_01M395PTD90XSXGEA5K0X977Z0 then sleep 2.0 s
#   attempt 3 2026-09-24T16:40:03.508071+09:00 http 503 1895.7 ms gen gen_01M395PY1HDYVSZ55H8CEN4TBW then sleep 2.0 s
#   attempt 4 2026-09-24T16:40:07.403912+09:00 http 503 1706.3 ms gen gen_01M395Q1QVBVJ6DC92RP4Y6S5V then sleep 2.0 s
#   attempt 5 2026-09-24T16:40:11.110385+09:00 http 503 1599.5 ms gen gen_01M395Q5A0KWSX9Z60VK195N60 then sleep 2.0 s
#   attempt 6 2026-09-24T16:40:14.708242+09:00 http 503 1556.6 ms gen gen_01M395Q8WKSD7T87BBK1BZG02A then sleep 2.0 s
#   attempt 7 2026-09-24T16:40:18.265048+09:00 http 503 2059.6 ms gen gen_01M395QC9D869BS6E22N6W4THS then sleep 2.0 s
#   attempt 8 2026-09-24T16:40:22.324969+09:00 http 503 1421.4 ms gen gen_01M395QG41FTP0KZG0EJGTYK9T then sleep 2.0 s
#   attempt 9 2026-09-24T16:40:25.746570+09:00 http 503 1332.0 ms gen gen_01M395QKKG0P319VZGZF5T3KP9 then sleep 2.0 s
#   attempt 10 2026-09-24T16:40:29.078816+09:00 http 200 1897.9 ms gen gen_01M395QPYK8HC8QJA1VGE1F822
2026-09-24T16:40:35.949289+09:00 r3 L8.B.step1   5 200   1641.6   11711    163 0.00000000  (after 1 failed attempt(s): HTTP 503)
#   request 37790 bytes sha256 8bf7582ae1c77ac1, 2 attempt(s), 2.0 s waited
#   attempt 1 2026-09-24T16:40:30.980251+09:00 http 503 1327.2 ms gen gen_01M395QRK37VNAFS9RE2CR49WY then sleep 2.0 s
#   attempt 2 2026-09-24T16:40:34.307616+09:00 http 200 1641.6 ms gen gen_01M395QVY0Y4JBCXZ319M0PMEG
2026-09-24T16:41:22.029356+09:00 r3 L8.B.step2   5 200   1818.4   15301    731 0.00000000  (after 12 failed attempt(s): HTTP 503, HTTP 503, HTTP 503, HTTP 503, HTTP 503, HTTP 503, HTTP 503, HTTP 503, HTTP 503, HTTP 503, HTTP 503, HTTP 503)
#   request 50805 bytes sha256 02e10b26403b43b0, 13 attempt(s), 24.0 s waited
#   attempt 1 2026-09-24T16:40:35.950281+09:00 http 503 1594.2 ms gen gen_01M395QXHQ0XRHZZD3MWJJ0M6A then sleep 2.0 s
#   attempt 2 2026-09-24T16:40:39.544695+09:00 http 503 1712.6 ms gen gen_01M395R16XS0H4S2DKH7DEYSKF then sleep 2.0 s
#   attempt 3 2026-09-24T16:40:43.257411+09:00 http 503 1756.2 ms gen gen_01M395R4W0MV7DGE4G0SNH8Z83 then sleep 2.0 s
#   attempt 4 2026-09-24T16:40:47.012306+09:00 http 503 1396.6 ms gen gen_01M395R85ZAE54KTM4KYPM13NP then sleep 2.0 s
#   attempt 5 2026-09-24T16:40:50.409144+09:00 http 503 2532.2 ms gen gen_01M395RCRX27099EYQ2S01HZHK then sleep 2.0 s
#   attempt 6 2026-09-24T16:40:54.941910+09:00 http 503 1567.0 ms gen gen_01M395RG2MQBB9MTPVBJWBEX1K then sleep 2.0 s
#   attempt 7 2026-09-24T16:40:58.509176+09:00 http 503 1587.9 ms gen gen_01M395RKRGQYB0FYF628VFP1BE then sleep 2.0 s
#   attempt 8 2026-09-24T16:41:02.097244+09:00 http 503 1627.0 ms gen gen_01M395RQ4EGF7E806KFV8XEB2W then sleep 2.0 s
#   attempt 9 2026-09-24T16:41:05.724465+09:00 http 503 1381.5 ms gen gen_01M395RTF1N7AVWP2VAVYM4J2C then sleep 2.0 s
#   attempt 10 2026-09-24T16:41:09.106142+09:00 http 503 1664.5 ms gen gen_01M395RXZPWPHT51WA813DE56Z then sleep 2.0 s
#   attempt 11 2026-09-24T16:41:12.770820+09:00 http 503 1683.1 ms gen gen_01M395S1MH5FJV1W6080X3QSP6 then sleep 2.0 s
#   attempt 12 2026-09-24T16:41:16.452399+09:00 http 503 1758.3 ms gen gen_01M395S59PNF80YE713KDENX1G then sleep 2.0 s
#   attempt 13 2026-09-24T16:41:20.210910+09:00 http 200 1818.4 ms gen gen_01M395S8X03Q0HX0Y0CKBM6FMD
2026-09-24T16:41:27.314396+09:00 r3 L9.A      6 200   1867.0   18715    213 0.00000000  (after 1 failed attempt(s): HTTP 503)
#   request 52044 bytes sha256 fbb5eac8368f1390, 2 attempt(s), 2.0 s waited
#   attempt 1 2026-09-24T16:41:22.032384+09:00 http 503 1414.7 ms gen gen_01M395SAH5KSAHG6HN0D8H6VQM then sleep 2.0 s
#   attempt 2 2026-09-24T16:41:25.447258+09:00 http 200 1867.0 ms gen gen_01M395SE14ZN090JWG1C8JXX9S
2026-09-24T16:41:40.086189+09:00 r3 L9.B      5 200   1633.1   15266    733 0.00000000  (after 3 failed attempt(s): HTTP 503, HTTP 503, HTTP 503)
#   request 50625 bytes sha256 09419978ae000348, 4 attempt(s), 6.0 s waited
#   attempt 1 2026-09-24T16:41:27.318548+09:00 http 503 1805.3 ms gen gen_01M395SFY2K6VENPYTR1QT3T8F then sleep 2.0 s
#   attempt 2 2026-09-24T16:41:31.124111+09:00 http 503 1496.5 ms gen gen_01M395SKE2D5B9SZVWNMFEW88W then sleep 2.0 s
#   attempt 3 2026-09-24T16:41:34.620793+09:00 http 503 1832.0 ms gen gen_01M395SQ01VGNMFTJRRC30P0BC then sleep 2.0 s
#   attempt 4 2026-09-24T16:41:38.453030+09:00 http 200 1633.1 ms gen gen_01M395STREMTN93MNPSBYXN2SC
2026-09-24T16:41:41.226136+09:00 r3 L10.A.fn:zopfli::lz77::find_longest_match_loop   1 200   1136.5    4810     46 0.00000000
2026-09-24T16:41:42.577568+09:00 r3 L10.A.fn:zopfli::squeeze::lz77_optimal   1 200   1350.9    4138     45 0.00000000
2026-09-24T16:41:43.809026+09:00 r3 L10.A.fn:zopfli::squeeze::get_best_lengths   1 200   1231.0    4996     45 0.00000000
2026-09-24T16:41:44.839987+09:00 r3 L10.A.fn:zopfli::squeeze::lz77_optimal_run   1 200   1032.4    4130     45 0.00000000
2026-09-24T16:42:01.344942+09:00 r3 L10.A.fn:<zopfli::hash::ZopfliHash>::update   1 200   1539.6    3821     45 0.00000000  (after 1 failed attempt(s): HTTP 429)
#   request 11753 bytes sha256 fc95c1f5af7da823, 2 attempt(s), 14.0 s waited
#   attempt 1 2026-09-24T16:41:44.840373+09:00 http 429 964.5 ms gen gen_01M395T0NNZBWAYET3J8KZ6R1Z retry-after 14.0 s then sleep 14.0 s
#   attempt 2 2026-09-24T16:41:59.805223+09:00 http 200 1539.6 ms gen gen_01M395TF1C9AET9RBQDH7DSXDV
2026-09-24T16:42:02.589588+09:00 r3 L10.A.fn:zopfli::lz77::find_longest_match   1 200   1244.1    4809     45 0.00000000
2026-09-24T16:42:03.803137+09:00 r3 L10.B.zopfli::lz77::find_longest_match_loop@lz77.rs:530:11#d1   1 200   1210.0    4242    154 0.00000000
2026-09-24T16:42:04.808102+09:00 r3 L10.B.zopfli::squeeze::lz77_optimal@squeeze.rs:275:11#d2   1 200   1004.5    4357    154 0.00000000
2026-09-24T16:42:05.882874+09:00 r3 L10.B.zopfli::squeeze::lz77_optimal@squeeze.rs:325:9#d3   1 200   1074.3    4400    154 0.00000000
2026-09-24T16:42:06.851949+09:00 r3 L10.B.zopfli::lz77::find_longest_match_loop@lz77.rs:563:21#d2   1 200    968.6    4257    154 0.00000000
2026-09-24T16:42:08.180110+09:00 r3 L10.B.<zopfli::hash::ZopfliHash>::update@index.rs:184:12#d1   1 200   1327.8    4214    154 0.00000000
2026-09-24T16:43:12.581974+09:00 r3 L11.A     6 200   1798.4   19249    258 0.00000000  (after 4 failed attempt(s): HTTP 429, HTTP 503, HTTP 503, HTTP 503)
#   request 54552 bytes sha256 fcb7267cec8e2bcd, 5 attempt(s), 57.0 s waited
#   attempt 1 2026-09-24T16:42:08.182818+09:00 http 429 1065.9 ms gen gen_01M395TQH5E63J5QTM12SH03HV retry-after 51.0 s then sleep 51.0 s
#   attempt 2 2026-09-24T16:43:00.245782+09:00 http 503 1419.6 ms gen gen_01M395WAABW4S42AEWHBRNP794 then sleep 2.0 s
#   attempt 3 2026-09-24T16:43:03.665558+09:00 http 503 1473.1 ms gen gen_01M395WDPWD9WE1KV5PBQ6AJAR then sleep 2.0 s
#   attempt 4 2026-09-24T16:43:07.138964+09:00 http 503 1644.4 ms gen gen_01M395WH8VNSMNSP5VQRBNCZEF then sleep 2.0 s
#   attempt 5 2026-09-24T16:43:10.783519+09:00 http 200 1798.4 ms gen gen_01M395WMV4ETXHA10AT30DRZ40
2026-09-24T16:44:09.185351+09:00 r3 L11.B     5 200   1876.3   15506    758 0.00000000  (after 8 failed attempt(s): HTTP 503, HTTP 503, HTTP 503, HTTP 503, HTTP 503, HTTP 429, HTTP 503, HTTP 503)
#   request 51500 bytes sha256 73936a844a639592, 9 attempt(s), 42.0 s waited
#   attempt 1 2026-09-24T16:43:12.586374+09:00 http 503 1633.5 ms gen gen_01M395WPJMFPNDDBC2GZN1XEDV then sleep 2.0 s
#   attempt 2 2026-09-24T16:43:16.218901+09:00 http 503 1773.0 ms gen gen_01M395WT8HN8Y2AAW9PV8MGDSG then sleep 2.0 s
#   attempt 3 2026-09-24T16:43:19.992111+09:00 http 503 1929.6 ms gen gen_01M395WXYTTBMFP0QR5CTQK73R then sleep 2.0 s
#   attempt 4 2026-09-24T16:43:23.921888+09:00 http 503 1415.2 ms gen gen_01M395X1PTAXNKA9N7HYTVFNVA then sleep 2.0 s
#   attempt 5 2026-09-24T16:43:27.337258+09:00 http 503 1407.7 ms gen gen_01M395X4QY9NA55NE26PK89WZ2 then sleep 2.0 s
#   attempt 6 2026-09-24T16:43:30.745088+09:00 http 429 1219.6 ms gen gen_01M395X8AH03F42PSXKG3D19E5 retry-after 28.0 s then sleep 28.0 s
#   attempt 7 2026-09-24T16:43:59.962951+09:00 http 503 1698.3 ms gen gen_01M395Y4X9M4Q3ABX7HVX0MHG4 then sleep 2.0 s
#   attempt 8 2026-09-24T16:44:03.661512+09:00 http 503 1647.2 ms gen gen_01M395Y8FD9G811AT92ZBAA18Z then sleep 2.0 s
#   attempt 9 2026-09-24T16:44:07.308954+09:00 http 200 1876.3 ms gen gen_01M395YC4K4S3WR9A0800JXQ73
2026-09-24T16:46:16.040898+09:00 r3 L12.A     6 200   1561.0   19447    258 0.00000000  (after 20 failed attempt(s): HTTP 503, HTTP 503, HTTP 503, HTTP 503, HTTP 503, HTTP 503, HTTP 429, HTTP 503, HTTP 503, HTTP 503, HTTP 503, HTTP 503, HTTP 503, HTTP 503, HTTP 503, HTTP 429, HTTP 503, HTTP 503, HTTP 503, HTTP 503)
#   request 55464 bytes sha256 208a18e7e16372ce, 21 attempt(s), 96.0 s waited
#   attempt 1 2026-09-24T16:44:09.188834+09:00 http 503 1355.1 ms gen gen_01M395YDKJ1F2YCB14ACJKYF54 then sleep 2.0 s
#   attempt 2 2026-09-24T16:44:12.544164+09:00 http 503 1724.2 ms gen gen_01M395YH78KWBKXH4N70CG7NCT then sleep 2.0 s
#   attempt 3 2026-09-24T16:44:16.266962+09:00 http 503 1404.2 ms gen gen_01M395YMGXQQWWTQH58EPE142B then sleep 2.0 s
#   attempt 4 2026-09-24T16:44:19.671407+09:00 http 503 1489.4 ms gen gen_01M395YQYYNDBBR4W81XY6TA4N then sleep 2.0 s
#   attempt 5 2026-09-24T16:44:23.161041+09:00 http 503 1546.2 ms gen gen_01M395YVH6CKR4CY7DG8FNH11E then sleep 2.0 s
#   attempt 6 2026-09-24T16:44:26.707426+09:00 http 503 1657.6 ms gen gen_01M395YZ04GFS1CW0E1H46KTHN then sleep 2.0 s
#   attempt 7 2026-09-24T16:44:30.365154+09:00 http 429 982.3 ms gen gen_01M395Z2B344Z7ZXXCZQAGB176 retry-after 29.0 s then sleep 29.0 s
#   attempt 8 2026-09-24T16:45:00.346549+09:00 http 503 1471.7 ms gen gen_01M395ZZN40V0EY78V46T07PJY then sleep 2.0 s
#   attempt 9 2026-09-24T16:45:03.818347+09:00 http 503 1539.4 ms gen gen_01M39603418PN6K38EHZTMJ8M7 then sleep 2.0 s
#   attempt 10 2026-09-24T16:45:07.357900+09:00 http 503 1357.9 ms gen gen_01M39606HMXNFEMZTCA3F2VPS5 then sleep 2.0 s
#   attempt 11 2026-09-24T16:45:10.715997+09:00 http 503 1385.2 ms gen gen_01M39609TYEM6KK2AQ0BCNT65N then sleep 2.0 s
#   attempt 12 2026-09-24T16:45:14.101427+09:00 http 503 1638.1 ms gen gen_01M3960D82SYHYMDS0WZVGFCYT then sleep 2.0 s
#   attempt 13 2026-09-24T16:45:17.736836+09:00 http 503 1651.2 ms gen gen_01M3960GTX0DYG0HYZ1A7G1GSG then sleep 2.0 s
#   attempt 14 2026-09-24T16:45:21.388211+09:00 http 503 1402.9 ms gen gen_01M3960M9ECYBJ8HE327C601X2 then sleep 2.0 s
#   attempt 15 2026-09-24T16:45:24.791314+09:00 http 503 1482.8 ms gen gen_01M3960QCWF9ET3QJD8MHPYZ7J then sleep 2.0 s
#   attempt 16 2026-09-24T16:45:28.274317+09:00 http 429 955.4 ms gen gen_01M3960TWF5JVWZ9C5AJH1D99A retry-after 31.0 s then sleep 31.0 s
#   attempt 17 2026-09-24T16:46:00.229067+09:00 http 503 1481.0 ms gen gen_01M3961T50BAXA8661TTJCFV43 then sleep 2.0 s
#   attempt 18 2026-09-24T16:46:03.710271+09:00 http 503 1543.5 ms gen gen_01M3961XK7KY8CM7CEJ8VQW6ZP then sleep 2.0 s
#   attempt 19 2026-09-24T16:46:07.253921+09:00 http 503 1602.2 ms gen gen_01M396214H3KB9952ADREXRDQZ then sleep 2.0 s
#   attempt 20 2026-09-24T16:46:10.856282+09:00 http 503 1625.1 ms gen gen_01M39624N0BAKS1ZG9KK26N1TW then sleep 2.0 s
#   attempt 21 2026-09-24T16:46:14.481587+09:00 http 200 1561.0 ms gen gen_01M396281KVSAHYM1JFTA2916A
2026-09-24T16:48:05.747396+09:00 r3 L12.B     5 200   1840.8   15671    758 0.00000000  (after 19 failed attempt(s): HTTP 429, HTTP 503, HTTP 503, HTTP 503, HTTP 503, HTTP 503, HTTP 503, HTTP 503, HTTP 503, HTTP 503, HTTP 503, HTTP 503, HTTP 503, HTTP 503, HTTP 503, HTTP 503, HTTP 503, HTTP 503, HTTP 503)
#   request 52260 bytes sha256 273a71da1b33ae69, 20 attempt(s), 79.0 s waited
#   attempt 1 2026-09-24T16:46:16.045066+09:00 http 429 1119.8 ms gen gen_01M39629PGRVRJ3T247K5SC2CY retry-after 43.0 s then sleep 43.0 s
#   attempt 2 2026-09-24T16:47:00.163920+09:00 http 503 1573.3 ms gen gen_01M3963MRVH9GSWBEFP586JNCQ then sleep 2.0 s
#   attempt 3 2026-09-24T16:47:03.737347+09:00 http 503 1372.0 ms gen gen_01M3963R2X2CNCCRMDM81YWHRV then sleep 2.0 s
#   attempt 4 2026-09-24T16:47:07.109612+09:00 http 503 1400.1 ms gen gen_01M3963VC9WCZF592AD33B8M3C then sleep 2.0 s
#   attempt 5 2026-09-24T16:47:10.509872+09:00 http 503 2008.3 ms gen gen_01M3963YVQ75M8TJWWR2P7PXQX then sleep 2.0 s
#   attempt 6 2026-09-24T16:47:14.518356+09:00 http 503 1584.3 ms gen gen_01M39642T9BBTZY4KTAN49WXAV then sleep 2.0 s
#   attempt 7 2026-09-24T16:47:18.100437+09:00 http 503 1629.0 ms gen gen_01M39646CAW7XXR8VDVDW4W936 then sleep 2.0 s
#   attempt 8 2026-09-24T16:47:21.729559+09:00 http 503 1465.9 ms gen gen_01M39649X04EAD9SHR3CQ1VY5K then sleep 2.0 s
#   attempt 9 2026-09-24T16:47:25.195639+09:00 http 503 1662.2 ms gen gen_01M3964D9F8R0TWY7DJGREAG9R then sleep 2.0 s
#   attempt 10 2026-09-24T16:47:28.857992+09:00 http 503 1392.5 ms gen gen_01M3964GRXBB97GMMZDZ892TY4 then sleep 2.0 s
#   attempt 11 2026-09-24T16:47:32.250670+09:00 http 503 1405.8 ms gen gen_01M3964KYKQCX58JVXNB4Q4GZV then sleep 2.0 s
#   attempt 12 2026-09-24T16:47:35.656752+09:00 http 503 1406.0 ms gen gen_01M3964Q7DT2YFS6SCE1C5WFBA then sleep 2.0 s
#   attempt 13 2026-09-24T16:47:39.062942+09:00 http 503 1936.2 ms gen gen_01M3964TWWKG13P660HDPCAPBM then sleep 2.0 s
#   attempt 14 2026-09-24T16:47:42.999415+09:00 http 503 1300.7 ms gen gen_01M3964YCBZC9Z8G3ANFKKYDFE then sleep 2.0 s
#   attempt 15 2026-09-24T16:47:46.299073+09:00 http 503 1448.7 ms gen gen_01M39651VR1FTXDCEWXTDX3VFA then sleep 2.0 s
#   attempt 16 2026-09-24T16:47:49.747952+09:00 http 503 1425.6 ms gen gen_01M3965521PEQPCPSNH98JRQ86 then sleep 2.0 s
#   attempt 17 2026-09-24T16:47:53.173766+09:00 http 503 1638.4 ms gen gen_01M39658FHPJKEP3RSP6430A2R then sleep 2.0 s
#   attempt 18 2026-09-24T16:47:56.812390+09:00 http 503 1519.1 ms gen gen_01M3965C0MEFP2FTATTKPGQVBH then sleep 2.0 s
#   attempt 19 2026-09-24T16:48:00.331733+09:00 http 503 1574.6 ms gen gen_01M3965FHNNR1ZP5EDFZME7VF1 then sleep 2.0 s
#   attempt 20 2026-09-24T16:48:03.906491+09:00 http 200 1840.8 ms gen gen_01M3965K4JRP0F5PYJ7N1Z9R4S
2026-09-24T16:50:05.422899+09:00 r3 L13.A     6 200   1508.0   13059    258 0.00000000  (after 9 failed attempt(s): HTTP 503, HTTP 503, HTTP 503, HTTP 503, HTTP 503, HTTP 429, HTTP 503, HTTP 429, HTTP 503)
#   request 38584 bytes sha256 cb00e107bfa70652, 10 attempt(s), 106.0 s waited
#   attempt 1 2026-09-24T16:48:05.750836+09:00 http 503 1442.5 ms gen gen_01M3965MNV41XCDNM9N0RWRHD3 then sleep 2.0 s
#   attempt 2 2026-09-24T16:48:09.193496+09:00 http 503 1313.4 ms gen gen_01M3965R2JBMX82EFRG21Q89Q2 then sleep 2.0 s
#   attempt 3 2026-09-24T16:48:12.507074+09:00 http 503 1372.6 ms gen gen_01M3965VB090GEW46P5ASPFPME then sleep 2.0 s
#   attempt 4 2026-09-24T16:48:15.877951+09:00 http 503 1385.3 ms gen gen_01M3965YNP5F3H96A19Z010NMF then sleep 2.0 s
#   attempt 5 2026-09-24T16:48:19.263407+09:00 http 503 1456.2 ms gen gen_01M39662215TSKQDMVVN09B5YG then sleep 2.0 s
#   attempt 6 2026-09-24T16:48:22.719819+09:00 http 429 1142.4 ms gen gen_01M39665CYXGJD7VGRX5TVMXQC retry-after 36.0 s then sleep 36.0 s
#   attempt 7 2026-09-24T16:48:59.861059+09:00 http 503 1175.1 ms gen gen_01M39679DZEM1D406AKDSX0TRK then sleep 2.0 s
#   attempt 8 2026-09-24T16:49:03.036305+09:00 http 429 998.2 ms gen gen_01M3967CNA0NG15T1ZBRFP8941 retry-after 56.0 s then sleep 56.0 s
#   attempt 9 2026-09-24T16:50:00.031706+09:00 http 503 1882.8 ms gen gen_01M39694MP7P0J1N289EKDNVCQ then sleep 2.0 s
#   attempt 10 2026-09-24T16:50:03.914853+09:00 http 200 1508.0 ms gen gen_01M396986TF97PS4S4A8SN58FB
2026-09-24T16:50:37.046690+09:00 r3 L13.B     5 200   1673.7   10525    758 0.00000000  (after 9 failed attempt(s): HTTP 503, HTTP 503, HTTP 503, HTTP 503, HTTP 503, HTTP 503, HTTP 503, HTTP 503, HTTP 503)
#   request 38330 bytes sha256 afc0770504193785, 10 attempt(s), 18.0 s waited
#   attempt 1 2026-09-24T16:50:05.426836+09:00 http 503 1434.3 ms gen gen_01M39699JB0WQ3PRHRK311FKJ6 then sleep 2.0 s
#   attempt 2 2026-09-24T16:50:08.861378+09:00 http 503 1224.2 ms gen gen_01M3969CV65VCEYSCQF424SG0P then sleep 2.0 s
#   attempt 3 2026-09-24T16:50:12.085779+09:00 http 503 1351.9 ms gen gen_01M3969G4CHRRF6Q9NHXM6T0KC then sleep 2.0 s
#   attempt 4 2026-09-24T16:50:15.436444+09:00 http 503 1336.0 ms gen gen_01M3969KC85X355Q57QNR9G4Z8 then sleep 2.0 s
#   attempt 5 2026-09-24T16:50:18.772719+09:00 http 503 1283.5 ms gen gen_01M3969PJ7B91W7J94GBM0HH4X then sleep 2.0 s
#   attempt 6 2026-09-24T16:50:22.056458+09:00 http 503 1279.9 ms gen gen_01M3969SRDWWDS02TQD9EYESVP then sleep 2.0 s
#   attempt 7 2026-09-24T16:50:25.336507+09:00 http 503 1402.2 ms gen gen_01M3969X44J5166KZ70FCHVDQ8 then sleep 2.0 s
#   attempt 8 2026-09-24T16:50:28.738887+09:00 http 503 1266.8 ms gen gen_01M396A0AHY721NXQJ60JSF9WT then sleep 2.0 s
#   attempt 9 2026-09-24T16:50:32.005813+09:00 http 503 1366.9 ms gen gen_01M396A3KC1EFKDD2CDB93BMN2 then sleep 2.0 s
#   attempt 10 2026-09-24T16:50:35.372852+09:00 http 200 1673.7 ms gen gen_01M396A6XWBGVCQC03PYZ5YR7S

# totals for run ps2-zopfli
# http requests      111
# choice questions   559
# latency total/avg/max ms  188342.6 / 1696.8 / 3090.2
# tokens in/out      1431363 / 34519
# cost usd           0.00000000
# wall clock of the run s   5161.3
# jev share of the run      3.6491%
# prompt-study-2-2026-09-24, target zopfli, vocab v6-2026-09-23, state state-v6.0-2026-09-23, leak check clean
2026-09-24T16:51:12.547860+09:00 r1 H1.A      6 200   1404.6   19903    255 0.00000000  (after 7 failed attempt(s): HTTP 503, HTTP 503, HTTP 503, HTTP 429, HTTP 503, HTTP 503, HTTP 503)
#   request 57726 bytes sha256 2c0e40de188d5d94, 8 attempt(s), 22.0 s waited
#   attempt 1 2026-09-24T16:50:38.113190+09:00 http 503 1550.6 ms gen gen_01M396A9RZVEBHZ61833E6T3KD then sleep 2.0 s
#   attempt 2 2026-09-24T16:50:41.664000+09:00 http 503 1567.8 ms gen gen_01M396AD686SBKMA20VKK14110 then sleep 2.0 s
#   attempt 3 2026-09-24T16:50:45.229776+09:00 http 503 1670.2 ms gen gen_01M396AGN0PVR243T4ZJFM501G then sleep 2.0 s
#   attempt 4 2026-09-24T16:50:48.900164+09:00 http 429 1110.5 ms gen gen_01M396AM49X5B4J5WQ5TMD5FJ1 retry-after 10.0 s then sleep 10.0 s
#   attempt 5 2026-09-24T16:51:00.010900+09:00 http 503 2044.3 ms gen gen_01M396AZ3QGHCK07212H4Y3RNV then sleep 2.0 s
#   attempt 6 2026-09-24T16:51:04.055645+09:00 http 503 1364.9 ms gen gen_01M396B2WA6ZHN52A77N5KY5C0 then sleep 2.0 s
#   attempt 7 2026-09-24T16:51:07.420701+09:00 http 503 1722.3 ms gen gen_01M396B6BK3RJQD1F7JG8R93J9 then sleep 2.0 s
#   attempt 8 2026-09-24T16:51:11.143179+09:00 http 200 1404.6 ms gen gen_01M396B9NECX299FA7N213JBFH
2026-09-24T16:52:07.894499+09:00 r1 H1.B      5 200   1502.0   18646    758 0.00000000  (after 3 failed attempt(s): HTTP 429, HTTP 503, HTTP 503)
#   request 66080 bytes sha256 a17f403da1d916aa, 4 attempt(s), 50.0 s waited
#   attempt 1 2026-09-24T16:51:12.552113+09:00 http 429 1173.6 ms gen gen_01M396BBACH89A6WMRX62HWXKE retry-after 46.0 s then sleep 46.0 s
#   attempt 2 2026-09-24T16:51:59.723264+09:00 http 503 1242.1 ms gen gen_01M396CS0PJ3N5WSJV8YK7RWWV then sleep 2.0 s
#   attempt 3 2026-09-24T16:52:02.965543+09:00 http 503 1426.7 ms gen gen_01M396CWBG5KZB8DES9DKWS61K then sleep 2.0 s
#   attempt 4 2026-09-24T16:52:06.392436+09:00 http 200 1502.0 ms gen gen_01M396CZSN5QXZ3MVJQEGV91GZ
2026-09-24T16:52:09.480845+09:00 r1 H2.A      6 200   1582.6   19477    256 0.00000000
2026-09-24T16:52:21.568526+09:00 r1 H2.B      5 200   1709.8   15705    758 0.00000000  (after 3 failed attempt(s): HTTP 503, HTTP 503, HTTP 503)
#   request 52274 bytes sha256 69d3a2a87320f1d3, 4 attempt(s), 6.0 s waited
#   attempt 1 2026-09-24T16:52:09.484198+09:00 http 503 1471.2 ms gen gen_01M396D2RX9X2E699RJH2T3TWN then sleep 2.0 s
#   attempt 2 2026-09-24T16:52:12.955561+09:00 http 503 1444.9 ms gen gen_01M396D642F8ME59J2WNK2NCDE then sleep 2.0 s
#   attempt 3 2026-09-24T16:52:16.399261+09:00 http 503 1459.2 ms gen gen_01M396D9F6YRTEG58VNHXX16NC then sleep 2.0 s
#   attempt 4 2026-09-24T16:52:19.858620+09:00 http 200 1709.8 ms gen gen_01M396DCXBG04K9ECG2QQ4VMVC
2026-09-24T16:52:26.740121+09:00 r1 H3.A      6 200   1827.0   19339    255 0.00000000  (after 1 failed attempt(s): HTTP 503)
#   request 54930 bytes sha256 4f7d89d2456f1acd, 2 attempt(s), 2.0 s waited
#   attempt 1 2026-09-24T16:52:21.571561+09:00 http 503 1341.2 ms gen gen_01M396DEESPHAAHC7WSZR1TB4V then sleep 2.0 s
#   attempt 2 2026-09-24T16:52:24.913003+09:00 http 200 1827.0 ms gen gen_01M396DHZYVA1VKMBN0QTW264B
2026-09-24T16:53:28.080069+09:00 r1 H3.B      5 200   2104.8   15581    758 0.00000000  (after 17 failed attempt(s): HTTP 503, HTTP 503, HTTP 503, HTTP 503, HTTP 503, HTTP 503, HTTP 503, HTTP 503, HTTP 503, HTTP 503, HTTP 503, HTTP 503, HTTP 503, HTTP 503, HTTP 503, HTTP 503, HTTP 503)
#   request 51835 bytes sha256 1277d364eaf14e74, 18 attempt(s), 34.0 s waited
#   attempt 1 2026-09-24T16:52:26.743479+09:00 http 503 1344.8 ms gen gen_01M396DKJ8ESBW9CRYFZ9X31W7 then sleep 2.0 s
#   attempt 2 2026-09-24T16:52:30.088549+09:00 http 503 1385.9 ms gen gen_01M396DPSV80102G14TM61TPN3 then sleep 2.0 s
#   attempt 3 2026-09-24T16:52:33.474619+09:00 http 503 1393.7 ms gen gen_01M396DT4KJ8EZG6MSR1V1NJ7D then sleep 2.0 s
#   attempt 4 2026-09-24T16:52:36.868437+09:00 http 503 1482.2 ms gen gen_01M396DXNFVC46V63NWE34D4AB then sleep 2.0 s
#   attempt 5 2026-09-24T16:52:40.350829+09:00 http 503 1570.9 ms gen gen_01M396E10HKZX9V4BPTNB9MET7 then sleep 2.0 s
#   attempt 6 2026-09-24T16:52:43.921933+09:00 http 503 1274.6 ms gen gen_01M396E4AYGND4F0TQDEREF78R then sleep 2.0 s
#   attempt 7 2026-09-24T16:52:47.195186+09:00 http 503 2193.3 ms gen gen_01M396E7VFGPQRAABZGBNKEJRK then sleep 2.0 s
#   attempt 8 2026-09-24T16:52:51.388602+09:00 http 503 1684.7 ms gen gen_01M396EBVFENJWHKKMW6GQ0648 then sleep 2.0 s
#   attempt 9 2026-09-24T16:52:55.073488+09:00 http 503 1707.5 ms gen gen_01M396EFEYH7YQWJ2NFD3Y5RD7 then sleep 2.0 s
#   attempt 10 2026-09-24T16:52:58.781137+09:00 http 503 1213.0 ms gen gen_01M396EJWXQYAZ1J75HRMY622B then sleep 2.0 s
#   attempt 11 2026-09-24T16:53:01.994259+09:00 http 503 1348.1 ms gen gen_01M396ENY1ZRM1MQ44WVCRHAHH then sleep 2.0 s
#   attempt 12 2026-09-24T16:53:05.342503+09:00 http 503 1539.7 ms gen gen_01M396ESCQNR1GY7QEJQXNWGBN then sleep 2.0 s
#   attempt 13 2026-09-24T16:53:08.882435+09:00 http 503 1475.1 ms gen gen_01M396EWS4QZ3PB6Z376BV9GNK then sleep 2.0 s
#   attempt 14 2026-09-24T16:53:12.357798+09:00 http 503 1040.4 ms gen gen_01M396F01168T814B9FPB8MFD3 then sleep 2.0 s
#   attempt 15 2026-09-24T16:53:15.396453+09:00 http 503 1619.0 ms gen gen_01M396F39J1VT4THWEMBEMVR86 then sleep 2.0 s
#   attempt 16 2026-09-24T16:53:19.015621+09:00 http 503 1461.9 ms gen gen_01M396F6SHHBET2TWNSF781TCR then sleep 2.0 s
#   attempt 17 2026-09-24T16:53:22.477742+09:00 http 503 1497.2 ms gen gen_01M396FA360FTN84S9SSHQJ7EW then sleep 2.0 s
#   attempt 18 2026-09-24T16:53:25.975160+09:00 http 200 2104.8 ms gen gen_01M396FDJ0Y7VEVANJHDZEMBQ5
2026-09-24T16:53:29.862354+09:00 r2 H1.A      6 200   1778.9   19903    255 0.00000000
2026-09-24T16:53:31.489564+09:00 r2 H1.B      5 200   1623.6   18646    758 0.00000000
2026-09-24T16:53:36.770308+09:00 r2 H2.A      6 200   1641.2   19477    256 0.00000000  (after 1 failed attempt(s): HTTP 503)
#   request 55536 bytes sha256 d6c5a6a80ebad935, 2 attempt(s), 2.0 s waited
#   attempt 1 2026-09-24T16:53:31.492741+09:00 http 503 1636.1 ms gen gen_01M396FJZHQ6RXTKCMTACR8BHJ then sleep 2.0 s
#   attempt 2 2026-09-24T16:53:35.129030+09:00 http 200 1641.2 ms gen gen_01M396FPB3R9V6S5PZNKTVFBY2
2026-09-24T16:53:55.939952+09:00 r2 H2.B      5 200   1960.5   15705    758 0.00000000  (after 5 failed attempt(s): HTTP 503, HTTP 503, HTTP 503, HTTP 503, HTTP 503)
#   request 52274 bytes sha256 69d3a2a87320f1d3, 6 attempt(s), 10.0 s waited
#   attempt 1 2026-09-24T16:53:36.773612+09:00 http 503 1370.0 ms gen gen_01M396FQXQM0H4B0CG8HNDCTSX then sleep 2.0 s
#   attempt 2 2026-09-24T16:53:40.143852+09:00 http 503 1270.6 ms gen gen_01M396FV76QHHH21WGH2RCHVQG then sleep 2.0 s
#   attempt 3 2026-09-24T16:53:43.414609+09:00 http 503 1596.8 ms gen gen_01M396FYK9VMDEX2C5WZM4AF7Y then sleep 2.0 s
#   attempt 4 2026-09-24T16:53:47.010520+09:00 http 503 1511.8 ms gen gen_01M396G21V5FC7QXGC04N2XF4F then sleep 2.0 s
#   attempt 5 2026-09-24T16:53:50.522502+09:00 http 503 1456.7 ms gen gen_01M396G5NZR2QS8XH8KN4CE4TW then sleep 2.0 s
#   attempt 6 2026-09-24T16:53:53.979341+09:00 http 200 1960.5 ms gen gen_01M396G8VRHXWPC0ZS35P025BV
2026-09-24T16:54:19.534654+09:00 r2 H3.A      6 200   1581.0   19339    255 0.00000000  (after 6 failed attempt(s): HTTP 503, HTTP 503, HTTP 503, HTTP 503, HTTP 503, HTTP 503)
#   request 54930 bytes sha256 4f7d89d2456f1acd, 7 attempt(s), 12.0 s waited
#   attempt 1 2026-09-24T16:53:55.943067+09:00 http 503 1474.3 ms gen gen_01M396GAPTRMQ1908KSW4DN79P then sleep 2.0 s
#   attempt 2 2026-09-24T16:53:59.417532+09:00 http 503 1785.5 ms gen gen_01M396GECD6YKES84CB1TE406T then sleep 2.0 s
#   attempt 3 2026-09-24T16:54:03.203206+09:00 http 503 1867.8 ms gen gen_01M396GJ03YPT9X0BSSB948Z84 then sleep 2.0 s
#   attempt 4 2026-09-24T16:54:07.071215+09:00 http 503 1844.5 ms gen gen_01M396GNT9Y1E9450C07EG50B9 then sleep 2.0 s
#   attempt 5 2026-09-24T16:54:10.915920+09:00 http 503 1539.8 ms gen gen_01M396GSCXPQFCNP92NKR70ZAS then sleep 2.0 s
#   attempt 6 2026-09-24T16:54:14.456118+09:00 http 503 1499.1 ms gen gen_01M396GWVPJBJRJMW6RG1X725N then sleep 2.0 s
#   attempt 7 2026-09-24T16:54:17.953627+09:00 http 200 1581.0 ms gen gen_01M396H05V0T26F746XNFG2P0R
2026-09-24T16:54:52.990209+09:00 r2 H3.B      5 200   1711.9   15581    758 0.00000000  (after 9 failed attempt(s): HTTP 503, HTTP 503, HTTP 503, HTTP 503, HTTP 503, HTTP 503, HTTP 503, HTTP 503, HTTP 503)
#   request 51835 bytes sha256 1277d364eaf14e74, 10 attempt(s), 18.0 s waited
#   attempt 1 2026-09-24T16:54:19.538201+09:00 http 503 1515.2 ms gen gen_01M396H1S2X1FM50111Z935QQ2 then sleep 2.0 s
#   attempt 2 2026-09-24T16:54:23.053556+09:00 http 503 1595.7 ms gen gen_01M396H5A6B58ZA8FQW2STDHH0 then sleep 2.0 s
#   attempt 3 2026-09-24T16:54:26.649462+09:00 http 503 1511.1 ms gen gen_01M396H8SFJJTMSQY40KXCHHXK then sleep 2.0 s
#   attempt 4 2026-09-24T16:54:30.160767+09:00 http 503 1580.8 ms gen gen_01M396HC853N6TKJRZ0RGEK2N3 then sleep 2.0 s
#   attempt 5 2026-09-24T16:54:33.741725+09:00 http 503 1513.2 ms gen gen_01M396HFP0A7PGQGXDTX5TZ87G then sleep 2.0 s
#   attempt 6 2026-09-24T16:54:37.255058+09:00 http 503 1527.1 ms gen gen_01M396HK40Q527W8JTG8HX1QX9 then sleep 2.0 s
#   attempt 7 2026-09-24T16:54:40.782377+09:00 http 503 1382.3 ms gen gen_01M396HPE3EP4AVF7DPR8AHVZM then sleep 2.0 s
#   attempt 8 2026-09-24T16:54:44.164847+09:00 http 503 1545.1 ms gen gen_01M396HSWZWB14BTJEW240D6RE then sleep 2.0 s
#   attempt 9 2026-09-24T16:54:47.709355+09:00 http 503 1568.7 ms gen gen_01M396HXCJK4YXP854Z3YEAM20 then sleep 2.0 s
#   attempt 10 2026-09-24T16:54:51.278209+09:00 http 200 1711.9 ms gen gen_01M396J0TCA8GM2HEEHE81137N
2026-09-24T16:55:42.933686+09:00 r3 H1.A      6 200   1602.1   19903    255 0.00000000  (after 14 failed attempt(s): HTTP 503, HTTP 503, HTTP 503, HTTP 503, HTTP 503, HTTP 503, HTTP 503, HTTP 503, HTTP 503, HTTP 503, HTTP 503, HTTP 503, HTTP 503, HTTP 503)
#   request 57726 bytes sha256 2c0e40de188d5d94, 15 attempt(s), 28.0 s waited
#   attempt 1 2026-09-24T16:54:52.993345+09:00 http 503 1350.3 ms gen gen_01M396J2AZR6SQ1WVMPYJWM8RH then sleep 2.0 s
#   attempt 2 2026-09-24T16:54:56.343833+09:00 http 503 1311.2 ms gen gen_01M396J5HYB2MQRKP96FJ9FB6B then sleep 2.0 s
#   attempt 3 2026-09-24T16:54:59.655250+09:00 http 503 1541.8 ms gen gen_01M396J8ZQSETB61ARB4BM8X1V then sleep 2.0 s
#   attempt 4 2026-09-24T16:55:03.197194+09:00 http 503 1574.8 ms gen gen_01M396JCFPHEE7PZRN86CBZMHY then sleep 2.0 s
#   attempt 5 2026-09-24T16:55:06.772222+09:00 http 503 1521.1 ms gen gen_01M396JFYCQQFJ9P3KT02YNRMN then sleep 2.0 s
#   attempt 6 2026-09-24T16:55:10.293740+09:00 http 503 1538.8 ms gen gen_01M396JKD4YF8QEP64W1S5D10N then sleep 2.0 s
#   attempt 7 2026-09-24T16:55:13.832748+09:00 http 503 1407.8 ms gen gen_01M396JPW01B1E697FBPFNGA1D then sleep 2.0 s
#   attempt 8 2026-09-24T16:55:17.238931+09:00 http 503 1563.3 ms gen gen_01M396JT587W47BVHSS7J3VV3N then sleep 2.0 s
#   attempt 9 2026-09-24T16:55:20.802374+09:00 http 503 1526.2 ms gen gen_01M396JXNRK988MWPGEKGE2F31 then sleep 2.0 s
#   attempt 10 2026-09-24T16:55:24.328774+09:00 http 503 1560.4 ms gen gen_01M396K14J1QEVMR46KY799ZQE then sleep 2.0 s
#   attempt 11 2026-09-24T16:55:27.889697+09:00 http 503 1222.9 ms gen gen_01M396K490HAMC0P4N4YVW8YXH then sleep 2.0 s
#   attempt 12 2026-09-24T16:55:31.112753+09:00 http 503 1388.4 ms gen gen_01M396K7RKTAFQAAST81RAWKA7 then sleep 2.0 s
#   attempt 13 2026-09-24T16:55:34.501422+09:00 http 503 1391.0 ms gen gen_01M396KB2H1VBFA41P6WRVZQC9 then sleep 2.0 s
#   attempt 14 2026-09-24T16:55:37.892636+09:00 http 503 1438.7 ms gen gen_01M396KE7XDXZN24NFQ64PBXET then sleep 2.0 s
#   attempt 15 2026-09-24T16:55:41.331501+09:00 http 200 1602.1 ms gen gen_01M396KHJ8VGT7GFRTWKPKJZET
2026-09-24T16:58:02.438215+09:00 r3 H1.B      5 200   1738.9   18646    758 0.00000000  (after 24 failed attempt(s): HTTP 503, HTTP 503, HTTP 503, HTTP 503, HTTP 503, HTTP 503, HTTP 503, HTTP 503, HTTP 503, HTTP 503, HTTP 503, HTTP 503, HTTP 503, HTTP 503, HTTP 429, HTTP 503, HTTP 503, HTTP 503, HTTP 503, HTTP 503, HTTP 503, HTTP 503, HTTP 503, HTTP 429)
#   request 66080 bytes sha256 a17f403da1d916aa, 25 attempt(s), 102.0 s waited
#   attempt 1 2026-09-24T16:55:42.937290+09:00 http 503 1435.4 ms gen gen_01M396KK3SFRPMS69GYNDVNC9A then sleep 2.0 s
#   attempt 2 2026-09-24T16:55:46.371237+09:00 http 503 1547.8 ms gen gen_01M396KPKP3EGF1YWT45VENRB9 then sleep 2.0 s
#   attempt 3 2026-09-24T16:55:49.919192+09:00 http 503 1570.1 ms gen gen_01M396KT3G1FMHBX7D6KSZGDK4 then sleep 2.0 s
#   attempt 4 2026-09-24T16:55:53.489445+09:00 http 503 1480.2 ms gen gen_01M396KXGRRQHSW4TKH998CG8T then sleep 2.0 s
#   attempt 5 2026-09-24T16:55:56.969843+09:00 http 503 1589.9 ms gen gen_01M396M12DS0ER4GW90G0JHHYG then sleep 2.0 s
#   attempt 6 2026-09-24T16:56:00.560123+09:00 http 503 2068.4 ms gen gen_01M396M4F75CXX9GJ04ZJNKZND then sleep 2.0 s
#   attempt 7 2026-09-24T16:56:04.628740+09:00 http 503 1574.7 ms gen gen_01M396M8G7JNX77DA8W3QYPJXV then sleep 2.0 s
#   attempt 8 2026-09-24T16:56:08.203685+09:00 http 503 1422.6 ms gen gen_01M396MC15JK6428R446TR0Z5J then sleep 2.0 s
#   attempt 9 2026-09-24T16:56:11.626536+09:00 http 503 1552.7 ms gen gen_01M396MFAH206CPJXTPDZSZNWG then sleep 2.0 s
#   attempt 10 2026-09-24T16:56:15.178688+09:00 http 503 1445.5 ms gen gen_01M396MJMW551S9WH1WX3FRH8K then sleep 2.0 s
#   attempt 11 2026-09-24T16:56:18.624414+09:00 http 503 1466.6 ms gen gen_01M396MP1ZJ1WATTRSZG4RNEW6 then sleep 2.0 s
#   attempt 12 2026-09-24T16:56:22.091175+09:00 http 503 1365.9 ms gen gen_01M396MSBF4PT3MR9HJ7R68MBD then sleep 2.0 s
#   attempt 13 2026-09-24T16:56:25.457349+09:00 http 503 1282.6 ms gen gen_01M396MWPVM7Z75NF45M3R407K then sleep 2.0 s
#   attempt 14 2026-09-24T16:56:28.740121+09:00 http 503 1527.6 ms gen gen_01M396MZZEGHSCY9V7W6XAVKFE then sleep 2.0 s
#   attempt 15 2026-09-24T16:56:32.267991+09:00 http 429 1027.8 ms gen gen_01M396N3CZPX1DDG00TDEEF4BG retry-after 27.0 s then sleep 27.0 s
#   attempt 16 2026-09-24T16:57:00.294447+09:00 http 503 1552.0 ms gen gen_01M396NYSTB6JWGJKS91C34TTA then sleep 2.0 s
#   attempt 17 2026-09-24T16:57:03.846601+09:00 http 503 1640.1 ms gen gen_01M396P2BE4B8RB4C65J8K8MZN then sleep 2.0 s
#   attempt 18 2026-09-24T16:57:07.486845+09:00 http 503 1967.3 ms gen gen_01M396P5TC0N0PA4FBKZEMDGRZ then sleep 2.0 s
#   attempt 19 2026-09-24T16:57:11.454355+09:00 http 503 1471.9 ms gen gen_01M396P9NE4SA9FMMKJJKCF7M8 then sleep 2.0 s
#   attempt 20 2026-09-24T16:57:14.924974+09:00 http 503 1464.3 ms gen gen_01M396PD1RYR1VE4J1CTFKBW7D then sleep 2.0 s
#   attempt 21 2026-09-24T16:57:18.389467+09:00 http 503 1370.6 ms gen gen_01M396PGB04V0FB3YE3MQRJSVZ then sleep 2.0 s
#   attempt 22 2026-09-24T16:57:21.760183+09:00 http 503 1327.8 ms gen gen_01M396PKTWW77HKYMA6Y9CREWB then sleep 2.0 s
#   attempt 23 2026-09-24T16:57:25.088198+09:00 http 503 1463.8 ms gen gen_01M396PPYYS4F0TBGN24VYB67E then sleep 2.0 s
#   attempt 24 2026-09-24T16:57:28.552145+09:00 http 429 1148.1 ms gen gen_01M396PTF8KEFN0WFC20CG25ZQ retry-after 31.0 s then sleep 31.0 s
#   attempt 25 2026-09-24T16:58:00.699218+09:00 http 200 1738.9 ms gen gen_01M396QSSDSTHKJMAE48M7D9XN
2026-09-24T16:58:07.413628+09:00 r3 H2.A      6 200   1564.3   19477    256 0.00000000  (after 1 failed attempt(s): HTTP 503)
#   request 55536 bytes sha256 d6c5a6a80ebad935, 2 attempt(s), 2.0 s waited
#   attempt 1 2026-09-24T16:58:02.441596+09:00 http 503 1407.5 ms gen gen_01M396QVD03C1YK0BY5WK7ACM7 then sleep 2.0 s
#   attempt 2 2026-09-24T16:58:05.849282+09:00 http 200 1564.3 ms gen gen_01M396QYSQ6C7X7YFSKSNYR7MQ
2026-09-24T16:58:26.905516+09:00 r3 H2.B      5 200   1605.3   15705    758 0.00000000  (after 5 failed attempt(s): HTTP 503, HTTP 503, HTTP 503, HTTP 503, HTTP 503)
#   request 52274 bytes sha256 69d3a2a87320f1d3, 6 attempt(s), 10.0 s waited
#   attempt 1 2026-09-24T16:58:07.417744+09:00 http 503 1354.0 ms gen gen_01M396R06YR6QBN2JTF0WD5X4Q then sleep 2.0 s
#   attempt 2 2026-09-24T16:58:10.771966+09:00 http 503 2115.1 ms gen gen_01M396R3KRNYVA7D19QTTC1TRE then sleep 2.0 s
#   attempt 3 2026-09-24T16:58:14.885256+09:00 http 503 1538.8 ms gen gen_01M396R7P5D11CPN4TJQF0Y3Z3 then sleep 2.0 s
#   attempt 4 2026-09-24T16:58:18.424178+09:00 http 503 1512.8 ms gen gen_01M396RB2FRYRZCW0HRSY18RSJ then sleep 2.0 s
#   attempt 5 2026-09-24T16:58:21.937533+09:00 http 503 1362.4 ms gen gen_01M396RECRQETNCNZPWNVTXXT7 then sleep 2.0 s
#   attempt 6 2026-09-24T16:58:25.300109+09:00 http 200 1605.3 ms gen gen_01M396RHSH9NK7WEYF4HYM9BH7
2026-09-24T16:58:42.533914+09:00 r3 H3.A      6 200   1629.6   19339    255 0.00000000  (after 4 failed attempt(s): HTTP 503, HTTP 503, HTTP 503, HTTP 503)
#   request 54930 bytes sha256 4f7d89d2456f1acd, 5 attempt(s), 8.0 s waited
#   attempt 1 2026-09-24T16:58:26.908459+09:00 http 503 1449.4 ms gen gen_01M396RKAWMM2P9EVSHEJJ6JV2 then sleep 2.0 s
#   attempt 2 2026-09-24T16:58:30.358074+09:00 http 503 1462.0 ms gen gen_01M396RPQA202KQGGW8P4WGMAB then sleep 2.0 s
#   attempt 3 2026-09-24T16:58:33.820184+09:00 http 503 1487.4 ms gen gen_01M396RT43T170FYCFX5NXVQAJ then sleep 2.0 s
#   attempt 4 2026-09-24T16:58:37.307776+09:00 http 503 1596.3 ms gen gen_01M396RXMDY8SMW72JXDBY7460 then sleep 2.0 s
#   attempt 5 2026-09-24T16:58:40.904204+09:00 http 200 1629.6 ms gen gen_01M396S10MRFKC82JG4ZZZSXW9
2026-09-24T16:59:04.988496+09:00 r3 H3.B      5 200   1626.2   15581    758 0.00000000  (after 6 failed attempt(s): HTTP 503, HTTP 503, HTTP 503, HTTP 503, HTTP 503, HTTP 503)
#   request 51835 bytes sha256 1277d364eaf14e74, 7 attempt(s), 12.0 s waited
#   attempt 1 2026-09-24T16:58:42.537241+09:00 http 503 1346.9 ms gen gen_01M396S2M4W10NYB7V09JH30HQ then sleep 2.0 s
#   attempt 2 2026-09-24T16:58:45.883050+09:00 http 503 1521.5 ms gen gen_01M396S5Y4ZSNK46KWKD62Y2AK then sleep 2.0 s
#   attempt 3 2026-09-24T16:58:49.404734+09:00 http 503 1437.5 ms gen gen_01M396S983S9Z2Y8F6JC43R0G9 then sleep 2.0 s
#   attempt 4 2026-09-24T16:58:52.842378+09:00 http 503 1590.2 ms gen gen_01M396SCSY2VGYY5GPVAKM0MGA then sleep 2.0 s
#   attempt 5 2026-09-24T16:58:56.432720+09:00 http 503 1370.0 ms gen gen_01M396SG2MXFN4H0TNB3CJ20PK then sleep 2.0 s
#   attempt 6 2026-09-24T16:58:59.802848+09:00 http 503 1559.2 ms gen gen_01M396SKJBD1T8V0EFAPJ8AKR1 then sleep 2.0 s
#   attempt 7 2026-09-24T16:59:03.362261+09:00 http 200 1626.2 ms gen gen_01M396SPXAJRW11V2AMEH13Z0C

# totals for run ps2-zopfli
# http requests      18
# choice questions   99
# latency total/avg/max ms  30194.5 / 1677.5 / 2104.8
# tokens in/out      325953 / 9120
# cost usd           0.00000000
# wall clock of the run s   506.9
# jev share of the run      5.9567%
