# jev-opt request log, run ps2-hintbench
# ts round phase questions http_status latency_ms input_tokens output_tokens cost_usd
# prompt-study-2-2026-09-24, target hintbench, vocab v6-2026-09-23, state state-v6.0-2026-09-23, leak check clean
2026-09-24T14:52:02.517423+09:00 r1 B0.A      8 200   2363.9   23630    341 0.00000000  (after 11 failed attempt(s): HTTP 503, HTTP 503, HTTP 503, HTTP 503, HTTP 503, HTTP 503, HTTP 503, HTTP 503, HTTP 503, HTTP 503, HTTP 429)
#   request 65317 bytes sha256 4e94924a2e535f41, 12 attempt(s), 53.0 s waited
#   attempt 1 2026-09-24T14:50:48.805678+09:00 http 503 1570.0 ms gen gen_01M38ZEWKMN5YPV8J8R6HRXAH1 then sleep 2.0 s
#   attempt 2 2026-09-24T14:50:52.375931+09:00 http 503 1747.7 ms gen gen_01M38ZF0C8NBR7Y05PNBCYKYQB then sleep 2.0 s
#   attempt 3 2026-09-24T14:50:56.123868+09:00 http 503 1685.4 ms gen gen_01M38ZF3X5GZ184HNS6TJCYDEZ then sleep 2.0 s
#   attempt 4 2026-09-24T14:50:59.809434+09:00 http 503 1697.0 ms gen gen_01M38ZF7GX28DKX4XVKVKZ76YH then sleep 2.0 s
#   attempt 5 2026-09-24T14:51:03.506632+09:00 http 503 1622.6 ms gen gen_01M38ZFB0XDGGZ97089M5VWAWB then sleep 2.0 s
#   attempt 6 2026-09-24T14:51:07.129456+09:00 http 503 1684.2 ms gen gen_01M38ZFENB38603TE6N5S1ZSJR then sleep 2.0 s
#   attempt 7 2026-09-24T14:51:10.813891+09:00 http 503 1734.9 ms gen gen_01M38ZFJ95A09GPVSJZ7HG3DKJ then sleep 2.0 s
#   attempt 8 2026-09-24T14:51:14.547920+09:00 http 503 1777.8 ms gen gen_01M38ZFNZCQVPSN3W9RBFBNPMQ then sleep 2.0 s
#   attempt 9 2026-09-24T14:51:18.325975+09:00 http 503 1945.4 ms gen gen_01M38ZFSPSFXHSQRQEA6FSQEX5 then sleep 2.0 s
#   attempt 10 2026-09-24T14:51:22.271566+09:00 http 503 1846.7 ms gen gen_01M38ZFXHJTFP5KFC05ZPV298G then sleep 2.0 s
#   attempt 11 2026-09-24T14:51:26.118443+09:00 http 429 1036.5 ms gen gen_01M38ZG12F6G05TT85PY44VJFH retry-after 33.0 s then sleep 33.0 s
#   attempt 12 2026-09-24T14:52:00.153483+09:00 http 200 2363.9 ms gen gen_01M38ZH2E31HNAC0NCP0P9M1CC
2026-09-24T14:52:12.056103+09:00 r1 B0.B      4 200   1881.0   14196    607 0.00000000  (after 2 failed attempt(s): HTTP 503, HTTP 503)
#   request 45299 bytes sha256 b781919c7cbbafcc, 3 attempt(s), 4.0 s waited
#   attempt 1 2026-09-24T14:52:02.520738+09:00 http 503 1964.6 ms gen gen_01M38ZH501N9T8QXAG6AZ9225T then sleep 2.0 s
#   attempt 2 2026-09-24T14:52:06.485545+09:00 http 503 1689.3 ms gen gen_01M38ZH8MNV06GT95KA2NGCBVT then sleep 2.0 s
#   attempt 3 2026-09-24T14:52:10.175038+09:00 http 200 1881.0 ms gen gen_01M38ZHC6CDRJ0PRTA92NY6TYX
2026-09-24T14:53:26.646054+09:00 r1 L1.B      4 200   2427.4   17716    607 0.00000000  (after 4 failed attempt(s): HTTP 429, HTTP 503, HTTP 503, HTTP 503)
#   request 61919 bytes sha256 9daa0ce9e416f160, 5 attempt(s), 66.0 s waited
#   attempt 1 2026-09-24T14:52:12.059417+09:00 http 429 1203.0 ms gen gen_01M38ZHE28P4HFVBG2EH5B4B85 retry-after 60.0 s then sleep 60.0 s
#   attempt 2 2026-09-24T14:53:13.259968+09:00 http 503 1869.6 ms gen gen_01M38ZKA0MHGW7DGX53PAPB4ED then sleep 2.0 s
#   attempt 3 2026-09-24T14:53:17.128311+09:00 http 503 1608.4 ms gen gen_01M38ZKDJEF5E22YDE8CRVV1Z7 then sleep 2.0 s
#   attempt 4 2026-09-24T14:53:20.736891+09:00 http 503 1481.5 ms gen gen_01M38ZKH00YNVDA22SGFK29N0Y then sleep 2.0 s
#   attempt 5 2026-09-24T14:53:24.218547+09:00 http 200 2427.4 ms gen gen_01M38ZKMK3GE6CSESSZW206PP9
2026-09-24T14:53:28.246018+09:00 r1 L2.B      4 200   1595.1   12633    612 0.00000000
2026-09-24T14:54:09.971369+09:00 r1 L3.B      4 200   1572.0   14110    607 0.00000000  (after 3 failed attempt(s): HTTP 429, HTTP 503, HTTP 503)
#   request 45013 bytes sha256 464aee19d0432e85, 4 attempt(s), 35.0 s waited
#   attempt 1 2026-09-24T14:53:28.249878+09:00 http 429 1531.8 ms gen gen_01M38ZKRVHCX1PY62VRH1VZ1A4 retry-after 31.0 s then sleep 31.0 s
#   attempt 2 2026-09-24T14:54:00.780429+09:00 http 503 1751.3 ms gen gen_01M38ZMR9C8RH0D9J4NDG98VWB then sleep 2.0 s
#   attempt 3 2026-09-24T14:54:04.531957+09:00 http 503 1867.1 ms gen gen_01M38ZMW157WWKX2VMSYDZBY65 then sleep 2.0 s
#   attempt 4 2026-09-24T14:54:08.399266+09:00 http 200 1572.0 ms gen gen_01M38ZMZH51ZB815QM4Q1WEP1A
2026-09-24T14:56:09.507721+09:00 r1 L4.B      4 200   1830.6   14196    607 0.00000000  (after 11 failed attempt(s): HTTP 429, HTTP 503, HTTP 503, HTTP 503, HTTP 503, HTTP 503, HTTP 503, HTTP 503, HTTP 429, HTTP 503, HTTP 503)
#   request 45299 bytes sha256 b781919c7cbbafcc, 12 attempt(s), 99.0 s waited
#   attempt 1 2026-09-24T14:54:09.975029+09:00 http 429 1052.4 ms gen gen_01M38ZN13RHKD7KR0G4S8T3TY2 retry-after 49.0 s then sleep 49.0 s
#   attempt 2 2026-09-24T14:55:00.024781+09:00 http 503 2108.4 ms gen gen_01M38ZPJ199YZWZV70MEQFM0MY then sleep 2.0 s
#   attempt 3 2026-09-24T14:55:04.133350+09:00 http 503 1625.5 ms gen gen_01M38ZPP34SWBW756EQYSEH7KM then sleep 2.0 s
#   attempt 4 2026-09-24T14:55:07.759059+09:00 http 503 1591.9 ms gen gen_01M38ZPSJTPN5R6D0B0TS1G964 then sleep 2.0 s
#   attempt 5 2026-09-24T14:55:11.351215+09:00 http 503 1913.3 ms gen gen_01M38ZPXA9W9SPV2QS36AKJG1W then sleep 2.0 s
#   attempt 6 2026-09-24T14:55:15.257184+09:00 http 503 1581.8 ms gen gen_01M38ZQ0YFCV76QYXKB4AAXVGP then sleep 2.0 s
#   attempt 7 2026-09-24T14:55:18.839182+09:00 http 503 2650.0 ms gen gen_01M38ZQ58WGDB5JXYS39581YRZ then sleep 2.0 s
#   attempt 8 2026-09-24T14:55:23.489337+09:00 http 503 1687.6 ms gen gen_01M38ZQ90KCMRMEJ5RE0Z3V7QY then sleep 2.0 s
#   attempt 9 2026-09-24T14:55:27.177112+09:00 http 429 983.5 ms gen gen_01M38ZQCDXWRB0DBCP9XSE5QMJ retry-after 32.0 s then sleep 32.0 s
#   attempt 10 2026-09-24T14:56:00.165826+09:00 http 503 2003.4 ms gen gen_01M38ZRCM2MNMCBEWXMS7MZ9JH then sleep 2.0 s
#   attempt 11 2026-09-24T14:56:04.169679+09:00 http 503 1507.2 ms gen gen_01M38ZRGJPK0M0AD0077RQ78FN then sleep 2.0 s
#   attempt 12 2026-09-24T14:56:07.677038+09:00 http 200 1830.6 ms gen gen_01M38ZRM5F9A3YEJ27HM79WMES
2026-09-24T14:56:14.669848+09:00 r1 L5.B      4 200   1662.4   14791    607 0.00000000  (after 1 failed attempt(s): HTTP 503)
#   request 47232 bytes sha256 928c0f0bb35e3817, 2 attempt(s), 2.0 s waited
#   attempt 1 2026-09-24T14:56:09.514417+09:00 http 503 1494.7 ms gen gen_01M38ZRNTC67VQJT8CCN0MR8S5 then sleep 2.0 s
#   attempt 2 2026-09-24T14:56:13.009269+09:00 http 200 1662.4 ms gen gen_01M38ZRS6TF96R5YE1019BCR9H
2026-09-24T14:58:53.272855+09:00 r1 L6.A      8 200   2761.5   24374    341 0.00000000  (after 22 failed attempt(s): HTTP 503, HTTP 503, HTTP 429, HTTP 503, HTTP 503, HTTP 503, HTTP 503, HTTP 503, HTTP 429, HTTP 503, HTTP 503, HTTP 503, HTTP 503, HTTP 503, HTTP 503, HTTP 503, HTTP 503, HTTP 503, HTTP 503, HTTP 503, HTTP 503, HTTP 503)
#   request 67601 bytes sha256 0ef27d80de1ed9c7, 23 attempt(s), 117.0 s waited
#   attempt 1 2026-09-24T14:56:14.673569+09:00 http 503 1732.1 ms gen gen_01M38ZRV2CATD148ANVFTDC3V6 then sleep 2.0 s
#   attempt 2 2026-09-24T14:56:18.405845+09:00 http 503 1690.3 ms gen gen_01M38ZRYMJ9104J0SKD6WWFAY8 then sleep 2.0 s
#   attempt 3 2026-09-24T14:56:22.096312+09:00 http 429 1208.7 ms gen gen_01M38ZS28DZA7JK28GHV6HPRKB retry-after 37.0 s then sleep 37.0 s
#   attempt 4 2026-09-24T14:57:00.304342+09:00 http 503 1745.0 ms gen gen_01M38ZT7JWAYANPPYD0HNE8HCP then sleep 2.0 s
#   attempt 5 2026-09-24T14:57:04.049534+09:00 http 503 1809.8 ms gen gen_01M38ZTBCB5XTPRA4JTD22942B then sleep 2.0 s
#   attempt 6 2026-09-24T14:57:07.859633+09:00 http 503 1680.1 ms gen gen_01M38ZTEWS80GVKRYDPAE1954B then sleep 2.0 s
#   attempt 7 2026-09-24T14:57:11.539900+09:00 http 503 1654.0 ms gen gen_01M38ZTJH2YTKQ070HT7GRR9C9 then sleep 2.0 s
#   attempt 8 2026-09-24T14:57:15.192043+09:00 http 503 1480.0 ms gen gen_01M38ZTP1YY5P8SKYSCTEF38NR then sleep 2.0 s
#   attempt 9 2026-09-24T14:57:18.672254+09:00 http 429 1360.4 ms gen gen_01M38ZTSNBF60A8CDSR172ZY2K retry-after 40.0 s then sleep 40.0 s
#   attempt 10 2026-09-24T14:58:00.031748+09:00 http 503 2069.5 ms gen gen_01M38ZW2310M87D99TKJTNBZZ4 then sleep 2.0 s
#   attempt 11 2026-09-24T14:58:04.101511+09:00 http 503 2064.2 ms gen gen_01M38ZW63HJS3YVKCTDYSXK357 then sleep 2.0 s
#   attempt 12 2026-09-24T14:58:08.165937+09:00 http 503 1674.8 ms gen gen_01M38ZW9VA3SVCX4TP1TASEWYY then sleep 2.0 s
#   attempt 13 2026-09-24T14:58:11.840888+09:00 http 503 2930.3 ms gen gen_01M38ZWEKEE3HF8EX1M8JNQWGP then sleep 2.0 s
#   attempt 14 2026-09-24T14:58:16.769868+09:00 http 503 1852.9 ms gen gen_01M38ZWJ9HYEQH47E71E6RWHX3 then sleep 2.0 s
#   attempt 15 2026-09-24T14:58:20.622951+09:00 http 503 1695.6 ms gen gen_01M38ZWNZM8T1BQC7KA90CSA05 then sleep 2.0 s
#   attempt 16 2026-09-24T14:58:24.318758+09:00 http 503 1751.0 ms gen gen_01M38ZWSPBATA2B2ES3NJZHKNJ then sleep 2.0 s
#   attempt 17 2026-09-24T14:58:28.069906+09:00 http 503 1853.1 ms gen gen_01M38ZWXEKHJKQ7XNA83HM4SWG then sleep 2.0 s
#   attempt 18 2026-09-24T14:58:31.923195+09:00 http 503 1812.9 ms gen gen_01M38ZX15E0WGT3X38E71204KR then sleep 2.0 s
#   attempt 19 2026-09-24T14:58:35.736312+09:00 http 503 1576.1 ms gen gen_01M38ZX4M3XTPVDC3F6D2YWZMS then sleep 2.0 s
#   attempt 20 2026-09-24T14:58:39.312839+09:00 http 503 1874.5 ms gen gen_01M38ZX8DSS3CBYZD7H1GRVM1K then sleep 2.0 s
#   attempt 21 2026-09-24T14:58:43.187515+09:00 http 503 1657.9 ms gen gen_01M38ZXC0R3Q2DF427T2S36G4N then sleep 2.0 s
#   attempt 22 2026-09-24T14:58:46.844200+09:00 http 503 1666.8 ms gen gen_01M38ZXFJVRAYX30AWVNW36RXS then sleep 2.0 s
#   attempt 23 2026-09-24T14:58:50.511232+09:00 http 200 2761.5 ms gen gen_01M38ZXKCQHCPTVR32B6YSS0B6
2026-09-24T14:58:55.272515+09:00 r1 L6.B      4 200   1995.4   15208    607 0.00000000
2026-09-24T15:08:18.147134+09:00 r1 L7.A     24 429   1786.4       0      0 0.00000000  ERROR HTTP 429
#   request 98697 bytes sha256 53367804d6291e34, 91 attempt(s), 367.0 s waited
#   attempt 1 2026-09-24T14:58:55.275747+09:00 http 503 2040.0 ms gen gen_01M38ZXR58VZDNC9Y3H69S4RXK then sleep 2.0 s
#   attempt 2 2026-09-24T14:58:59.315998+09:00 http 503 9180.3 ms gen gen_01M38ZY29TCDAF8M735C049VAC then sleep 2.0 s
#   attempt 3 2026-09-24T14:59:10.496482+09:00 http 503 2007.3 ms gen gen_01M38ZY70QYGP5KESK4SPAZTW6 then sleep 2.0 s
#   attempt 4 2026-09-24T14:59:14.503938+09:00 http 503 2219.2 ms gen gen_01M38ZYAVZ5QQQRPQ86N3YW84Y then sleep 2.0 s
#   attempt 5 2026-09-24T14:59:18.718975+09:00 http 503 2371.6 ms gen gen_01M38ZYFBZX2N9DBG2VJ9HPQW5 then sleep 2.0 s
#   attempt 6 2026-09-24T14:59:23.090764+09:00 http 503 1878.4 ms gen gen_01M38ZYK4MM6GBJ2M6E6ZDHFMN then sleep 2.0 s
#   attempt 7 2026-09-24T14:59:26.969412+09:00 http 503 1823.0 ms gen gen_01M38ZYQ6BYFBJ7XP38XX1P9KT then sleep 2.0 s
#   attempt 8 2026-09-24T14:59:30.792664+09:00 http 503 2134.5 ms gen gen_01M38ZYTXR39KX336N0CK5WSFF then sleep 2.0 s
#   attempt 9 2026-09-24T14:59:34.927382+09:00 http 503 2188.8 ms gen gen_01M38ZYYP93XJZJEJHE0B10NQX then sleep 2.0 s
#   attempt 10 2026-09-24T14:59:39.116417+09:00 http 503 2083.2 ms gen gen_01M38ZZ33KHYY9FMNTEX801XF9 then sleep 2.0 s
#   attempt 11 2026-09-24T14:59:43.199808+09:00 http 503 2208.8 ms gen gen_01M38ZZ6W963BJDJBZRWABC2C3 then sleep 2.0 s
#   attempt 12 2026-09-24T14:59:47.410131+09:00 http 503 2211.6 ms gen gen_01M38ZZB2Q7Z29XD9XMYBVEYAR then sleep 2.0 s
#   attempt 13 2026-09-24T14:59:51.621926+09:00 http 503 1948.0 ms gen gen_01M38ZZF3ZQ6QE8RZRAZMSXY0W then sleep 2.0 s
#   attempt 14 2026-09-24T14:59:55.570169+09:00 http 503 1771.8 ms gen gen_01M38ZZJSS6PCEGGZB4HBHJ7YQ then sleep 2.0 s
#   attempt 15 2026-09-24T14:59:59.342175+09:00 http 503 2150.3 ms gen gen_01M38ZZPR6JHPNXSV0GGTRXABA then sleep 2.0 s
#   attempt 16 2026-09-24T15:00:03.492597+09:00 http 503 2382.9 ms gen gen_01M38ZZTWAP4F2WNFX8VB3N549 then sleep 2.0 s
#   attempt 17 2026-09-24T15:00:07.875759+09:00 http 503 2488.6 ms gen gen_01M38ZZZ1G9YAJ633GM82RDEFP then sleep 2.0 s
#   attempt 18 2026-09-24T15:00:12.364557+09:00 http 503 2308.1 ms gen gen_01M39003FFDFC0NWQ169R5M1VJ then sleep 2.0 s
#   attempt 19 2026-09-24T15:00:16.671561+09:00 http 503 2105.7 ms gen gen_01M39007DKNFGXXJF3DJ6XX4NV then sleep 2.0 s
#   attempt 20 2026-09-24T15:00:20.777428+09:00 http 429 1396.3 ms gen gen_01M3900BGMD7S8640WX8PD8B07 retry-after 38.0 s then sleep 38.0 s
#   attempt 21 2026-09-24T15:01:00.172396+09:00 http 503 2188.8 ms gen gen_01M3901J7PE2T0B6R699T2QYKZ then sleep 2.0 s
#   attempt 22 2026-09-24T15:01:04.361432+09:00 http 503 2192.7 ms gen gen_01M3901P6P8VHAK0NW6XG12MX1 then sleep 2.0 s
#   attempt 23 2026-09-24T15:01:08.554297+09:00 http 503 1685.9 ms gen gen_01M3901SXXR9FHYEKT975VCSJR then sleep 2.0 s
#   attempt 24 2026-09-24T15:01:12.240310+09:00 http 503 1861.1 ms gen gen_01M3901XPF67VS7MBMEFVRXWXH then sleep 2.0 s
#   attempt 25 2026-09-24T15:01:16.099173+09:00 http 503 2246.6 ms gen gen_01M39021RWCX4TN4H34JPERSCY then sleep 2.0 s
#   attempt 26 2026-09-24T15:01:20.345944+09:00 http 503 2254.1 ms gen gen_01M39025THAXWMDCETBW9H0GB2 then sleep 2.0 s
#   attempt 27 2026-09-24T15:01:24.600280+09:00 http 429 1449.9 ms gen gen_01M39029YAEKN2X4PJECYP3RX2 retry-after 34.0 s then sleep 34.0 s
#   attempt 28 2026-09-24T15:02:00.049611+09:00 http 503 2012.4 ms gen gen_01M3903CHM51MRCG291PMQ8VAW then sleep 2.0 s
#   attempt 29 2026-09-24T15:02:04.062139+09:00 http 503 2714.3 ms gen gen_01M3903GJQ3ENR0GJXXEZNNXA1 then sleep 2.0 s
#   attempt 30 2026-09-24T15:02:08.776640+09:00 http 503 2107.8 ms gen gen_01M3903N5VTS0GHP040E7NEV23 then sleep 2.0 s
#   attempt 31 2026-09-24T15:02:12.884536+09:00 http 503 2384.9 ms gen gen_01M3903S6NQ9K3FFNH2JSSAY29 then sleep 2.0 s
#   attempt 32 2026-09-24T15:02:17.267852+09:00 http 503 2105.4 ms gen gen_01M3903XGDGREJB35V136AGY8D then sleep 2.0 s
#   attempt 33 2026-09-24T15:02:21.373465+09:00 http 503 2035.9 ms gen gen_01M39041ASR7RT2DGQ4NR8QHNA then sleep 2.0 s
#   attempt 34 2026-09-24T15:02:25.409735+09:00 http 503 2318.5 ms gen gen_01M39045E1DX1JEKZ6QYF8YKMQ then sleep 2.0 s
#   attempt 35 2026-09-24T15:02:29.728414+09:00 http 503 2165.1 ms gen gen_01M39049KXTBHJZPPV5K8Z2WQW then sleep 2.0 s
#   attempt 36 2026-09-24T15:02:33.893716+09:00 http 503 2184.2 ms gen gen_01M3904DTM6WK6W1WGHGQ1DTJZ then sleep 2.0 s
#   attempt 37 2026-09-24T15:02:38.078116+09:00 http 503 2374.7 ms gen gen_01M3904HP2YV3MV15HSFD7QD9Z then sleep 2.0 s
#   attempt 38 2026-09-24T15:02:42.452989+09:00 http 503 2223.4 ms gen gen_01M3904P5WMCD8VS5SHV9B558N then sleep 2.0 s
#   attempt 39 2026-09-24T15:02:46.674838+09:00 http 503 2366.8 ms gen gen_01M3904TANDNJV694KYS3RTBXN then sleep 2.0 s
#   attempt 40 2026-09-24T15:02:51.041874+09:00 http 503 2133.6 ms gen gen_01M3904YBSFKKKYQQSAJ5BSB8V then sleep 2.0 s
#   attempt 41 2026-09-24T15:02:55.175883+09:00 http 503 2357.5 ms gen gen_01M39052K28AWHV1ECZD4H76CG then sleep 2.0 s
#   attempt 42 2026-09-24T15:02:59.533562+09:00 http 503 2217.5 ms gen gen_01M39056VC72ZY53TQD0JTJW7Z then sleep 2.0 s
#   attempt 43 2026-09-24T15:03:03.751318+09:00 http 503 2105.7 ms gen gen_01M3905AX1RTWY9K93MF7BP9WN then sleep 2.0 s
#   attempt 44 2026-09-24T15:03:07.857214+09:00 http 503 1890.6 ms gen gen_01M3905ENB11WSDWRAZNHT08R2 then sleep 2.0 s
#   attempt 45 2026-09-24T15:03:11.747984+09:00 http 503 1956.9 ms gen gen_01M3905JF7TS1HRQMQAQBXQQNT then sleep 2.0 s
#   attempt 46 2026-09-24T15:03:15.702902+09:00 http 429 1522.7 ms gen gen_01M3905PG4579A0H4SSV2WYKQG retry-after 43.0 s then sleep 43.0 s
#   attempt 47 2026-09-24T15:04:00.225390+09:00 http 503 1739.3 ms gen gen_01M39071JGE2N2NVMSW0BDZBCA then sleep 2.0 s
#   attempt 48 2026-09-24T15:04:03.964801+09:00 http 503 1894.6 ms gen gen_01M39075F75R14TRTMMH1APM7A then sleep 2.0 s
#   attempt 49 2026-09-24T15:04:07.859601+09:00 http 503 2345.7 ms gen gen_01M390796RXQK7V4KEXS6ACFV8 then sleep 2.0 s
#   attempt 50 2026-09-24T15:04:12.205460+09:00 http 503 2082.7 ms gen gen_01M3907DK5W0NY2NM7PN6AYMTE then sleep 2.0 s
#   attempt 51 2026-09-24T15:04:16.286839+09:00 http 503 2164.3 ms gen gen_01M3907HR2AG3WZ9CDND3178HB then sleep 2.0 s
#   attempt 52 2026-09-24T15:04:20.451310+09:00 http 503 2073.2 ms gen gen_01M3907NP0GH6B533K88Z8RK8R then sleep 2.0 s
#   attempt 53 2026-09-24T15:04:24.524740+09:00 http 503 1873.6 ms gen gen_01M3907SGJB33ADJDGGXET1REF then sleep 2.0 s
#   attempt 54 2026-09-24T15:04:28.398560+09:00 http 503 2011.9 ms gen gen_01M3907XEE316VAK3FN19WEPP4 then sleep 2.0 s
#   attempt 55 2026-09-24T15:04:32.410678+09:00 http 503 2178.1 ms gen gen_01M39081FNW7ZH2WJAPFJMDSMW then sleep 2.0 s
#   attempt 56 2026-09-24T15:04:36.588987+09:00 http 503 1832.3 ms gen gen_01M390857YQ595DR7V2PCW60ZM then sleep 2.0 s
#   attempt 57 2026-09-24T15:04:40.421404+09:00 http 503 2311.2 ms gen gen_01M39089CGT5JP5MMS69XZS5V2 then sleep 2.0 s
#   attempt 58 2026-09-24T15:04:44.731832+09:00 http 503 2038.7 ms gen gen_01M3908D7JHPE3H8NPKXHJ853N then sleep 2.0 s
#   attempt 59 2026-09-24T15:04:48.770684+09:00 http 503 2224.2 ms gen gen_01M3908HD200P7VTZ5896C0ZZ2 then sleep 2.0 s
#   attempt 60 2026-09-24T15:04:52.995029+09:00 http 503 2041.4 ms gen gen_01M3908NBYAA2B7376P0CWGH82 then sleep 2.0 s
#   attempt 61 2026-09-24T15:04:57.036629+09:00 http 503 2136.1 ms gen gen_01M3908SCYCNE4HVTW7WQTHFSC then sleep 2.0 s
#   attempt 62 2026-09-24T15:05:01.172926+09:00 http 503 1983.1 ms gen gen_01M3908XE8SB1DXZQAACJJ6A3Q then sleep 2.0 s
#   attempt 63 2026-09-24T15:05:05.156427+09:00 http 503 2338.7 ms gen gen_01M39091HTVWXZN4B83MX6QJZB then sleep 2.0 s
#   attempt 64 2026-09-24T15:05:09.495309+09:00 http 503 1922.3 ms gen gen_01M390959Y64HPHB7PHF6W2DV5 then sleep 2.0 s
#   attempt 65 2026-09-24T15:05:13.417752+09:00 http 503 2259.4 ms gen gen_01M39099GEQK1Q3V8YR3J83C93 then sleep 2.0 s
#   attempt 66 2026-09-24T15:05:17.676012+09:00 http 503 2086.8 ms gen gen_01M3909DMY6Z311VGYTYYYX25Q then sleep 2.0 s
#   attempt 67 2026-09-24T15:05:21.762977+09:00 http 503 2010.5 ms gen gen_01M3909HH8SNP2G84RQDP1JSRZ then sleep 2.0 s
#   attempt 68 2026-09-24T15:05:25.773632+09:00 http 503 2140.3 ms gen gen_01M3909NMP9VGHYYTXCQSHE9WZ then sleep 2.0 s
#   attempt 69 2026-09-24T15:05:29.914116+09:00 http 503 2216.2 ms gen gen_01M3909SN9F1F1S04WXB1D1KRZ then sleep 2.0 s
#   attempt 70 2026-09-24T15:05:34.130471+09:00 http 503 2129.3 ms gen gen_01M3909XJ8R5PB854G5K9RD5GF then sleep 2.0 s
#   attempt 71 2026-09-24T15:05:38.259915+09:00 http 503 2091.4 ms gen gen_01M390A1NFPVS3BDBQTZDC2SBV then sleep 2.0 s
#   attempt 72 2026-09-24T15:05:42.351529+09:00 http 503 2084.1 ms gen gen_01M390A5NCJQA69QG8WSVA2BH9 then sleep 2.0 s
#   attempt 73 2026-09-24T15:05:46.434666+09:00 http 503 2050.6 ms gen gen_01M390A9PCAVB44J1N8SFW2N4Y then sleep 2.0 s
#   attempt 74 2026-09-24T15:05:50.485487+09:00 http 503 1963.6 ms gen gen_01M390ADE2S5MN4185MFG5P9A9 then sleep 2.0 s
#   attempt 75 2026-09-24T15:05:54.449333+09:00 http 503 2294.8 ms gen gen_01M390AHKV2T6N00VN5XMYFVKY then sleep 2.0 s
#   attempt 76 2026-09-24T15:05:58.744401+09:00 http 503 2102.0 ms gen gen_01M390ANMM84P80PW1EKVSHDBJ then sleep 2.0 s
#   attempt 77 2026-09-24T15:06:02.846588+09:00 http 503 2016.6 ms gen gen_01M390ASJFMX6PFWJ6G3Q6R180 then sleep 2.0 s
#   attempt 78 2026-09-24T15:06:06.863339+09:00 http 503 2101.1 ms gen gen_01M390AXQ9BJ9MB4NWJS1W8VQ7 then sleep 2.0 s
#   attempt 79 2026-09-24T15:06:10.964663+09:00 http 503 2097.0 ms gen gen_01M390B1NVS86WBY70G8X74ZSH then sleep 2.0 s
#   attempt 80 2026-09-24T15:06:15.060893+09:00 http 503 1899.5 ms gen gen_01M390B5HZ9X7KPTWTFDTN7A4F then sleep 2.0 s
#   attempt 81 2026-09-24T15:06:18.960580+09:00 http 429 1635.2 ms gen gen_01M390B9HPKNEGGAXMHQGAM6NX retry-after 40.0 s then sleep 40.0 s
#   attempt 82 2026-09-24T15:07:00.594565+09:00 http 503 2080.0 ms gen gen_01M390CJ2YEAE4D8D80BYKXGH6 then sleep 2.0 s
#   attempt 83 2026-09-24T15:07:04.674765+09:00 http 503 1923.7 ms gen gen_01M390CNTF8ZHWHPZ5WK599E96 then sleep 2.0 s
#   attempt 84 2026-09-24T15:07:08.598818+09:00 http 503 2031.7 ms gen gen_01M390CSWAB3SHF73SFBKHHCKV then sleep 2.0 s
#   attempt 85 2026-09-24T15:07:12.630656+09:00 http 503 2110.4 ms gen gen_01M390CXYPXX2R3J1K9406BEJN then sleep 2.0 s
#   attempt 86 2026-09-24T15:07:16.740424+09:00 http 429 1658.2 ms gen gen_01M390D20HWRBE8BDW64DZ85N5 retry-after 42.0 s then sleep 42.0 s
#   attempt 87 2026-09-24T15:08:00.397407+09:00 http 503 1917.3 ms gen gen_01M390ECEA3JP0MGAVY9QSN1YD then sleep 2.0 s
#   attempt 88 2026-09-24T15:08:04.314917+09:00 http 503 2139.5 ms gen gen_01M390EGF3DQB91SKG8PV51Q86 then sleep 2.0 s
#   attempt 89 2026-09-24T15:08:08.454689+09:00 http 503 1970.8 ms gen gen_01M390EM9D32GC0TVVFGNKWEYM then sleep 2.0 s
#   attempt 90 2026-09-24T15:08:12.425712+09:00 http 503 1935.8 ms gen gen_01M390ER5MEWS95W8QXY01N3PC then sleep 2.0 s
#   attempt 91 2026-09-24T15:08:16.360714+09:00 http 429 1786.4 ms gen gen_01M390EWC2ZNSTEB405MW40CVC retry-after 42.0 s
2026-09-24T15:18:29.881588+09:00 r1 L7.A.retry1  24 503   1861.5       0      0 0.00000000  ERROR HTTP 503
#   request 98697 bytes sha256 53367804d6291e34, 116 attempt(s), 370.0 s waited
#   attempt 1 2026-09-24T15:08:28.149923+09:00 http 503 2089.8 ms gen gen_01M390F7K4YZF3TMASVBN16RFS then sleep 2.0 s
#   attempt 2 2026-09-24T15:08:32.239969+09:00 http 503 1963.5 ms gen gen_01M390FBGZ1B5NW4FHKD94XRJ7 then sleep 2.0 s
#   attempt 3 2026-09-24T15:08:36.203682+09:00 http 503 2040.7 ms gen gen_01M390FFC3Z6K3ZPQ2MW4VR7G7 then sleep 2.0 s
#   attempt 4 2026-09-24T15:08:40.244744+09:00 http 503 2034.2 ms gen gen_01M390FKB9D1Y04RJDBND0VCCC then sleep 2.0 s
#   attempt 5 2026-09-24T15:08:44.279145+09:00 http 503 2001.9 ms gen gen_01M390FQCX0QRTMTF4BWSAMQYY then sleep 2.0 s
#   attempt 6 2026-09-24T15:08:48.280172+09:00 http 429 1517.3 ms gen gen_01M390FV7JDTYGPQEE5PNT6HXV retry-after 11.0 s then sleep 11.0 s
#   attempt 7 2026-09-24T15:09:00.797982+09:00 http 503 2853.8 ms gen gen_01M390G8ARDH1QAKNY9RDMETDT then sleep 2.0 s
#   attempt 8 2026-09-24T15:09:05.651951+09:00 http 503 2432.7 ms gen gen_01M390GCD1XF76EVS7X5C36EQE then sleep 2.0 s
#   attempt 9 2026-09-24T15:09:10.085101+09:00 http 503 2109.8 ms gen gen_01M390GGFXJR0J3ZCE1NWK8Y7R then sleep 2.0 s
#   attempt 10 2026-09-24T15:09:14.195034+09:00 http 503 1708.9 ms gen gen_01M390GMDP9CG32NC3JFSD4F8S then sleep 2.0 s
#   attempt 11 2026-09-24T15:09:17.899248+09:00 http 503 1836.7 ms gen gen_01M390GR1K0FBM1AYPN2GQY43C then sleep 2.0 s
#   attempt 12 2026-09-24T15:09:21.736195+09:00 http 503 2013.2 ms gen gen_01M390GVW06K4DBQXC0GNGRVRJ then sleep 2.0 s
#   attempt 13 2026-09-24T15:09:25.749908+09:00 http 503 2231.0 ms gen gen_01M390H02NNF0VSP4TXKDQ16TM then sleep 2.0 s
#   attempt 14 2026-09-24T15:09:29.981496+09:00 http 503 2275.2 ms gen gen_01M390H41Z28EK430QHNS1M4AE then sleep 2.0 s
#   attempt 15 2026-09-24T15:09:34.256896+09:00 http 503 2015.3 ms gen gen_01M390H84HCG0ZV3MZN4EG9A60 then sleep 2.0 s
#   attempt 16 2026-09-24T15:09:38.272426+09:00 http 503 1972.8 ms gen gen_01M390HBZ1QN4B43FQ2N324N5Q then sleep 2.0 s
#   attempt 17 2026-09-24T15:09:42.245441+09:00 http 503 2094.5 ms gen gen_01M390HFY1W0MPHEVFH9YK8ABM then sleep 2.0 s
#   attempt 18 2026-09-24T15:09:46.338307+09:00 http 503 2228.2 ms gen gen_01M390HM3HTDNFTEDHTEE4F0H2 then sleep 2.0 s
#   attempt 19 2026-09-24T15:09:50.566668+09:00 http 503 1932.7 ms gen gen_01M390HQZ6VYA5EBBE0XVTJW8A then sleep 2.0 s
#   attempt 20 2026-09-24T15:09:54.499505+09:00 http 503 2168.6 ms gen gen_01M390HVS3FSREJ47XJRAEBS8C then sleep 2.0 s
#   attempt 21 2026-09-24T15:09:58.668244+09:00 http 503 2299.4 ms gen gen_01M390J02VNTZ7F5J29K72F410 then sleep 2.0 s
#   attempt 22 2026-09-24T15:10:02.967858+09:00 http 503 1728.5 ms gen gen_01M390J3ZTRJ1ZYKDZQ395011Y then sleep 2.0 s
#   attempt 23 2026-09-24T15:10:06.696488+09:00 http 503 2066.6 ms gen gen_01M390J7VX0MMVNJ8G1HX4DPY9 then sleep 2.0 s
#   attempt 24 2026-09-24T15:10:10.763308+09:00 http 503 1858.2 ms gen gen_01M390JBFR6VFK0R40TJ3XF3ZH then sleep 2.0 s
#   attempt 25 2026-09-24T15:10:14.619512+09:00 http 503 1857.4 ms gen gen_01M390JFC50MDN9EG6YJ6SMM8D then sleep 2.0 s
#   attempt 26 2026-09-24T15:10:18.477156+09:00 http 503 1863.7 ms gen gen_01M390JK7AD7BN007TMBBEEF58 then sleep 2.0 s
#   attempt 27 2026-09-24T15:10:22.341104+09:00 http 429 1472.9 ms gen gen_01M390JQ2WMDWW5P9WHN2MZ6A9 retry-after 37.0 s then sleep 37.0 s
#   attempt 28 2026-09-24T15:11:00.812173+09:00 http 503 2140.1 ms gen gen_01M390KWQNRSKZ5FJPMBNB402J then sleep 2.0 s
#   attempt 29 2026-09-24T15:11:04.952448+09:00 http 503 2230.7 ms gen gen_01M390M0VMPHFXXH86HESS7J3H then sleep 2.0 s
#   attempt 30 2026-09-24T15:11:09.183347+09:00 http 429 1224.0 ms gen gen_01M390M4K1RMJY1PBKWRE11N9R retry-after 50.0 s then sleep 50.0 s
#   attempt 31 2026-09-24T15:12:00.403100+09:00 http 503 2572.5 ms gen gen_01M390NQ8K1F5SB1KBE0ZGJV5M then sleep 2.0 s
#   attempt 32 2026-09-24T15:12:04.975830+09:00 http 503 2230.5 ms gen gen_01M390NVDW2F7N7B4BVKVCCJXN then sleep 2.0 s
#   attempt 33 2026-09-24T15:12:09.206493+09:00 http 429 1247.5 ms gen gen_01M390NZ7E0JF2VDDK24JD4P0S retry-after 50.0 s then sleep 50.0 s
#   attempt 34 2026-09-24T15:13:00.450042+09:00 http 503 2083.8 ms gen gen_01M390QHETRYRC55FV15V7CS40 then sleep 2.0 s
#   attempt 35 2026-09-24T15:13:04.534027+09:00 http 503 2183.9 ms gen gen_01M390QNNVHJHFTEXFVRFV04G8 then sleep 2.0 s
#   attempt 36 2026-09-24T15:13:08.718174+09:00 http 503 2180.8 ms gen gen_01M390QSM2MAAGZ2QEHK0PYA28 then sleep 2.0 s
#   attempt 37 2026-09-24T15:13:12.899113+09:00 http 503 1933.6 ms gen gen_01M390QXN5088QHTPMQT2K4W40 then sleep 2.0 s
#   attempt 38 2026-09-24T15:13:16.830540+09:00 http 503 2131.4 ms gen gen_01M390R1G2M51V8MPM6M4CK9VY then sleep 2.0 s
#   attempt 39 2026-09-24T15:13:20.962351+09:00 http 503 2146.7 ms gen gen_01M390R5N8VPFV5PZAQ4TBX5MV then sleep 2.0 s
#   attempt 40 2026-09-24T15:13:25.109196+09:00 http 503 2097.9 ms gen gen_01M390R9NSWR8Z4RPYRTKGSKTF then sleep 2.0 s
#   attempt 41 2026-09-24T15:13:29.207246+09:00 http 503 2310.0 ms gen gen_01M390RDRPQ6H88FGE28XAYMTW then sleep 2.0 s
#   attempt 42 2026-09-24T15:13:33.517465+09:00 http 503 2208.7 ms gen gen_01M390RHTV0MRAACCNWDR029H0 then sleep 2.0 s
#   attempt 43 2026-09-24T15:13:37.726318+09:00 http 503 2166.4 ms gen gen_01M390RP1WS4XDWAE0VV0FM33D then sleep 2.0 s
#   attempt 44 2026-09-24T15:13:41.892886+09:00 http 503 1976.0 ms gen gen_01M390RSYGF44C10P8AVQNGPQ8 then sleep 2.0 s
#   attempt 45 2026-09-24T15:13:45.866815+09:00 http 503 1836.3 ms gen gen_01M390RXMVRR250D6T8JHGXGY1 then sleep 2.0 s
#   attempt 46 2026-09-24T15:13:49.703302+09:00 http 503 2217.9 ms gen gen_01M390S1V8PY1W1KA7YKWN135D then sleep 2.0 s
#   attempt 47 2026-09-24T15:13:53.921399+09:00 http 503 2043.8 ms gen gen_01M390S5QCYH43EE01M0B7BA79 then sleep 2.0 s
#   attempt 48 2026-09-24T15:13:57.965333+09:00 http 503 2170.5 ms gen gen_01M390S9J23ZMT3P5TWKN2RXE3 then sleep 2.0 s
#   attempt 49 2026-09-24T15:14:02.135977+09:00 http 503 2107.2 ms gen gen_01M390SDS43ZN5T8S4SXTNJ3AM then sleep 2.0 s
#   attempt 50 2026-09-24T15:14:06.243368+09:00 http 503 1963.4 ms gen gen_01M390SHPZDYRV6JMT8DSTYY15 then sleep 2.0 s
#   attempt 51 2026-09-24T15:14:10.206980+09:00 http 503 2223.9 ms gen gen_01M390SNVJ5Q2KNR9PG5AAN0GQ then sleep 2.0 s
#   attempt 52 2026-09-24T15:14:14.431072+09:00 http 503 1821.0 ms gen gen_01M390SSKVRR4KAZ312B8H0B61 then sleep 2.0 s
#   attempt 53 2026-09-24T15:14:18.250437+09:00 http 503 2436.1 ms gen gen_01M390SXPJXDKF9CFJY88XYG76 then sleep 2.0 s
#   attempt 54 2026-09-24T15:14:22.686766+09:00 http 503 1646.0 ms gen gen_01M390T1GW5266RDHY9NA0PW2Q then sleep 2.0 s
#   attempt 55 2026-09-24T15:14:26.332975+09:00 http 503 1870.6 ms gen gen_01M390T5AJESKN880XG16HQECC then sleep 2.0 s
#   attempt 56 2026-09-24T15:14:30.203754+09:00 http 503 1816.7 ms gen gen_01M390T91G71EBJ33SBV6EA43S then sleep 2.0 s
#   attempt 57 2026-09-24T15:14:34.020588+09:00 http 503 2079.1 ms gen gen_01M390TCYRVF58X3M36D89MS7D then sleep 2.0 s
#   attempt 58 2026-09-24T15:14:38.099867+09:00 http 503 1965.0 ms gen gen_01M390TGWDJFAC9F2EWC1WHD0V then sleep 2.0 s
#   attempt 59 2026-09-24T15:14:42.065021+09:00 http 503 1844.8 ms gen gen_01M390TMKJDBFRPTZ6VK1H867B then sleep 2.0 s
#   attempt 60 2026-09-24T15:14:45.907924+09:00 http 503 1871.0 ms gen gen_01M390TRD1XSMAY1XD1XC5FB8W then sleep 2.0 s
#   attempt 61 2026-09-24T15:14:49.779151+09:00 http 503 2138.7 ms gen gen_01M390TWD0JRWHB7W8J18XFVV0 then sleep 2.0 s
#   attempt 62 2026-09-24T15:14:53.918058+09:00 http 503 1875.6 ms gen gen_01M390V06N3XT76PMBGPWBFYV7 then sleep 2.0 s
#   attempt 63 2026-09-24T15:14:57.793791+09:00 http 503 1721.5 ms gen gen_01M390V3WXDMTE95G8YVDAG3HC then sleep 2.0 s
#   attempt 64 2026-09-24T15:15:01.515438+09:00 http 503 1999.1 ms gen gen_01M390V7SE2R88DXQ7C453HRAG then sleep 2.0 s
#   attempt 65 2026-09-24T15:15:05.514771+09:00 http 503 2003.7 ms gen gen_01M390VBP6D416T0WFBNBNZQQR then sleep 2.0 s
#   attempt 66 2026-09-24T15:15:09.518687+09:00 http 503 2911.2 ms gen gen_01M390VGFSM9J1G24MXJF1TBE0 then sleep 2.0 s
#   attempt 67 2026-09-24T15:15:14.430059+09:00 http 503 1858.4 ms gen gen_01M390VM84YWP5F3F0QAEPCTZK then sleep 2.0 s
#   attempt 68 2026-09-24T15:15:18.283013+09:00 http 503 2022.6 ms gen gen_01M390VR751WZZMWN5S4J6WAME then sleep 2.0 s
#   attempt 69 2026-09-24T15:15:22.305763+09:00 http 503 2420.4 ms gen gen_01M390VW7XNFF6CBXYZEDJYQ69 then sleep 2.0 s
#   attempt 70 2026-09-24T15:15:26.726363+09:00 http 503 2235.9 ms gen gen_01M390W0F9GT2P4A7552ZHME5G then sleep 2.0 s
#   attempt 71 2026-09-24T15:15:30.962510+09:00 http 503 2389.8 ms gen gen_01M390W4MDXTK8M4251C8S9WCX then sleep 2.0 s
#   attempt 72 2026-09-24T15:15:35.352645+09:00 http 503 2270.7 ms gen gen_01M390W8YBFB66ANCNRM14Q92Q then sleep 2.0 s
#   attempt 73 2026-09-24T15:15:39.623543+09:00 http 503 1711.3 ms gen gen_01M390WCQ3AWSXJK0MQM2P4VGK then sleep 2.0 s
#   attempt 74 2026-09-24T15:15:43.334976+09:00 http 503 1995.8 ms gen gen_01M390WGMVB3N5PHNT45RHM626 then sleep 2.0 s
#   attempt 75 2026-09-24T15:15:47.332977+09:00 http 503 1803.8 ms gen gen_01M390WM722VJ7XMFWJDCNKBPQ then sleep 2.0 s
#   attempt 76 2026-09-24T15:15:51.136996+09:00 http 503 1902.8 ms gen gen_01M390WR4TVEGKXP4HBTHHJ2H4 then sleep 2.0 s
#   attempt 77 2026-09-24T15:15:55.039974+09:00 http 503 1786.4 ms gen gen_01M390WVZVY17WZ7ZW19K8S2A8 then sleep 2.0 s
#   attempt 78 2026-09-24T15:15:58.826509+09:00 http 503 1702.3 ms gen gen_01M390WZF5RHS96J99BTC32SME then sleep 2.0 s
#   attempt 79 2026-09-24T15:16:02.528940+09:00 http 503 2009.5 ms gen gen_01M390X3CZ286GPKAAYWQZDMNZ then sleep 2.0 s
#   attempt 80 2026-09-24T15:16:06.538643+09:00 http 503 1844.2 ms gen gen_01M390X75AZEXX2DJZ7XQ9CESK then sleep 2.0 s
#   attempt 81 2026-09-24T15:16:10.383009+09:00 http 503 2035.1 ms gen gen_01M390XB319FY3HQP79TZGPEZK then sleep 2.0 s
#   attempt 82 2026-09-24T15:16:14.418253+09:00 http 503 1811.4 ms gen gen_01M390XET1NKXN2FRNAPF4J51H then sleep 2.0 s
#   attempt 83 2026-09-24T15:16:18.229466+09:00 http 503 2020.3 ms gen gen_01M390XJQP8CNP0GDBZZKC1AGA then sleep 2.0 s
#   attempt 84 2026-09-24T15:16:22.249914+09:00 http 503 2158.9 ms gen gen_01M390XPNSS1JEKZ2BF0W0PG1J then sleep 2.0 s
#   attempt 85 2026-09-24T15:16:26.408950+09:00 http 503 1686.8 ms gen gen_01M390XTDGTE16XZBGA9G8J1YW then sleep 2.0 s
#   attempt 86 2026-09-24T15:16:30.095957+09:00 http 503 1817.8 ms gen gen_01M390XY470D1YRWA3659AH1S7 then sleep 2.0 s
#   attempt 87 2026-09-24T15:16:33.913876+09:00 http 503 1957.8 ms gen gen_01M390Y1ZCYV27NERTNKJZ6XR3 then sleep 2.0 s
#   attempt 88 2026-09-24T15:16:37.871843+09:00 http 503 1938.7 ms gen gen_01M390Y5VBYFPB4ZGQ1MSJDDNJ then sleep 2.0 s
#   attempt 89 2026-09-24T15:16:41.810700+09:00 http 503 2111.5 ms gen gen_01M390Y9SWRM1QC7SHVJQC8BNG then sleep 2.0 s
#   attempt 90 2026-09-24T15:16:45.921465+09:00 http 503 1875.0 ms gen gen_01M390YDKTZZHQCWS0N0NYATS8 then sleep 2.0 s
#   attempt 91 2026-09-24T15:16:49.796649+09:00 http 503 2015.8 ms gen gen_01M390YHHNVBSZDW4C0KC79490 then sleep 2.0 s
#   attempt 92 2026-09-24T15:16:53.812575+09:00 http 503 2241.0 ms gen gen_01M390YNGY3NDKKTTM5YAZ3XB2 then sleep 2.0 s
#   attempt 93 2026-09-24T15:16:58.053780+09:00 http 503 2025.9 ms gen gen_01M390YSKPSNSENC8DYWPQYNKX then sleep 2.0 s
#   attempt 94 2026-09-24T15:17:02.079859+09:00 http 503 1710.2 ms gen gen_01M390YX8XNP47YBB38RSF6E8K then sleep 2.0 s
#   attempt 95 2026-09-24T15:17:05.790227+09:00 http 503 1699.3 ms gen gen_01M390Z0ZYMY0RYBGC0JA5V15W then sleep 2.0 s
#   attempt 96 2026-09-24T15:17:09.489707+09:00 http 503 2078.0 ms gen gen_01M390Z4TW7D5T9QN4JHRJQAFF then sleep 2.0 s
#   attempt 97 2026-09-24T15:17:13.567882+09:00 http 503 1870.7 ms gen gen_01M390Z8SBC0WBNK570HSC8MQZ then sleep 2.0 s
#   attempt 98 2026-09-24T15:17:17.436823+09:00 http 503 1850.4 ms gen gen_01M390ZCDPP2AE06K20HZVPD2Y then sleep 2.0 s
#   attempt 99 2026-09-24T15:17:21.287355+09:00 http 503 1637.1 ms gen gen_01M390ZG3Z9VZ9SNVEBPHDX731 then sleep 2.0 s
#   attempt 100 2026-09-24T15:17:24.924709+09:00 http 503 1783.2 ms gen gen_01M390ZKKR705WEDF93BH0N6JY then sleep 2.0 s
#   attempt 101 2026-09-24T15:17:28.708147+09:00 http 503 2328.0 ms gen gen_01M390ZQNC0H66JXFAQV4A858F then sleep 2.0 s
#   attempt 102 2026-09-24T15:17:33.036253+09:00 http 503 2004.6 ms gen gen_01M390ZVPMBNVET972XJRWPA09 then sleep 2.0 s
#   attempt 103 2026-09-24T15:17:37.040980+09:00 http 503 1724.9 ms gen gen_01M390ZZDHRH5RZ3W99CDGHKKA then sleep 2.0 s
#   attempt 104 2026-09-24T15:17:40.766108+09:00 http 503 1782.6 ms gen gen_01M3910337RK9CCC2JMPEH4H57 then sleep 2.0 s
#   attempt 105 2026-09-24T15:17:44.548872+09:00 http 503 1896.3 ms gen gen_01M39106WHR18D2ES3K0W2NPJC then sleep 2.0 s
#   attempt 106 2026-09-24T15:17:48.443806+09:00 http 503 1962.1 ms gen gen_01M3910ASGV0536D5V7N6H2VYC then sleep 2.0 s
#   attempt 107 2026-09-24T15:17:52.406101+09:00 http 503 2051.2 ms gen gen_01M3910EMC404ZW5NM1KN058KP then sleep 2.0 s
#   attempt 108 2026-09-24T15:17:56.457617+09:00 http 503 1949.6 ms gen gen_01M3910JJB3DA6YRM8BE0JCG0N then sleep 2.0 s
#   attempt 109 2026-09-24T15:18:00.407429+09:00 http 503 1865.0 ms gen gen_01M3910PB39W5A0HXNT1GF7FRF then sleep 2.0 s
#   attempt 110 2026-09-24T15:18:04.272640+09:00 http 503 1893.6 ms gen gen_01M3910T5E31P4F79G19YTR52F then sleep 2.0 s
#   attempt 111 2026-09-24T15:18:08.166431+09:00 http 503 1863.5 ms gen gen_01M3910XT570VQH96SAJTRZ7D4 then sleep 2.0 s
#   attempt 112 2026-09-24T15:18:12.030063+09:00 http 503 2071.1 ms gen gen_01M39111WHMDE412J0DVADV5JW then sleep 2.0 s
#   attempt 113 2026-09-24T15:18:16.098791+09:00 http 503 2056.5 ms gen gen_01M39115VXZHMQGK9RY7GKT3R8 then sleep 2.0 s
#   attempt 114 2026-09-24T15:18:20.155539+09:00 http 503 2162.3 ms gen gen_01M39119Y9B385QZ8YGF4E8KBN then sleep 2.0 s
#   attempt 115 2026-09-24T15:18:24.318107+09:00 http 503 1701.7 ms gen gen_01M3911DJP6621RT60XJ9549MJ then sleep 2.0 s
#   attempt 116 2026-09-24T15:18:28.020060+09:00 http 503 1861.5 ms gen gen_01M3911HBMQM0RJGJ1EWVXSXN0
# prompt-study-2-2026-09-24, target hintbench, vocab v6-2026-09-23, state state-v6.0-2026-09-23, leak check clean
2026-09-24T15:29:49.754268+09:00 r1 L7.A.c0   7 200   2200.0   22142    116 0.00000000  (after 51 failed attempt(s): HTTP 503, HTTP 503, HTTP 503, HTTP 503, HTTP 503, HTTP 503, HTTP 503, HTTP 503, HTTP 503, HTTP 503, HTTP 503, HTTP 503, HTTP 503, HTTP 503, HTTP 503, HTTP 503, HTTP 503, HTTP 503, HTTP 503, HTTP 503, HTTP 503, HTTP 429, HTTP 429, HTTP 503, HTTP 503, HTTP 503, HTTP 503, HTTP 503, HTTP 503, HTTP 503, HTTP 503, HTTP 503, HTTP 503, HTTP 503, HTTP 503, HTTP 503, HTTP 429, HTTP 429, HTTP 503, HTTP 503, HTTP 503, HTTP 503, HTTP 503, HTTP 503, HTTP 503, HTTP 503, HTTP 503, HTTP 503, HTTP 503, HTTP 503, HTTP 503)
#   request 58751 bytes sha256 c0f5b0940b5a1d16, 52 attempt(s), 226.0 s waited
#   attempt 1 2026-09-24T15:24:35.797036+09:00 http 503 1915.2 ms gen gen_01M391CRDMBPEDT3Y116NNMF27 then sleep 2.0 s
#   attempt 2 2026-09-24T15:24:39.712463+09:00 http 503 1587.1 ms gen gen_01M391CW2WHFB6XAAEGY0A9F5B then sleep 2.0 s
#   attempt 3 2026-09-24T15:24:43.300014+09:00 http 503 1733.3 ms gen gen_01M391CZNJV3WZEHAWEQXKC0YP then sleep 2.0 s
#   attempt 4 2026-09-24T15:24:47.031759+09:00 http 503 1737.8 ms gen gen_01M391D39HVQK080FW62H19X1Y then sleep 2.0 s
#   attempt 5 2026-09-24T15:24:50.769927+09:00 http 503 1667.6 ms gen gen_01M391D6Y1QNFW1N8K4BEWDKNY then sleep 2.0 s
#   attempt 6 2026-09-24T15:24:54.438019+09:00 http 503 1633.3 ms gen gen_01M391DAE2Q2BEWQG028NTEWG6 then sleep 2.0 s
#   attempt 7 2026-09-24T15:24:58.071466+09:00 http 503 1692.8 ms gen gen_01M391DE05C51H7WJ82BV6D930 then sleep 2.0 s
#   attempt 8 2026-09-24T15:25:01.764472+09:00 http 503 1879.0 ms gen gen_01M391DHTRNG3ZW5ZXY2GKSP0K then sleep 2.0 s
#   attempt 9 2026-09-24T15:25:05.643654+09:00 http 503 1770.4 ms gen gen_01M391DNGW1NCQD5E90AW4M1WY then sleep 2.0 s
#   attempt 10 2026-09-24T15:25:09.414502+09:00 http 503 2862.9 ms gen gen_01M391DT1NFZRA9ERDM65YJJJD then sleep 2.0 s
#   attempt 11 2026-09-24T15:25:14.277646+09:00 http 503 1770.8 ms gen gen_01M391DXZAKG6SXJSG51R7054P then sleep 2.0 s
#   attempt 12 2026-09-24T15:25:18.045770+09:00 http 503 1725.6 ms gen gen_01M391E1KP7AE9R76F3P4TNVN0 then sleep 2.0 s
#   attempt 13 2026-09-24T15:25:21.771568+09:00 http 503 1941.4 ms gen gen_01M391E59E69WNE32SVP57E3B1 then sleep 2.0 s
#   attempt 14 2026-09-24T15:25:25.713401+09:00 http 503 1671.6 ms gen gen_01M391E92HJC5WPKV4CC8JXY69 then sleep 2.0 s
#   attempt 15 2026-09-24T15:25:29.385543+09:00 http 503 1635.1 ms gen gen_01M391ECKHJW9P75ADAG54QJVR then sleep 2.0 s
#   attempt 16 2026-09-24T15:25:33.020864+09:00 http 503 1615.1 ms gen gen_01M391EG43ZW099JPV178WYQ7V then sleep 2.0 s
#   attempt 17 2026-09-24T15:25:36.636156+09:00 http 503 1657.2 ms gen gen_01M391EKQ4XAVFPSBMQKM08SMV then sleep 2.0 s
#   attempt 18 2026-09-24T15:25:40.293517+09:00 http 503 1789.0 ms gen gen_01M391EQCFSYT0M9H1H6AXMZ0C then sleep 2.0 s
#   attempt 19 2026-09-24T15:25:44.082882+09:00 http 503 1506.5 ms gen gen_01M391ETVEW317V78F629D7A0F then sleep 2.0 s
#   attempt 20 2026-09-24T15:25:47.587584+09:00 http 503 1537.1 ms gen gen_01M391EY94S2C0PVT30XFZEXQN then sleep 2.0 s
#   attempt 21 2026-09-24T15:25:51.124825+09:00 http 503 1798.7 ms gen gen_01M391F1Z0NN8WB3ZCV19386M5 then sleep 2.0 s
#   attempt 22 2026-09-24T15:25:54.923657+09:00 http 429 1329.5 ms gen gen_01M391F5P0CG2DJ80ZTNZ9QWDF retry-after 4.0 s then sleep 4.0 s
#   attempt 23 2026-09-24T15:26:00.253344+09:00 http 429 1410.7 ms gen gen_01M391FAYCHP6KKK95K0VTX1C8 retry-after 59.0 s then sleep 59.0 s
#   attempt 24 2026-09-24T15:27:00.660193+09:00 http 503 1858.3 ms gen gen_01M391H5Y4EEVWS2336PY49YBJ then sleep 2.0 s
#   attempt 25 2026-09-24T15:27:04.518705+09:00 http 503 1772.3 ms gen gen_01M391H9MKEY5FYS3R9WRK5FQ6 then sleep 2.0 s
#   attempt 26 2026-09-24T15:27:08.291439+09:00 http 503 1553.4 ms gen gen_01M391HD3604TZYB3P301DFQ5T then sleep 2.0 s
#   attempt 27 2026-09-24T15:27:11.845458+09:00 http 503 1764.6 ms gen gen_01M391HGSYX0X69SKBN9GQNKGN then sleep 2.0 s
#   attempt 28 2026-09-24T15:27:15.608572+09:00 http 503 1549.0 ms gen gen_01M391HMB5E5TRK9C9E0CX2WFH then sleep 2.0 s
#   attempt 29 2026-09-24T15:27:19.157805+09:00 http 503 2010.8 ms gen gen_01M391HR29SBBGHC8F8AZ405EF then sleep 2.0 s
#   attempt 30 2026-09-24T15:27:23.168879+09:00 http 503 1861.7 ms gen gen_01M391HVQ8DG7XHGH1712Q1WQH then sleep 2.0 s
#   attempt 31 2026-09-24T15:27:27.030784+09:00 http 503 1845.0 ms gen gen_01M391HZP1E1JTY4HM50T3VCJC then sleep 2.0 s
#   attempt 32 2026-09-24T15:27:30.875992+09:00 http 503 1523.9 ms gen gen_01M391J38XKEAR9TTYG01FNNYK then sleep 2.0 s
#   attempt 33 2026-09-24T15:27:34.400083+09:00 http 503 1505.8 ms gen gen_01M391J6T162BPNCEZG7SVJM63 then sleep 2.0 s
#   attempt 34 2026-09-24T15:27:37.906037+09:00 http 503 1532.5 ms gen gen_01M391JA9M56C8PRYKN17V0E6W then sleep 2.0 s
#   attempt 35 2026-09-24T15:27:41.438686+09:00 http 503 2093.9 ms gen gen_01M391JDVGKBWRAQTYC2RFDFN1 then sleep 2.0 s
#   attempt 36 2026-09-24T15:27:45.530599+09:00 http 503 1765.1 ms gen gen_01M391JHPA3MT9CKV5M42HQW5J then sleep 2.0 s
#   attempt 37 2026-09-24T15:27:49.295872+09:00 http 429 1311.0 ms gen gen_01M391JNBDJ38K4J05GHDZM382 retry-after 10.0 s then sleep 10.0 s
#   attempt 38 2026-09-24T15:28:00.607111+09:00 http 429 1196.0 ms gen gen_01M391K093H5QTCHJNW4GSHRZF retry-after 59.0 s then sleep 59.0 s
#   attempt 39 2026-09-24T15:29:00.799578+09:00 http 503 1693.6 ms gen gen_01M391MV2PCGQM6GEHX39FSSSP then sleep 2.0 s
#   attempt 40 2026-09-24T15:29:04.493379+09:00 http 503 1503.6 ms gen gen_01M391MYHXY8T09D7TGY727KW2 then sleep 2.0 s
#   attempt 41 2026-09-24T15:29:07.997176+09:00 http 503 1633.4 ms gen gen_01M391N22HYZH7T3HW4JA93AH0 then sleep 2.0 s
#   attempt 42 2026-09-24T15:29:11.630727+09:00 http 503 1539.5 ms gen gen_01M391N5NYM4S1Q94GV237CCBN then sleep 2.0 s
#   attempt 43 2026-09-24T15:29:15.168902+09:00 http 503 1620.8 ms gen gen_01M391N92RSPVSMHJ3DGG63HT5 then sleep 2.0 s
#   attempt 44 2026-09-24T15:29:18.789892+09:00 http 503 1579.6 ms gen gen_01M391NCKT7HKZ97KH9SCG662C then sleep 2.0 s
#   attempt 45 2026-09-24T15:29:22.369746+09:00 http 503 1693.0 ms gen gen_01M391NG6H0CQXNY5J9AKQ3BJN then sleep 2.0 s
#   attempt 46 2026-09-24T15:29:26.062916+09:00 http 503 1578.5 ms gen gen_01M391NKNV24YQB9Q3GPJX81J2 then sleep 2.0 s
#   attempt 47 2026-09-24T15:29:29.641542+09:00 http 503 1597.4 ms gen gen_01M391NQ61XWSKGYEV837H50ZS then sleep 2.0 s
#   attempt 48 2026-09-24T15:29:33.239100+09:00 http 503 1546.6 ms gen gen_01M391NTNDT8J1378W1KESCCFW then sleep 2.0 s
#   attempt 49 2026-09-24T15:29:36.785867+09:00 http 503 1559.8 ms gen gen_01M391NY40BC1H238Y8RGJZAK6 then sleep 2.0 s
#   attempt 50 2026-09-24T15:29:40.345816+09:00 http 503 1636.2 ms gen gen_01M391P1NYWPZ3RKAX07YHCS3A then sleep 2.0 s
#   attempt 51 2026-09-24T15:29:43.982223+09:00 http 503 1573.8 ms gen gen_01M391P55S4ASJVR942DBKJJAQ then sleep 2.0 s
#   attempt 52 2026-09-24T15:29:47.554160+09:00 http 200 2200.0 ms gen gen_01M391P8SWFZCVSM6C8VWDF4VH
2026-09-24T15:30:29.508420+09:00 r1 L7.A.c1   7 200   1850.0   22214    116 0.00000000  (after 8 failed attempt(s): HTTP 429, HTTP 503, HTTP 503, HTTP 503, HTTP 503, HTTP 503, HTTP 503, HTTP 503)
#   request 58994 bytes sha256 951a0d4a712b5dd9, 9 attempt(s), 23.0 s waited
#   attempt 1 2026-09-24T15:29:49.755616+09:00 http 429 1581.3 ms gen gen_01M391PAW7WKM9KQ2KHJG4HEEM retry-after 9.0 s then sleep 9.0 s
#   attempt 2 2026-09-24T15:30:00.337127+09:00 http 503 2842.8 ms gen gen_01M391PP74QMBT0WV749RQBGP7 then sleep 2.0 s
#   attempt 3 2026-09-24T15:30:05.180037+09:00 http 503 1840.1 ms gen gen_01M391PT1EGBFP49ACK1G2Q02J then sleep 2.0 s
#   attempt 4 2026-09-24T15:30:09.020325+09:00 http 503 1811.7 ms gen gen_01M391PXTTMDTWR5W7B3ZEAB0Q then sleep 2.0 s
#   attempt 5 2026-09-24T15:30:12.832182+09:00 http 503 1921.1 ms gen gen_01M391Q1H4WAPCWSVFTK1P0H2G then sleep 2.0 s
#   attempt 6 2026-09-24T15:30:16.751659+09:00 http 503 1658.7 ms gen gen_01M391Q58NWC2T71WGME5AF8G9 then sleep 2.0 s
#   attempt 7 2026-09-24T15:30:20.410754+09:00 http 503 1654.6 ms gen gen_01M391Q8TFA2HHFEN216BPZQT7 then sleep 2.0 s
#   attempt 8 2026-09-24T15:30:24.065616+09:00 http 503 1592.6 ms gen gen_01M391QCA6FG3SSAFVFHJMWHF0 then sleep 2.0 s
#   attempt 9 2026-09-24T15:30:27.658353+09:00 http 200 1850.0 ms gen gen_01M391QFY8SJGYT4HZCXCQKGMM
2026-09-24T15:31:48.175833+09:00 r1 L7.A.c2   7 200   1876.5   22203    116 0.00000000  (after 16 failed attempt(s): HTTP 503, HTTP 503, HTTP 429, HTTP 503, HTTP 503, HTTP 503, HTTP 503, HTTP 503, HTTP 503, HTTP 503, HTTP 503, HTTP 503, HTTP 503, HTTP 503, HTTP 503, HTTP 503)
#   request 58920 bytes sha256 171a32c7044ff803, 17 attempt(s), 52.0 s waited
#   attempt 1 2026-09-24T15:30:29.509294+09:00 http 503 1770.2 ms gen gen_01M391QHSSM12B88BB5NGD8R8R then sleep 2.0 s
#   attempt 2 2026-09-24T15:30:33.279749+09:00 http 503 1681.3 ms gen gen_01M391QN7W2SECGHTB1EJ5TEJE then sleep 2.0 s
#   attempt 3 2026-09-24T15:30:36.961199+09:00 http 429 1128.1 ms gen gen_01M391QRV65SV5YCWYR005Q40V retry-after 22.0 s then sleep 22.0 s
#   attempt 4 2026-09-24T15:31:00.087623+09:00 http 503 1338.4 ms gen gen_01M391RFD90ARKEQB8VM7ZQPCJ then sleep 2.0 s
#   attempt 5 2026-09-24T15:31:03.426248+09:00 http 503 1594.8 ms gen gen_01M391RJS64MW7FCFBNX4MT99V then sleep 2.0 s
#   attempt 6 2026-09-24T15:31:07.021241+09:00 http 503 1528.7 ms gen gen_01M391RP7T0FXQ66RXT4Y3XM79 then sleep 2.0 s
#   attempt 7 2026-09-24T15:31:10.550109+09:00 http 503 1535.3 ms gen gen_01M391RSPG2N44BBD9VP21MG0N then sleep 2.0 s
#   attempt 8 2026-09-24T15:31:14.085580+09:00 http 503 1637.6 ms gen gen_01M391RX7KTVM00D7WDNH9HBZF then sleep 2.0 s
#   attempt 9 2026-09-24T15:31:17.721763+09:00 http 503 1707.5 ms gen gen_01M391S0VWCEQ80GJ3R2RX784Z then sleep 2.0 s
#   attempt 10 2026-09-24T15:31:21.429456+09:00 http 503 1775.8 ms gen gen_01M391S4HEWAVS3DP761H4QD95 then sleep 2.0 s
#   attempt 11 2026-09-24T15:31:25.205457+09:00 http 503 1433.5 ms gen gen_01M391S81CM2SG88DN90FM2RJ8 then sleep 2.0 s
#   attempt 12 2026-09-24T15:31:28.639138+09:00 http 503 1478.2 ms gen gen_01M391SBDQQV2CHYJVBSB49AYV then sleep 2.0 s
#   attempt 13 2026-09-24T15:31:32.117474+09:00 http 503 1576.6 ms gen gen_01M391SERTJ1DNNCDMEK5Y1TTA then sleep 2.0 s
#   attempt 14 2026-09-24T15:31:35.694301+09:00 http 503 1634.8 ms gen gen_01M391SJABKAB43VHXJVA2D7Z9 then sleep 2.0 s
#   attempt 15 2026-09-24T15:31:39.329276+09:00 http 503 1481.6 ms gen gen_01M391SNPWV40JWNGFGDD5J85B then sleep 2.0 s
#   attempt 16 2026-09-24T15:31:42.811002+09:00 http 503 1490.1 ms gen gen_01M391SS5R8JR3ZZ0C817JWXWN then sleep 2.0 s
#   attempt 17 2026-09-24T15:31:46.299248+09:00 http 200 1876.5 ms gen gen_01M391SWM527ESJ6SRTH91E7M5
2026-09-24T15:31:50.033889+09:00 r1 L7.A.c3   3 200   1857.2   19749     52 0.00000000
2026-09-24T15:34:27.639516+09:00 r1 L7.B.c0  11 200   1870.0   17768    181 0.00000000  (after 31 failed attempt(s): HTTP 503, HTTP 503, HTTP 503, HTTP 503, HTTP 503, HTTP 503, HTTP 503, HTTP 503, HTTP 503, HTTP 503, HTTP 503, HTTP 503, HTTP 503, HTTP 429, HTTP 503, HTTP 503, HTTP 503, HTTP 503, HTTP 503, HTTP 503, HTTP 503, HTTP 503, HTTP 503, HTTP 429, HTTP 503, HTTP 503, HTTP 503, HTTP 503, HTTP 503, HTTP 503, HTTP 503)
#   request 59515 bytes sha256 8db167ce996c12a5, 32 attempt(s), 104.0 s waited
#   attempt 1 2026-09-24T15:31:50.037515+09:00 http 503 2216.9 ms gen gen_01M391T0DF0PQSWTXKCCRFV0G8 then sleep 2.0 s
#   attempt 2 2026-09-24T15:31:54.254579+09:00 http 503 1557.7 ms gen gen_01M391T4C4VW2198X33X7C8KVY then sleep 2.0 s
#   attempt 3 2026-09-24T15:31:57.812408+09:00 http 503 1789.7 ms gen gen_01M391T8386B965B9JWBD4VKKB then sleep 2.0 s
#   attempt 4 2026-09-24T15:32:01.602547+09:00 http 503 1797.5 ms gen gen_01M391TBSMDH9YF4E7QNYHTSPG then sleep 2.0 s
#   attempt 5 2026-09-24T15:32:05.400201+09:00 http 503 1760.7 ms gen gen_01M391TFETV067SV0HEJYM5Y44 then sleep 2.0 s
#   attempt 6 2026-09-24T15:32:09.161075+09:00 http 503 1650.6 ms gen gen_01M391TK0J7EDP9PDSHFDW0QYZ then sleep 2.0 s
#   attempt 7 2026-09-24T15:32:12.811867+09:00 http 503 1745.1 ms gen gen_01M391TPPFFMBTNM0HA0Y5PVMX then sleep 2.0 s
#   attempt 8 2026-09-24T15:32:16.555394+09:00 http 503 1672.9 ms gen gen_01M391TTD02VC4B0YWDC3FTA1Q then sleep 2.0 s
#   attempt 9 2026-09-24T15:32:20.228544+09:00 http 503 1642.4 ms gen gen_01M391TXTB0PSGW5VX3521R3NN then sleep 2.0 s
#   attempt 10 2026-09-24T15:32:23.871130+09:00 http 503 1551.3 ms gen gen_01M391V1DCA70PRQPNWYD4SM0R then sleep 2.0 s
#   attempt 11 2026-09-24T15:32:27.422610+09:00 http 503 1750.1 ms gen gen_01M391V4ZKBHQRK9MB0TDC4ZGN then sleep 2.0 s
#   attempt 12 2026-09-24T15:32:31.172919+09:00 http 503 1466.2 ms gen gen_01M391V8AWZ8MHD03C2KZ897FE then sleep 2.0 s
#   attempt 13 2026-09-24T15:32:34.639356+09:00 http 503 2868.9 ms gen gen_01M391VD2F9MCWMG117HZ0XF3P then sleep 2.0 s
#   attempt 14 2026-09-24T15:32:39.508416+09:00 http 429 1011.7 ms gen gen_01M391VGFAZ2RHEHG032Y3BK4S retry-after 20.0 s then sleep 20.0 s
#   attempt 15 2026-09-24T15:33:00.518352+09:00 http 503 2233.1 ms gen gen_01M391W61V961K4CXSP1WG8HKN then sleep 2.0 s
#   attempt 16 2026-09-24T15:33:04.751620+09:00 http 503 1620.6 ms gen gen_01M391W99Z9YRP2Y0G0Z50E16Q then sleep 2.0 s
#   attempt 17 2026-09-24T15:33:08.372410+09:00 http 503 1367.5 ms gen gen_01M391WCKSGDHJK39GWTDR1Z8R then sleep 2.0 s
#   attempt 18 2026-09-24T15:33:11.740122+09:00 http 503 1596.2 ms gen gen_01M391WG2JR97XMYGYHETH8VKJ then sleep 2.0 s
#   attempt 19 2026-09-24T15:33:15.332976+09:00 http 503 1328.0 ms gen gen_01M391WKGBGF640EP0SKJW8G9G then sleep 2.0 s
#   attempt 20 2026-09-24T15:33:18.661148+09:00 http 503 1562.1 ms gen gen_01M391WPYW8RSDTXR47VRWT7H6 then sleep 2.0 s
#   attempt 21 2026-09-24T15:33:22.223724+09:00 http 503 1612.7 ms gen gen_01M391WTB3CZ72SFND12XSQHFT then sleep 2.0 s
#   attempt 22 2026-09-24T15:33:25.836652+09:00 http 503 1702.2 ms gen gen_01M391WXYRJGJCT252AK5V362D then sleep 2.0 s
#   attempt 23 2026-09-24T15:33:29.539038+09:00 http 503 1673.6 ms gen gen_01M391X1H922558HQF6F262ZS3 then sleep 2.0 s
#   attempt 24 2026-09-24T15:33:33.212878+09:00 http 429 1249.5 ms gen gen_01M391X55Q8PMB21WKQMNF6898 retry-after 26.0 s then sleep 26.0 s
#   attempt 25 2026-09-24T15:34:00.462190+09:00 http 503 1802.2 ms gen gen_01M391XZTV8SNPKXCFW4J41085 then sleep 2.0 s
#   attempt 26 2026-09-24T15:34:04.265492+09:00 http 503 1610.2 ms gen gen_01M391Y3D0AB21BFVMZ1JZNY34 then sleep 2.0 s
#   attempt 27 2026-09-24T15:34:07.875881+09:00 http 503 1461.0 ms gen gen_01M391Y6Q9GT341ZQEFPHAN9KZ then sleep 2.0 s
#   attempt 28 2026-09-24T15:34:11.337154+09:00 http 503 1580.4 ms gen gen_01M391YA9JTF7409AJ4F8F4SGD then sleep 2.0 s
#   attempt 29 2026-09-24T15:34:14.915506+09:00 http 503 1664.8 ms gen gen_01M391YDVMW5NK4RX9DA3J444K then sleep 2.0 s
#   attempt 30 2026-09-24T15:34:18.580503+09:00 http 503 1654.3 ms gen gen_01M391YHECDFCB2T3NJKDNQXEW then sleep 2.0 s
#   attempt 31 2026-09-24T15:34:22.235093+09:00 http 503 1534.1 ms gen gen_01M391YMW4HJGQ6NR8EQ5Q6ST8 then sleep 2.0 s
#   attempt 32 2026-09-24T15:34:25.769425+09:00 http 200 1870.0 ms gen gen_01M391YR8NNJR5SG3P3HKFW18V
2026-09-24T15:34:51.233849+09:00 r1 L7.B.c1  11 200   1891.2   17788    181 0.00000000  (after 6 failed attempt(s): HTTP 503, HTTP 503, HTTP 503, HTTP 503, HTTP 503, HTTP 503)
#   request 59531 bytes sha256 64467d12cd478317, 7 attempt(s), 12.0 s waited
#   attempt 1 2026-09-24T15:34:27.641405+09:00 http 503 1679.0 ms gen gen_01M391YT9R6S1R0V4AHHKPCPQ4 then sleep 2.0 s
#   attempt 2 2026-09-24T15:34:31.320610+09:00 http 503 1691.1 ms gen gen_01M391YXX8WA8S9APMX9KVCWJB then sleep 2.0 s
#   attempt 3 2026-09-24T15:34:35.011960+09:00 http 503 1564.5 ms gen gen_01M391Z1C26DGMTXSE5C4BJ682 then sleep 2.0 s
#   attempt 4 2026-09-24T15:34:38.576708+09:00 http 503 1635.2 ms gen gen_01M391Z4YD624516258JXCMD6F then sleep 2.0 s
#   attempt 5 2026-09-24T15:34:42.212132+09:00 http 503 1695.7 ms gen gen_01M391Z8HFNAM5NEPBMT75Z669 then sleep 2.0 s
#   attempt 6 2026-09-24T15:34:45.906084+09:00 http 503 1436.3 ms gen gen_01M391ZBX1E72JJNQFMM3T87FD then sleep 2.0 s
#   attempt 7 2026-09-24T15:34:49.342563+09:00 http 200 1891.2 ms gen gen_01M391ZFDV3GHFJ56CXJGJ2HTE
2026-09-24T15:37:09.234294+09:00 r1 L7.B.c2  11 200   2138.0   17504    182 0.00000000  (after 25 failed attempt(s): HTTP 503, HTTP 503, HTTP 503, HTTP 503, HTTP 503, HTTP 503, HTTP 503, HTTP 503, HTTP 503, HTTP 503, HTTP 503, HTTP 503, HTTP 503, HTTP 503, HTTP 503, HTTP 503, HTTP 503, HTTP 503, HTTP 503, HTTP 503, HTTP 503, HTTP 503, HTTP 429, HTTP 503, HTTP 503)
#   request 58798 bytes sha256 91fb23a8209ebad2, 26 attempt(s), 95.0 s waited
#   attempt 1 2026-09-24T15:34:51.234808+09:00 http 503 1555.3 ms gen gen_01M391ZH70GD7S5MGT3E0M0RYA then sleep 2.0 s
#   attempt 2 2026-09-24T15:34:54.790315+09:00 http 503 1685.4 ms gen gen_01M391ZMSGVAHBG9YDQBR4FTDW then sleep 2.0 s
#   attempt 3 2026-09-24T15:34:58.476021+09:00 http 503 1978.5 ms gen gen_01M391ZRGCS5QZC3D4TR0RC1PX then sleep 2.0 s
#   attempt 4 2026-09-24T15:35:02.454731+09:00 http 503 1683.3 ms gen gen_01M391ZW9HXE14J5G2G15T8VN2 then sleep 2.0 s
#   attempt 5 2026-09-24T15:35:06.138195+09:00 http 503 1751.2 ms gen gen_01M391ZZYDVY95DCQDMQC02BQP then sleep 2.0 s
#   attempt 6 2026-09-24T15:35:09.889515+09:00 http 503 1703.6 ms gen gen_01M39203JKD9HA88E6ZJZFBXNS then sleep 2.0 s
#   attempt 7 2026-09-24T15:35:13.593292+09:00 http 503 1617.5 ms gen gen_01M392072S5794CMNEPZERTC3F then sleep 2.0 s
#   attempt 8 2026-09-24T15:35:17.208133+09:00 http 503 1529.1 ms gen gen_01M3920AJPEADRPGGDY1WFBESR then sleep 2.0 s
#   attempt 9 2026-09-24T15:35:20.737452+09:00 http 503 1681.1 ms gen gen_01M3920E57GMPKVQKW32EZZ2MH then sleep 2.0 s
#   attempt 10 2026-09-24T15:35:24.418739+09:00 http 503 1523.2 ms gen gen_01M3920HM3AWQWC0XN0RSWBP21 then sleep 2.0 s
#   attempt 11 2026-09-24T15:35:27.942214+09:00 http 503 1740.5 ms gen gen_01M3920N7H0KE2WPX8PWC11F23 then sleep 2.0 s
#   attempt 12 2026-09-24T15:35:31.682939+09:00 http 503 1731.2 ms gen gen_01M3920RX1CNR85Z50PDTCW18M then sleep 2.0 s
#   attempt 13 2026-09-24T15:35:35.414372+09:00 http 503 1604.2 ms gen gen_01M3920WCJRBEY7648FPEP64A7 then sleep 2.0 s
#   attempt 14 2026-09-24T15:35:39.018733+09:00 http 503 1569.2 ms gen gen_01M3920ZWWV06NCG0CCDAJP3Y2 then sleep 2.0 s
#   attempt 15 2026-09-24T15:35:42.588130+09:00 http 503 1722.5 ms gen gen_01M39213H8JHDQKZ8FNGXHYZYF then sleep 2.0 s
#   attempt 16 2026-09-24T15:35:46.309829+09:00 http 503 1482.4 ms gen gen_01M39216Z8QR21GB1CVJXWNMGC then sleep 2.0 s
#   attempt 17 2026-09-24T15:35:49.792433+09:00 http 503 1599.7 ms gen gen_01M3921ADJXXTJ23T5BFRP0SJX then sleep 2.0 s
#   attempt 18 2026-09-24T15:35:53.392332+09:00 http 503 1440.0 ms gen gen_01M3921DS9X41SBRTBGYRPCYP4 then sleep 2.0 s
#   attempt 19 2026-09-24T15:35:56.832556+09:00 http 503 1543.4 ms gen gen_01M3921H7CXJ99WG7ESKG8MQCZ then sleep 2.0 s
#   attempt 20 2026-09-24T15:36:00.376407+09:00 http 503 1645.1 ms gen gen_01M3921MMBSDY2YPCVN3RFR9XB then sleep 2.0 s
#   attempt 21 2026-09-24T15:36:04.021709+09:00 http 503 2177.2 ms gen gen_01M3921RCEDH0JSXPFVJH7PMA6 then sleep 2.0 s
#   attempt 22 2026-09-24T15:36:08.199125+09:00 http 503 1324.5 ms gen gen_01M3921WA748BPESJ5FXHR120N then sleep 2.0 s
#   attempt 23 2026-09-24T15:36:11.523756+09:00 http 429 1260.4 ms gen gen_01M3921ZSBYBFPSQPS5GT8HQ07 retry-after 47.0 s then sleep 47.0 s
#   attempt 24 2026-09-24T15:36:59.780702+09:00 http 503 1542.3 ms gen gen_01M3923EVKZV7C3P9A3NQTKT41 then sleep 2.0 s
#   attempt 25 2026-09-24T15:37:03.323149+09:00 http 503 1772.8 ms gen gen_01M3923JB4VM1HY1AZMCNVCHW3 then sleep 2.0 s
#   attempt 26 2026-09-24T15:37:07.096138+09:00 http 200 2138.0 ms gen gen_01M3923NYD11MBN2Y4JG6SN22X
2026-09-24T15:37:29.941869+09:00 r1 L7.B.c3  12 200   2209.5   17545    198 0.00000000  (after 5 failed attempt(s): HTTP 503, HTTP 503, HTTP 503, HTTP 503, HTTP 503)
#   request 59616 bytes sha256 94cd5a84fc0c9d29, 6 attempt(s), 10.0 s waited
#   attempt 1 2026-09-24T15:37:09.235753+09:00 http 503 1561.9 ms gen gen_01M3923QZ200TN00ZBEKQRR3D0 then sleep 2.0 s
#   attempt 2 2026-09-24T15:37:12.797842+09:00 http 503 1719.6 ms gen gen_01M3923VKJTG0AD7GNCT26V1H5 then sleep 2.0 s
#   attempt 3 2026-09-24T15:37:16.510324+09:00 http 503 1985.0 ms gen gen_01M3923Z5WJ6VQFKY8V5WH7FP1 then sleep 2.0 s
#   attempt 4 2026-09-24T15:37:20.495501+09:00 http 503 1613.8 ms gen gen_01M3924317D3NK6ST9V6MZXSC5 then sleep 2.0 s
#   attempt 5 2026-09-24T15:37:24.109546+09:00 http 503 1622.3 ms gen gen_01M39246JAR6QJJ7DHHX5YQA7K then sleep 2.0 s
#   attempt 6 2026-09-24T15:37:27.732289+09:00 http 200 2209.5 ms gen gen_01M3924A7MB1W9E0G9EYDAH1PC
2026-09-24T15:37:31.629304+09:00 r1 L7.B.c4   3 200   1686.7   10372     54 0.00000000
2026-09-24T15:38:35.088019+09:00 r1 L8.A.step1   8 200   2588.9   21918    259 0.00000000  (after 10 failed attempt(s): HTTP 503, HTTP 503, HTTP 429, HTTP 503, HTTP 503, HTTP 503, HTTP 503, HTTP 503, HTTP 503, HTTP 503)
#   request 57301 bytes sha256 55335666718f3c72, 11 attempt(s), 39.0 s waited
#   attempt 1 2026-09-24T15:37:31.633232+09:00 http 503 1244.8 ms gen gen_01M3924DR1TTAWWVD7WPVE1723 then sleep 2.0 s
#   attempt 2 2026-09-24T15:37:34.878338+09:00 http 503 1456.9 ms gen gen_01M3924GYD3398JBEJDYMS31WC then sleep 2.0 s
#   attempt 3 2026-09-24T15:37:38.335422+09:00 http 429 1094.5 ms gen gen_01M3924MCRBJB5S9GS4WH1Z3F9 retry-after 21.0 s then sleep 21.0 s
#   attempt 4 2026-09-24T15:38:00.427662+09:00 http 503 1788.0 ms gen gen_01M3925A4V5V5AFEE7SF2GVK9A then sleep 2.0 s
#   attempt 5 2026-09-24T15:38:04.215846+09:00 http 503 1595.5 ms gen gen_01M3925DHG9VX1RTZA510CJCDK then sleep 2.0 s
#   attempt 6 2026-09-24T15:38:07.811530+09:00 http 503 1302.9 ms gen gen_01M3925H3EYWPS1QAK9S4SRXBC then sleep 2.0 s
#   attempt 7 2026-09-24T15:38:11.114694+09:00 http 503 1319.5 ms gen gen_01M3925MAT05WNQJ6MY5PZ1P5T then sleep 2.0 s
#   attempt 8 2026-09-24T15:38:14.434451+09:00 http 503 1614.9 ms gen gen_01M3925QPJKFNTMCKE1EE30MY2 then sleep 2.0 s
#   attempt 9 2026-09-24T15:38:18.048645+09:00 http 503 8515.6 ms gen gen_01M39260EH1PH2F2J7Z9HQPPPE then sleep 2.0 s
#   attempt 10 2026-09-24T15:38:28.564458+09:00 http 503 1934.4 ms gen gen_01M39265G8ZQ4DYST7VN4WJ51C then sleep 2.0 s
#   attempt 11 2026-09-24T15:38:32.499037+09:00 http 200 2588.9 ms gen gen_01M39269BMTVVFRCYHK3KTNZ7B
2026-09-24T15:39:06.368330+09:00 r1 L8.A.step2   8 200   2574.6   22974    283 0.00000000  (after 8 failed attempt(s): HTTP 503, HTTP 503, HTTP 503, HTTP 503, HTTP 503, HTTP 503, HTTP 503, HTTP 503)
#   request 62293 bytes sha256 b1aa99d1370bc97b, 9 attempt(s), 16.0 s waited
#   attempt 1 2026-09-24T15:38:35.088719+09:00 http 503 1431.2 ms gen gen_01M3926BNGS6KT6VG5R7N5RB5F then sleep 2.0 s
#   attempt 2 2026-09-24T15:38:38.520171+09:00 http 503 1650.0 ms gen gen_01M3926F8W4M8RVTCWR45FEKJE then sleep 2.0 s
#   attempt 3 2026-09-24T15:38:42.170366+09:00 http 503 1766.1 ms gen gen_01M3926JXVKAYMP7J7D82737TF then sleep 2.0 s
#   attempt 4 2026-09-24T15:38:45.935685+09:00 http 503 1613.6 ms gen gen_01M3926PG40PAC9TN0JA7NHGZ4 then sleep 2.0 s
#   attempt 5 2026-09-24T15:38:49.549495+09:00 http 503 1552.6 ms gen gen_01M3926SY2VFV20KW5PN49N0MG then sleep 2.0 s
#   attempt 6 2026-09-24T15:38:53.102343+09:00 http 503 1729.7 ms gen gen_01M3926XKKYW1VEEQRY5E7AJ0P then sleep 2.0 s
#   attempt 7 2026-09-24T15:38:56.832195+09:00 http 503 1310.8 ms gen gen_01M39270Z640KKCXNG01NVPYC9 then sleep 2.0 s
#   attempt 8 2026-09-24T15:39:00.143164+09:00 http 503 1650.2 ms gen gen_01M39274BZAX6CW0V9H08YC6GH then sleep 2.0 s
#   attempt 9 2026-09-24T15:39:03.793582+09:00 http 200 2574.6 ms gen gen_01M392781JCXA6GDYNWE61BE03
2026-09-24T15:40:15.141260+09:00 r1 L8.B.step1   4 200   1553.2   11160    131 0.00000000  (after 9 failed attempt(s): HTTP 503, HTTP 503, HTTP 503, HTTP 503, HTTP 429, HTTP 503, HTTP 503, HTTP 503, HTTP 503)
#   request 34331 bytes sha256 bcc74510b1266bd7, 10 attempt(s), 55.0 s waited
#   attempt 1 2026-09-24T15:39:06.371454+09:00 http 503 1663.5 ms gen gen_01M3927ABRQ4XWAXJ7EAVD7233 then sleep 2.0 s
#   attempt 2 2026-09-24T15:39:10.035121+09:00 http 503 1310.2 ms gen gen_01M3927DV75JCJHGEXJ2P2J4WK then sleep 2.0 s
#   attempt 3 2026-09-24T15:39:13.345510+09:00 http 503 1258.3 ms gen gen_01M3927H20B7J04XYTZSBG3WXA then sleep 2.0 s
#   attempt 4 2026-09-24T15:39:16.600878+09:00 http 503 1390.9 ms gen gen_01M3927MAV8CED07KM8R64K73K then sleep 2.0 s
#   attempt 5 2026-09-24T15:39:19.992172+09:00 http 429 1108.3 ms gen gen_01M3927QNPDW7A3106W3P5M913 retry-after 39.0 s then sleep 39.0 s
#   attempt 6 2026-09-24T15:40:00.099284+09:00 http 503 1209.8 ms gen gen_01M3928YT22K1DDBHGBFAQJHB0 then sleep 2.0 s
#   attempt 7 2026-09-24T15:40:03.309249+09:00 http 503 1253.1 ms gen gen_01M39291T4FVHCZHGECE8RRAKC then sleep 2.0 s
#   attempt 8 2026-09-24T15:40:06.562659+09:00 http 503 1585.5 ms gen gen_01M392955DWKF9QSAVA7JCFY2P then sleep 2.0 s
#   attempt 9 2026-09-24T15:40:10.148597+09:00 http 503 1441.1 ms gen gen_01M39298NBJ9WWPP2HCGB1VXJ4 then sleep 2.0 s
#   attempt 10 2026-09-24T15:40:13.589922+09:00 http 200 1553.2 ms gen gen_01M3929C09T9N3G3VZF0C49YY9
2026-09-24T15:41:20.786614+09:00 r1 L8.B.step2   4 200   2201.0   14032    588 0.00000000  (after 9 failed attempt(s): HTTP 503, HTTP 503, HTTP 503, HTTP 429, HTTP 503, HTTP 503, HTTP 503, HTTP 503, HTTP 503)
#   request 44743 bytes sha256 7020aeaac6cc037a, 10 attempt(s), 48.0 s waited
#   attempt 1 2026-09-24T15:40:15.142362+09:00 http 503 2915.9 ms gen gen_01M3929DYY32FPCW42DR0K6W96 then sleep 2.0 s
#   attempt 2 2026-09-24T15:40:20.058430+09:00 http 503 1694.1 ms gen gen_01M3929JF5684QZQ0QEWEG8BAZ then sleep 2.0 s
#   attempt 3 2026-09-24T15:40:23.752747+09:00 http 503 1648.1 ms gen gen_01M3929P1DX3C3SK9KH4V2WKHX then sleep 2.0 s
#   attempt 4 2026-09-24T15:40:27.401043+09:00 http 429 1469.4 ms gen gen_01M3929SNFK26YNXTT3YXZFK16 retry-after 32.0 s then sleep 32.0 s
#   attempt 5 2026-09-24T15:41:00.868914+09:00 http 503 1513.0 ms gen gen_01M392AT4XVKAHYC2J4H99BP8R then sleep 2.0 s
#   attempt 6 2026-09-24T15:41:04.382057+09:00 http 503 1702.4 ms gen gen_01M392AXRRENG43FR49MW47512 then sleep 2.0 s
#   attempt 7 2026-09-24T15:41:08.084611+09:00 http 503 1539.2 ms gen gen_01M392B17RBKSY2Y0K02CQ6R00 then sleep 2.0 s
#   attempt 8 2026-09-24T15:41:11.624061+09:00 http 503 1481.5 ms gen gen_01M392B4M06EF9JHMJ6NQ2R14B then sleep 2.0 s
#   attempt 9 2026-09-24T15:41:15.103905+09:00 http 503 1481.5 ms gen gen_01M392B8646GV8T2P0RJQM0J4P then sleep 2.0 s
#   attempt 10 2026-09-24T15:41:18.585578+09:00 http 200 2201.0 ms gen gen_01M392BBM932FXCX10NM0YPPE6
2026-09-24T15:42:27.987310+09:00 r1 L9.A      8 200   2504.1   22918    283 0.00000000  (after 18 failed attempt(s): HTTP 503, HTTP 503, HTTP 503, HTTP 503, HTTP 503, HTTP 503, HTTP 503, HTTP 503, HTTP 503, HTTP 503, HTTP 503, HTTP 503, HTTP 503, HTTP 503, HTTP 503, HTTP 503, HTTP 503, HTTP 503)
#   request 61973 bytes sha256 d24473ad35e45922, 19 attempt(s), 36.0 s waited
#   attempt 1 2026-09-24T15:41:20.789900+09:00 http 503 1622.4 ms gen gen_01M392BDP64QGPF2RJ31RVJ2B1 then sleep 2.0 s
#   attempt 2 2026-09-24T15:41:24.412559+09:00 http 503 1411.4 ms gen gen_01M392BH1VR60RMS4JEYNHQ30S then sleep 2.0 s
#   attempt 3 2026-09-24T15:41:27.824178+09:00 http 503 1517.2 ms gen gen_01M392BMFW3YEMQ0W0ZQKWE8TW then sleep 2.0 s
#   attempt 4 2026-09-24T15:41:31.341606+09:00 http 503 1744.6 ms gen gen_01M392BR4J79N6QBKRAY2S0ESF then sleep 2.0 s
#   attempt 5 2026-09-24T15:41:35.086455+09:00 http 503 1720.4 ms gen gen_01M392BVRV4EVEGDY4ZAA9G21C then sleep 2.0 s
#   attempt 6 2026-09-24T15:41:38.807244+09:00 http 503 1451.8 ms gen gen_01M392BZ8SWZJ7RPV17WP30AP6 then sleep 2.0 s
#   attempt 7 2026-09-24T15:41:42.259177+09:00 http 503 1425.0 ms gen gen_01M392C2MHFD5BA91VPAAWN1EQ then sleep 2.0 s
#   attempt 8 2026-09-24T15:41:45.683125+09:00 http 503 1625.6 ms gen gen_01M392C65A54MGVPQW989Y2J9F then sleep 2.0 s
#   attempt 9 2026-09-24T15:41:49.308971+09:00 http 503 1707.3 ms gen gen_01M392C9PWCFTN5HVPRYMDEV59 then sleep 2.0 s
#   attempt 10 2026-09-24T15:41:53.016514+09:00 http 503 1922.8 ms gen gen_01M392CDDWEVX0474131HEJBM7 then sleep 2.0 s
#   attempt 11 2026-09-24T15:41:56.939516+09:00 http 503 1338.9 ms gen gen_01M392CGWBG6J2HYYPJCJHP4GF then sleep 2.0 s
#   attempt 12 2026-09-24T15:42:00.278580+09:00 http 503 1420.8 ms gen gen_01M392CM2XKAVTDR1PPGRJ8GXK then sleep 2.0 s
#   attempt 13 2026-09-24T15:42:03.699595+09:00 http 503 1698.6 ms gen gen_01M392CQK08H6HQYKZM7NZZ8AT then sleep 2.0 s
#   attempt 14 2026-09-24T15:42:07.398418+09:00 http 503 1538.8 ms gen gen_01M392CV4D0KFSWFZ1F9NA0J5G then sleep 2.0 s
#   attempt 15 2026-09-24T15:42:10.937420+09:00 http 503 1505.4 ms gen gen_01M392CYHN8YD69590PTEP9SS2 then sleep 2.0 s
#   attempt 16 2026-09-24T15:42:14.443015+09:00 http 503 1742.6 ms gen gen_01M392D24YDKGY7BS6XR9AM964 then sleep 2.0 s
#   attempt 17 2026-09-24T15:42:18.183545+09:00 http 503 1665.8 ms gen gen_01M392D5ST50JA2GM30S4BVHS2 then sleep 2.0 s
#   attempt 18 2026-09-24T15:42:21.849590+09:00 http 503 1633.3 ms gen gen_01M392D9C39TR3EHSSXH4CTRDE then sleep 2.0 s
#   attempt 19 2026-09-24T15:42:25.483098+09:00 http 200 2504.1 ms gen gen_01M392DDGGC2AAHHH6H2BWF0GB
2026-09-24T15:44:42.772917+09:00 r1 L9.B      4 200   1790.2   14004    591 0.00000000  (after 23 failed attempt(s): HTTP 503, HTTP 503, HTTP 503, HTTP 429, HTTP 503, HTTP 503, HTTP 503, HTTP 503, HTTP 503, HTTP 503, HTTP 503, HTTP 429, HTTP 503, HTTP 503, HTTP 503, HTTP 503, HTTP 503, HTTP 503, HTTP 503, HTTP 503, HTTP 503, HTTP 503, HTTP 503)
#   request 44599 bytes sha256 0561c2255a6c4bb5, 24 attempt(s), 97.0 s waited
#   attempt 1 2026-09-24T15:42:27.990418+09:00 http 503 1656.7 ms gen gen_01M392DFBSGKV80QPB0PMEZ6A3 then sleep 2.0 s
#   attempt 2 2026-09-24T15:42:31.647290+09:00 http 503 1422.3 ms gen gen_01M392DJQGDYM64QNVNA0BN1H5 then sleep 2.0 s
#   attempt 3 2026-09-24T15:42:35.069825+09:00 http 503 1455.6 ms gen gen_01M392DP7Q81BNMW4FZB9R35N7 then sleep 2.0 s
#   attempt 4 2026-09-24T15:42:38.525693+09:00 http 429 1255.2 ms gen gen_01M392DSQFXM1PF6XRM9E9ZMXK retry-after 20.0 s then sleep 20.0 s
#   attempt 5 2026-09-24T15:42:59.780072+09:00 http 503 1574.1 ms gen gen_01M392EEABVZD8GZEQ85J40M1B then sleep 2.0 s
#   attempt 6 2026-09-24T15:43:03.354400+09:00 http 503 1631.3 ms gen gen_01M392EHW1YJSDCXNPJ1RNYW6Q then sleep 2.0 s
#   attempt 7 2026-09-24T15:43:06.985936+09:00 http 503 1429.6 ms gen gen_01M392EN8D3G4F2K2KGY3H7E9R then sleep 2.0 s
#   attempt 8 2026-09-24T15:43:10.415822+09:00 http 503 1373.5 ms gen gen_01M392ERPDFNTCWJBQDJTG0KX0 then sleep 2.0 s
#   attempt 9 2026-09-24T15:43:13.789478+09:00 http 503 1640.6 ms gen gen_01M392EW33GM7N7F9F3C3MKKRR then sleep 2.0 s
#   attempt 10 2026-09-24T15:43:17.428089+09:00 http 503 1651.4 ms gen gen_01M392EZM53AT02Q41PXKP9W38 then sleep 2.0 s
#   attempt 11 2026-09-24T15:43:21.079737+09:00 http 503 1480.4 ms gen gen_01M392F316AS8Y5N4BXXJGTYB0 then sleep 2.0 s
#   attempt 12 2026-09-24T15:43:24.560319+09:00 http 429 1136.0 ms gen gen_01M392F6H0JWX04HKJKQB3DMJX retry-after 35.0 s then sleep 35.0 s
#   attempt 13 2026-09-24T15:44:00.694874+09:00 http 503 1676.0 ms gen gen_01M392G9X1T4DG2F9PJKC3JXMJ then sleep 2.0 s
#   attempt 14 2026-09-24T15:44:04.371065+09:00 http 503 1641.2 ms gen gen_01M392GDFNYB27Q5C4452J5W7D then sleep 2.0 s
#   attempt 15 2026-09-24T15:44:08.012465+09:00 http 503 1467.4 ms gen gen_01M392GGW7YDPYCJDG8E1MVY6B then sleep 2.0 s
#   attempt 16 2026-09-24T15:44:11.480122+09:00 http 503 2012.2 ms gen gen_01M392GM8RKYH9ZDJSJPB1K8WB then sleep 2.0 s
#   attempt 17 2026-09-24T15:44:15.490799+09:00 http 503 1594.8 ms gen gen_01M392GR8X91ZT3B5JZ5FQ84YW then sleep 2.0 s
#   attempt 18 2026-09-24T15:44:19.085748+09:00 http 503 1398.7 ms gen gen_01M392GVVYSE68RXJDE39S47TS then sleep 2.0 s
#   attempt 19 2026-09-24T15:44:22.484675+09:00 http 503 1924.7 ms gen gen_01M392GZDV6HS8KTMCJNQR0901 then sleep 2.0 s
#   attempt 20 2026-09-24T15:44:26.409631+09:00 http 503 1696.8 ms gen gen_01M392H320WEM8YEDZZ1AVFKQG then sleep 2.0 s
#   attempt 21 2026-09-24T15:44:30.106653+09:00 http 503 1562.4 ms gen gen_01M392H6GTE0NWYPYSTYZWJ5BP then sleep 2.0 s
#   attempt 22 2026-09-24T15:44:33.669280+09:00 http 503 1780.9 ms gen gen_01M392HA7S0VS75NFPHXP46X9E then sleep 2.0 s
#   attempt 23 2026-09-24T15:44:37.450732+09:00 http 503 1531.7 ms gen gen_01M392HDPH80XAH6NCTAM3X2HD then sleep 2.0 s
#   attempt 24 2026-09-24T15:44:40.982650+09:00 http 200 1790.2 ms gen gen_01M392HH5EBCWNBT9A13Q6MP62
2026-09-24T15:44:43.714316+09:00 r1 L10.A.fn:hbkernels::k1_step   1 200    933.8    3864     45 0.00000000
2026-09-24T15:45:01.680812+09:00 r1 L10.A.fn:hbkernels::k2_mix   1 200   1141.3    4321     46 0.00000000  (after 1 failed attempt(s): HTTP 429)
#   request 12348 bytes sha256 1d079f3c4d386b51, 2 attempt(s), 16.0 s waited
#   attempt 1 2026-09-24T15:44:43.714618+09:00 http 429 825.8 ms gen gen_01M392HKJAVDVW8YM1C2RSRFSV retry-after 16.0 s then sleep 16.0 s
#   attempt 2 2026-09-24T15:45:00.539475+09:00 http 200 1141.3 ms gen gen_01M392J421Y4F1JSB8C4RBF7HH
2026-09-24T15:45:02.975936+09:00 r1 L10.A.fn:hbkernels::k3_fill_run   1 200   1294.7    4243     45 0.00000000
2026-09-24T15:45:04.455647+09:00 r1 L10.A.fn:hbkernels::k4_count_bytes   1 200   1479.2    3921     45 0.00000000
2026-09-24T15:45:05.563901+09:00 r1 L10.A.fn:hbkernels::k5_mul_reduce   1 200   1107.9    4794     45 0.00000000
2026-09-24T15:45:06.751804+09:00 r1 L10.A.fn:hbkernels::k6_hot_loop   1 200   1187.5    4832     46 0.00000000
2026-09-24T15:45:08.294147+09:00 r1 L10.A.fn:hbkernels::k7_error_path   1 200   1541.3    4691     45 0.00000000
2026-09-24T15:45:12.442197+09:00 r1 L10.A.fn:hbkernels::k8_scale_add   1 200   1217.9    3744     45 0.00000000  (after 1 failed attempt(s): HTTP 503)
#   request 11005 bytes sha256 066e74ee36bcb6d8, 2 attempt(s), 2.0 s waited
#   attempt 1 2026-09-24T15:45:08.294506+09:00 http 503 929.5 ms gen gen_01M392JBEXQ8GW83KSG3JTFFKN then sleep 2.0 s
#   attempt 2 2026-09-24T15:45:11.224250+09:00 http 200 1217.9 ms gen gen_01M392JEGTFKE1KDBXT8KGG9TT
2026-09-24T15:46:01.564227+09:00 r1 L10.B.hbkernels::k5_mul_reduce@macros.rs:180:28#d2   1 200   1635.8    4943    154 0.00000000  (after 1 failed attempt(s): HTTP 429)
#   request 15428 bytes sha256 32d58e0f9a09ece1, 2 attempt(s), 46.0 s waited
#   attempt 1 2026-09-24T15:45:12.445486+09:00 http 429 1486.0 ms gen gen_01M392JG23YJVKX9VY5ZCV6PEQ retry-after 46.0 s then sleep 46.0 s
#   attempt 2 2026-09-24T15:45:59.928339+09:00 http 200 1635.8 ms gen gen_01M392KXXRRM1ESPDVQDAV2X26
2026-09-24T15:46:06.103700+09:00 r1 L10.B.hbkernels::k4_count_bytes@macros.rs:180:28#d2   1 200   1414.8    4722    159 0.00000000  (after 1 failed attempt(s): HTTP 503)
#   request 15241 bytes sha256 78dbd69dbb6f054d, 2 attempt(s), 2.0 s waited
#   attempt 1 2026-09-24T15:46:01.564649+09:00 http 503 1123.9 ms gen gen_01M392KZK3VRBP7JK5QKGN1CNX then sleep 2.0 s
#   attempt 2 2026-09-24T15:46:04.688819+09:00 http 200 1414.8 ms gen gen_01M392M2N705W2VHPN71RFP9GH
2026-09-24T15:46:07.347155+09:00 r1 L10.B.hbkernels::k8_scale_add@range.rs:1103:12#d2   1 200   1243.0    4380    154 0.00000000
2026-09-24T15:46:12.013017+09:00 r1 L10.B.hbkernels::k3_fill_run@lib.rs:174:9#d3   1 200   1402.9    4771    154 0.00000000  (after 1 failed attempt(s): HTTP 503)
#   request 14501 bytes sha256 b054eb754bf34a95, 2 attempt(s), 2.0 s waited
#   attempt 1 2026-09-24T15:46:07.347709+09:00 http 503 1262.2 ms gen gen_01M392M5AP51R44S36WEJ9X3WK then sleep 2.0 s
#   attempt 2 2026-09-24T15:46:10.610083+09:00 http 200 1402.9 ms gen gen_01M392M8HKC0PVQ8FG5SNCZH71
2026-09-24T15:47:35.631235+09:00 r1 L11.A     8 200   1896.9   23630    341 0.00000000  (after 13 failed attempt(s): HTTP 503, HTTP 503, HTTP 503, HTTP 429, HTTP 503, HTTP 503, HTTP 503, HTTP 503, HTTP 503, HTTP 503, HTTP 503, HTTP 503, HTTP 503)
#   request 65317 bytes sha256 a44283d85de67e23, 14 attempt(s), 60.0 s waited
#   attempt 1 2026-09-24T15:46:12.016443+09:00 http 503 1741.1 ms gen gen_01M392MA7TBRJYTMK0WHHJQEBK then sleep 2.0 s
#   attempt 2 2026-09-24T15:46:15.755621+09:00 http 503 1542.3 ms gen gen_01M392MDVKDFZEWR8V1X38F56B then sleep 2.0 s
#   attempt 3 2026-09-24T15:46:19.298083+09:00 http 503 1813.9 ms gen gen_01M392MHCP26EQ38FQE6SRCZ0J then sleep 2.0 s
#   attempt 4 2026-09-24T15:46:23.112150+09:00 http 429 1127.8 ms gen gen_01M392MMWYX5JNZS35PPG2BJ5W retry-after 36.0 s then sleep 36.0 s
#   attempt 5 2026-09-24T15:47:00.238667+09:00 http 503 1782.5 ms gen gen_01M392NSBR6WFMG9Q9B3686ND8 then sleep 2.0 s
#   attempt 6 2026-09-24T15:47:04.021660+09:00 http 503 1738.4 ms gen gen_01M392NX0R1Z2P6P8RVFV9596S then sleep 2.0 s
#   attempt 7 2026-09-24T15:47:07.760270+09:00 http 503 1523.6 ms gen gen_01M392P0EBGBMQC00BQ7DWZZEZ then sleep 2.0 s
#   attempt 8 2026-09-24T15:47:11.284098+09:00 http 503 1655.8 ms gen gen_01M392P40KXWMS792EKQGYX4S7 then sleep 2.0 s
#   attempt 9 2026-09-24T15:47:14.934982+09:00 http 503 1776.3 ms gen gen_01M392P7PW6RV3MBD3TSG5P83H then sleep 2.0 s
#   attempt 10 2026-09-24T15:47:18.711703+09:00 http 503 1834.1 ms gen gen_01M392PBEDKQG1DK790EKDP2H4 then sleep 2.0 s
#   attempt 11 2026-09-24T15:47:22.546113+09:00 http 503 1742.5 ms gen gen_01M392PF3RK9BYX6N3ND65HRY1 then sleep 2.0 s
#   attempt 12 2026-09-24T15:47:26.288796+09:00 http 503 1749.2 ms gen gen_01M392PJT3Q9T9CXRWHCPYN4QM then sleep 2.0 s
#   attempt 13 2026-09-24T15:47:30.038139+09:00 http 503 1696.0 ms gen gen_01M392PPCNP6N0TNC844VG9CKG then sleep 2.0 s
#   attempt 14 2026-09-24T15:47:33.734301+09:00 http 200 1896.9 ms gen gen_01M392PT01PGMH6T0X0K6WXG88
2026-09-24T15:48:23.171355+09:00 r1 L11.B     4 200   1719.5   14196    612 0.00000000  (after 8 failed attempt(s): HTTP 503, HTTP 429, HTTP 503, HTTP 503, HTTP 503, HTTP 503, HTTP 503, HTTP 503)
#   request 45299 bytes sha256 feed9e801290ed03, 9 attempt(s), 34.0 s waited
#   attempt 1 2026-09-24T15:47:35.635210+09:00 http 503 1637.4 ms gen gen_01M392PVSQJ18VDP4PMEPXEAP8 then sleep 2.0 s
#   attempt 2 2026-09-24T15:47:39.272820+09:00 http 429 1247.0 ms gen gen_01M392PZCT6DBGF59WTXKMRPKS retry-after 20.0 s then sleep 20.0 s
#   attempt 3 2026-09-24T15:48:00.522001+09:00 http 503 1553.9 ms gen gen_01M392QM19FGWCAHQD9FP02WKE then sleep 2.0 s
#   attempt 4 2026-09-24T15:48:04.076101+09:00 http 503 1679.8 ms gen gen_01M392QQKX8QW3DM4KZ9G91FV5 then sleep 2.0 s
#   attempt 5 2026-09-24T15:48:07.756134+09:00 http 503 1729.3 ms gen gen_01M392QV8EVREY49WS7GFEMR4F then sleep 2.0 s
#   attempt 6 2026-09-24T15:48:11.485631+09:00 http 503 1364.9 ms gen gen_01M392QYNXRDTSKN09YB5XYVNE then sleep 2.0 s
#   attempt 7 2026-09-24T15:48:14.848657+09:00 http 503 1260.9 ms gen gen_01M392R1WKGE1666FRMTR3VENJ then sleep 2.0 s
#   attempt 8 2026-09-24T15:48:18.109722+09:00 http 503 1341.8 ms gen gen_01M392R54DBSX00F4A0SBF0ZPZ then sleep 2.0 s
#   attempt 9 2026-09-24T15:48:21.451758+09:00 http 200 1719.5 ms gen gen_01M392R8DMZAHGRXVR6VQAN3ET
2026-09-24T15:49:09.729699+09:00 r1 L12.A     8 200   2094.1   23894    341 0.00000000  (after 3 failed attempt(s): HTTP 429, HTTP 503, HTTP 503)
#   request 66533 bytes sha256 83d83d40e89bea4d, 4 attempt(s), 40.0 s waited
#   attempt 1 2026-09-24T15:48:23.174733+09:00 http 429 1005.5 ms gen gen_01M392RA14ST8PWDBNQ9YXX0K6 retry-after 36.0 s then sleep 36.0 s
#   attempt 2 2026-09-24T15:49:00.178714+09:00 http 503 1682.5 ms gen gen_01M392SEGSE95BGDJSVJJM1YV8 then sleep 2.0 s
#   attempt 3 2026-09-24T15:49:03.861363+09:00 http 503 1774.0 ms gen gen_01M392SJ25NAS8JHS9TMECNZTA then sleep 2.0 s
#   attempt 4 2026-09-24T15:49:07.635530+09:00 http 200 2094.1 ms gen gen_01M392SNS40GHWJHBRDJ2DVR0B
2026-09-24T15:50:07.181061+09:00 r1 L12.B     4 200   1821.9   14328    607 0.00000000  (after 15 failed attempt(s): HTTP 503, HTTP 503, HTTP 503, HTTP 503, HTTP 503, HTTP 503, HTTP 503, HTTP 503, HTTP 503, HTTP 503, HTTP 503, HTTP 503, HTTP 503, HTTP 429, HTTP 503)
#   request 45907 bytes sha256 e1a16cd23e481832, 16 attempt(s), 30.0 s waited
#   attempt 1 2026-09-24T15:49:09.733517+09:00 http 503 1781.6 ms gen gen_01M392SQT15NVBGGCS9D0GHZY1 then sleep 2.0 s
#   attempt 2 2026-09-24T15:49:13.515263+09:00 http 503 1524.9 ms gen gen_01M392SV8ZRYYJ1FGMTMSMTNCC then sleep 2.0 s
#   attempt 3 2026-09-24T15:49:17.038680+09:00 http 503 1459.6 ms gen gen_01M392SYT388RD5GMTFJYP17YM then sleep 2.0 s
#   attempt 4 2026-09-24T15:49:20.498454+09:00 http 503 1735.9 ms gen gen_01M392T23TXHFGWAKFHC4FWZ45 then sleep 2.0 s
#   attempt 5 2026-09-24T15:49:24.234605+09:00 http 503 1555.6 ms gen gen_01M392T5S665Y2EG7Q3312BE5P then sleep 2.0 s
#   attempt 6 2026-09-24T15:49:27.790478+09:00 http 503 1684.5 ms gen gen_01M392T9C0868TQ032GYCK6VQ1 then sleep 2.0 s
#   attempt 7 2026-09-24T15:49:31.475286+09:00 http 503 1684.3 ms gen gen_01M392TCZVDPQRF2H4HZBS06MR then sleep 2.0 s
#   attempt 8 2026-09-24T15:49:35.159753+09:00 http 503 1659.1 ms gen gen_01M392TGFXHDNS34FGCW1JKY57 then sleep 2.0 s
#   attempt 9 2026-09-24T15:49:38.819157+09:00 http 503 1741.8 ms gen gen_01M392TM5Y2P5P5B21EQVX72Y0 then sleep 2.0 s
#   attempt 10 2026-09-24T15:49:42.561143+09:00 http 503 2822.6 ms gen gen_01M392TRX5PR7EKN6JY7YQX8Z7 then sleep 2.0 s
#   attempt 11 2026-09-24T15:49:47.382788+09:00 http 503 1613.8 ms gen gen_01M392TWDTC0Q5H73ZPPTMKP5B then sleep 2.0 s
#   attempt 12 2026-09-24T15:49:50.996850+09:00 http 503 1644.5 ms gen gen_01M392TZZJ9CPG9ZC4QNV139DB then sleep 2.0 s
#   attempt 13 2026-09-24T15:49:54.641544+09:00 http 503 1638.4 ms gen gen_01M392V3J4M8YP30QXPT5GPRV5 then sleep 2.0 s
#   attempt 14 2026-09-24T15:49:58.280115+09:00 http 429 1165.3 ms gen gen_01M392V71WAD9QVZPCYP7H9VG9 retry-after 1.0 s then sleep 2.0 s
#   attempt 15 2026-09-24T15:50:01.445607+09:00 http 503 1913.3 ms gen gen_01M392VAEKY92PGQ5KKJGYJBJM then sleep 2.0 s
#   attempt 16 2026-09-24T15:50:05.359128+09:00 http 200 1821.9 ms gen gen_01M392VDZ3K466J3KH5V7RKET5
2026-09-24T15:50:19.510072+09:00 r1 L13.A     8 200   2998.3   14568    341 0.00000000  (after 2 failed attempt(s): HTTP 503, HTTP 503)
#   request 46256 bytes sha256 96f155e1a0931ccc, 3 attempt(s), 4.0 s waited
#   attempt 1 2026-09-24T15:50:07.184852+09:00 http 503 1608.2 ms gen gen_01M392VFV0QBED1NNSABZJNCCT then sleep 2.0 s
#   attempt 2 2026-09-24T15:50:10.793317+09:00 http 503 3719.9 ms gen gen_01M392VMFNR4ZK9C5RYFKWWPHK then sleep 2.0 s
#   attempt 3 2026-09-24T15:50:16.511680+09:00 http 200 2998.3 ms gen gen_01M392VT04W4JZTD5AWTDMWAJH
2026-09-24T15:50:48.493284+09:00 r1 L13.B     4 200   1714.0   10167    612 0.00000000  (after 8 failed attempt(s): HTTP 503, HTTP 503, HTTP 503, HTTP 503, HTTP 503, HTTP 503, HTTP 503, HTTP 503)
#   request 36994 bytes sha256 1b7ce92e63c4ba06, 9 attempt(s), 16.0 s waited
#   attempt 1 2026-09-24T15:50:19.512954+09:00 http 503 1328.7 ms gen gen_01M392VVMXC1C1HECTCCY6YFS8 then sleep 2.0 s
#   attempt 2 2026-09-24T15:50:22.841943+09:00 http 503 1680.3 ms gen gen_01M392VZ2HKEVX69TDM4BPBV91 then sleep 2.0 s
#   attempt 3 2026-09-24T15:50:26.522428+09:00 http 503 1509.3 ms gen gen_01M392W2NFWREM37XRX2S5M0ZE then sleep 2.0 s
#   attempt 4 2026-09-24T15:50:30.031922+09:00 http 503 1645.1 ms gen gen_01M392W68BZXPRY85G55DN3X1F then sleep 2.0 s
#   attempt 5 2026-09-24T15:50:33.677239+09:00 http 503 1297.6 ms gen gen_01M392W9FPMPY25EJDNYGBFFPH then sleep 2.0 s
#   attempt 6 2026-09-24T15:50:36.975016+09:00 http 503 1315.1 ms gen gen_01M392WCQ7ZBQBMT4Y28AVAMNX then sleep 2.0 s
#   attempt 7 2026-09-24T15:50:40.290329+09:00 http 503 1298.2 ms gen gen_01M392WFXWGV97YH0GZMPTC8W6 then sleep 2.0 s
#   attempt 8 2026-09-24T15:50:43.588798+09:00 http 503 1191.8 ms gen gen_01M392WK28J9NXSRNCJQE2N56Y then sleep 2.0 s
#   attempt 9 2026-09-24T15:50:46.779235+09:00 http 200 1714.0 ms gen gen_01M392WPDJW8GACJD11A091T19
2026-09-24T15:50:50.402817+09:00 r2 B0.A      8 200   1906.1   23630    341 0.00000000
2026-09-24T15:51:14.372047+09:00 r2 B0.B      4 200   1865.6   14196    607 0.00000000  (after 6 failed attempt(s): HTTP 503, HTTP 503, HTTP 503, HTTP 503, HTTP 503, HTTP 503)
#   request 45299 bytes sha256 b781919c7cbbafcc, 7 attempt(s), 12.0 s waited
#   attempt 1 2026-09-24T15:50:50.405836+09:00 http 503 1526.0 ms gen gen_01M392WSWZCVRF9AT40BC8QMZP then sleep 2.0 s
#   attempt 2 2026-09-24T15:50:53.931982+09:00 http 503 1622.3 ms gen gen_01M392WXEA9DD6R78TX7V4SH7F then sleep 2.0 s
#   attempt 3 2026-09-24T15:50:57.554734+09:00 http 503 1651.4 ms gen gen_01M392X0XRA3AJ0TQH1F3ZJPPZ then sleep 2.0 s
#   attempt 4 2026-09-24T15:51:01.206310+09:00 http 503 1751.8 ms gen gen_01M392X4D2WZ7V423H2J2BW228 then sleep 2.0 s
#   attempt 5 2026-09-24T15:51:04.958310+09:00 http 503 1928.7 ms gen gen_01M392X8F65K4ZHBZ0GA0YR127 then sleep 2.0 s
#   attempt 6 2026-09-24T15:51:08.887148+09:00 http 503 1618.8 ms gen gen_01M392XC0AM4TS0T282KAWPE7H then sleep 2.0 s
#   attempt 7 2026-09-24T15:51:12.506352+09:00 http 200 1865.6 ms gen gen_01M392XFMW9JKTJH1XM6S40CSB
2026-09-24T15:51:16.294309+09:00 r2 L1.B      4 200   1921.5   17716    610 0.00000000
2026-09-24T15:51:18.079612+09:00 r2 L2.B      4 200   1780.0   12633    607 0.00000000
2026-09-24T15:51:30.698902+09:00 r2 L3.B      4 200   1532.9   14110    607 0.00000000  (after 3 failed attempt(s): HTTP 503, HTTP 503, HTTP 503)
#   request 45013 bytes sha256 464aee19d0432e85, 4 attempt(s), 6.0 s waited
#   attempt 1 2026-09-24T15:51:18.083540+09:00 http 503 1397.6 ms gen gen_01M392XMY9SR7B1JP80092ZCYF then sleep 2.0 s
#   attempt 2 2026-09-24T15:51:21.481311+09:00 http 503 1642.1 ms gen gen_01M392XRBN1KS0DEH5453C91GS then sleep 2.0 s
#   attempt 3 2026-09-24T15:51:25.123590+09:00 http 503 2042.1 ms gen gen_01M392XW42YRN7R9QJCHVQTFPJ then sleep 2.0 s
#   attempt 4 2026-09-24T15:51:29.165950+09:00 http 200 1532.9 ms gen gen_01M392XZVVJF6M6WFD7JK9K2PT
2026-09-24T15:52:27.834943+09:00 r2 L4.B      4 200   2045.9   14196    607 0.00000000  (after 9 failed attempt(s): HTTP 503, HTTP 429, HTTP 503, HTTP 503, HTTP 503, HTTP 503, HTTP 503, HTTP 503, HTTP 503)
#   request 45299 bytes sha256 b781919c7cbbafcc, 10 attempt(s), 41.0 s waited
#   attempt 1 2026-09-24T15:51:30.702645+09:00 http 503 1527.0 ms gen gen_01M392Y18JA7JRAWM11691VECY then sleep 2.0 s
#   attempt 2 2026-09-24T15:51:34.229777+09:00 http 429 1119.0 ms gen gen_01M392Y4R2SM904TGZFMX7V9Z3 retry-after 25.0 s then sleep 25.0 s
#   attempt 3 2026-09-24T15:52:00.348884+09:00 http 503 1600.2 ms gen gen_01M392YY843PW49XP7H29XW9RM then sleep 2.0 s
#   attempt 4 2026-09-24T15:52:03.949214+09:00 http 503 1665.1 ms gen gen_01M392Z1V2MNAB0H94K03XQ6RT then sleep 2.0 s
#   attempt 5 2026-09-24T15:52:07.614595+09:00 http 503 1552.0 ms gen gen_01M392Z5AN0K6D2VY500GW6513 then sleep 2.0 s
#   attempt 6 2026-09-24T15:52:11.166768+09:00 http 503 1450.9 ms gen gen_01M392Z8TX52QVF4P23H5MHQ8J then sleep 2.0 s
#   attempt 7 2026-09-24T15:52:14.615951+09:00 http 503 1760.5 ms gen gen_01M392ZCBM41DSEF0KM8JPQQ4P then sleep 2.0 s
#   attempt 8 2026-09-24T15:52:18.376590+09:00 http 503 1755.0 ms gen gen_01M392ZG0RA2MPD4P21J72A1XJ then sleep 2.0 s
#   attempt 9 2026-09-24T15:52:22.131773+09:00 http 503 1657.1 ms gen gen_01M392ZKM8ZXB5Y7THMWWZ7E7Y then sleep 2.0 s
#   attempt 10 2026-09-24T15:52:25.789009+09:00 http 200 2045.9 ms gen gen_01M392ZQ50K2A2KEMFMCKT0RCF
2026-09-24T15:53:03.197924+09:00 r2 L5.B      4 200   1721.2   14791    607 0.00000000  (after 9 failed attempt(s): HTTP 503, HTTP 503, HTTP 503, HTTP 503, HTTP 503, HTTP 503, HTTP 503, HTTP 503, HTTP 503)
#   request 47232 bytes sha256 928c0f0bb35e3817, 10 attempt(s), 18.0 s waited
#   attempt 1 2026-09-24T15:52:27.839977+09:00 http 503 1476.4 ms gen gen_01M392ZS12552RC5E5E4AS45QA then sleep 2.0 s
#   attempt 2 2026-09-24T15:52:31.316557+09:00 http 503 1620.5 ms gen gen_01M392ZWC156MGZM5S4NJ7G4S8 then sleep 2.0 s
#   attempt 3 2026-09-24T15:52:34.937240+09:00 http 503 1703.6 ms gen gen_01M393004RSBFHKMNY2QR07MYK then sleep 2.0 s
#   attempt 4 2026-09-24T15:52:38.641208+09:00 http 503 1748.2 ms gen gen_01M39303TMY22Z4VE7DDH0ZG03 then sleep 2.0 s
#   attempt 5 2026-09-24T15:52:42.389621+09:00 http 503 1636.0 ms gen gen_01M39307BH642YJ5GZRJ762D5Z then sleep 2.0 s
#   attempt 6 2026-09-24T15:52:46.024384+09:00 http 503 1664.3 ms gen gen_01M3930AYE4RA0XVWWJGF9C8X5 then sleep 2.0 s
#   attempt 7 2026-09-24T15:52:49.689157+09:00 http 503 1745.7 ms gen gen_01M3930EKTS2ME967XP01JDT79 then sleep 2.0 s
#   attempt 8 2026-09-24T15:52:53.435336+09:00 http 503 1714.2 ms gen gen_01M3930J7AN803MSJ6X8NQ5C5C then sleep 2.0 s
#   attempt 9 2026-09-24T15:52:57.149748+09:00 http 503 2326.7 ms gen gen_01M3930PEQVR32JBHHNDW69656 then sleep 2.0 s
#   attempt 10 2026-09-24T15:53:01.476679+09:00 http 200 1721.2 ms gen gen_01M3930SWPCBRCN1VR7Y745T3W
2026-09-24T16:00:25.799405+09:00 r2 L6.A      8 200   2001.9   24374    341 0.00000000  (after 101 failed attempt(s): HTTP 503, HTTP 503, HTTP 503, HTTP 503, HTTP 503, HTTP 503, HTTP 503, HTTP 503, HTTP 503, HTTP 503, HTTP 503, HTTP 503, HTTP 503, HTTP 503, HTTP 503, HTTP 503, HTTP 503, HTTP 503, HTTP 503, HTTP 503, HTTP 503, HTTP 503, HTTP 503, HTTP 503, HTTP 503, HTTP 503, HTTP 503, HTTP 503, HTTP 503, HTTP 503, HTTP 503, HTTP 503, HTTP 503, HTTP 503, HTTP 503, HTTP 503, HTTP 503, HTTP 503, HTTP 503, HTTP 503, HTTP 503, HTTP 503, HTTP 503, HTTP 503, HTTP 503, HTTP 503, HTTP 503, HTTP 503, HTTP 503, HTTP 503, HTTP 503, HTTP 503, HTTP 503, HTTP 503, HTTP 503, HTTP 503, HTTP 503, HTTP 429, HTTP 503, HTTP 503, HTTP 503, HTTP 503, HTTP 503, HTTP 503, HTTP 503, HTTP 503, HTTP 503, HTTP 503, HTTP 503, HTTP 503, HTTP 503, HTTP 503, HTTP 503, HTTP 503, HTTP 503, HTTP 503, HTTP 503, HTTP 503, HTTP 503, HTTP 503, HTTP 503, HTTP 503, HTTP 429, HTTP 503, HTTP 503, HTTP 503, HTTP 503, HTTP 503, HTTP 503, HTTP 503, HTTP 503, HTTP 503, HTTP 503, HTTP 503, HTTP 429, HTTP 503, HTTP 503, HTTP 503, HTTP 503, HTTP 503, HTTP 503)
#   request 67601 bytes sha256 0ef27d80de1ed9c7, 102 attempt(s), 273.0 s waited
#   attempt 1 2026-09-24T15:53:03.201453+09:00 http 503 1661.4 ms gen gen_01M3930VPY44SY5WFK5D56SVKR then sleep 2.0 s
#   attempt 2 2026-09-24T15:53:06.863023+09:00 http 503 1487.2 ms gen gen_01M3930Z4VF6D0D8GQAH6XRCHS then sleep 2.0 s
#   attempt 3 2026-09-24T15:53:10.350428+09:00 http 503 1535.1 ms gen gen_01M39312JHS3C2NX8ZB2HF3966 then sleep 2.0 s
#   attempt 4 2026-09-24T15:53:13.885698+09:00 http 503 1595.1 ms gen gen_01M393161T0DJVV70PBF9KWV4F then sleep 2.0 s
#   attempt 5 2026-09-24T15:53:17.479324+09:00 http 503 1755.4 ms gen gen_01M39319S8MN1SF6F70CPYP2J8 then sleep 2.0 s
#   attempt 6 2026-09-24T15:53:21.234887+09:00 http 503 1560.7 ms gen gen_01M3931D7H9C21EWTJFG23B49Z then sleep 2.0 s
#   attempt 7 2026-09-24T15:53:24.795797+09:00 http 503 1740.5 ms gen gen_01M3931GW3ND5NPSEYE6YX1A5Q then sleep 2.0 s
#   attempt 8 2026-09-24T15:53:28.536472+09:00 http 503 1441.0 ms gen gen_01M3931M8FAX98QQ3JM42RZEVP then sleep 2.0 s
#   attempt 9 2026-09-24T15:53:31.977681+09:00 http 503 1733.1 ms gen gen_01M3931QW37W30B67V6K9QAB9Z then sleep 2.0 s
#   attempt 10 2026-09-24T15:53:35.711193+09:00 http 503 1509.7 ms gen gen_01M3931VA14C4PSBSCKAGT2BK9 then sleep 2.0 s
#   attempt 11 2026-09-24T15:53:39.221045+09:00 http 503 1695.3 ms gen gen_01M3931YXJ6HN93JA3SW5HJJM4 then sleep 2.0 s
#   attempt 12 2026-09-24T15:53:42.916572+09:00 http 503 1729.6 ms gen gen_01M39322J5X875A0HK896G2963 then sleep 2.0 s
#   attempt 13 2026-09-24T15:53:46.644853+09:00 http 503 1637.5 ms gen gen_01M393261X64A9EF10JYRHW7C0 then sleep 2.0 s
#   attempt 14 2026-09-24T15:53:50.282562+09:00 http 503 1749.4 ms gen gen_01M39329R65W3VJ457JZ4TC5HB then sleep 2.0 s
#   attempt 15 2026-09-24T15:53:54.032145+09:00 http 503 1814.0 ms gen gen_01M3932DFG9CN26H44PX82GENT then sleep 2.0 s
#   attempt 16 2026-09-24T15:53:57.846300+09:00 http 503 1526.5 ms gen gen_01M3932GXND7Q2J9Q703E919RR then sleep 2.0 s
#   attempt 17 2026-09-24T15:54:01.372930+09:00 http 503 1697.3 ms gen gen_01M3932MJK92ZMT8MH2E7M82HV then sleep 2.0 s
#   attempt 18 2026-09-24T15:54:05.070428+09:00 http 503 1599.0 ms gen gen_01M3932R6G67Q9C70XDQ57ZH39 then sleep 2.0 s
#   attempt 19 2026-09-24T15:54:08.669623+09:00 http 503 2059.3 ms gen gen_01M3932VPHEN1KXE0HW41KPG5P then sleep 2.0 s
#   attempt 20 2026-09-24T15:54:12.729222+09:00 http 503 2250.3 ms gen gen_01M3932ZQEE63VWJKNRWQET1NE then sleep 2.0 s
#   attempt 21 2026-09-24T15:54:16.978155+09:00 http 503 1801.1 ms gen gen_01M39333V9ZTE20J222VDAR0CN then sleep 2.0 s
#   attempt 22 2026-09-24T15:54:20.779451+09:00 http 503 1609.5 ms gen gen_01M39337C8SGS6FM4985YXJGBQ then sleep 2.0 s
#   attempt 23 2026-09-24T15:54:24.389114+09:00 http 503 1792.8 ms gen gen_01M3933B4J45Q8FT2GQ0RSE53N then sleep 2.0 s
#   attempt 24 2026-09-24T15:54:28.182115+09:00 http 503 1763.4 ms gen gen_01M3933EN2ENTDSQ3RDP7E51J4 then sleep 2.0 s
#   attempt 25 2026-09-24T15:54:31.945740+09:00 http 503 1430.4 ms gen gen_01M3933J54N925DKTK5QFM1RG6 then sleep 2.0 s
#   attempt 26 2026-09-24T15:54:35.376378+09:00 http 503 1742.9 ms gen gen_01M3933NSRGGWJB33A5TGJFHBZ then sleep 2.0 s
#   attempt 27 2026-09-24T15:54:39.119720+09:00 http 503 1518.0 ms gen gen_01M3933S8NH0W3CFM6QY4M9ZKA then sleep 2.0 s
#   attempt 28 2026-09-24T15:54:42.637893+09:00 http 503 1461.3 ms gen gen_01M3933WK5N3PDX4K3AT9TY9PD then sleep 2.0 s
#   attempt 29 2026-09-24T15:54:46.097972+09:00 http 503 1604.2 ms gen gen_01M393403PSN2WHKZV3B9Y3DJE then sleep 2.0 s
#   attempt 30 2026-09-24T15:54:49.702396+09:00 http 503 1548.8 ms gen gen_01M39343MW5WDPYXYJRQE6HNB6 then sleep 2.0 s
#   attempt 31 2026-09-24T15:54:53.251340+09:00 http 503 1651.9 ms gen gen_01M39347605A7M9FXJM9F71F45 then sleep 2.0 s
#   attempt 32 2026-09-24T15:54:56.903508+09:00 http 503 1426.4 ms gen gen_01M3934AHA4PBHZTRJRM1XYCWV then sleep 2.0 s
#   attempt 33 2026-09-24T15:55:00.330132+09:00 http 503 1605.8 ms gen gen_01M3934E0MY73RTY6NCQFZSEMX then sleep 2.0 s
#   attempt 34 2026-09-24T15:55:03.936149+09:00 http 503 1642.3 ms gen gen_01M3934HHB80VM0RAXSVH69W7H then sleep 2.0 s
#   attempt 35 2026-09-24T15:55:07.578870+09:00 http 503 1930.3 ms gen gen_01M3934NDY0W1PY64XKSQ7MMMV then sleep 2.0 s
#   attempt 36 2026-09-24T15:55:11.509354+09:00 http 503 1639.0 ms gen gen_01M3934RZK36DV4FPXB3SW6VM1 then sleep 2.0 s
#   attempt 37 2026-09-24T15:55:15.146533+09:00 http 503 1798.7 ms gen gen_01M3934WNMW9CQY3XT1M3Y7AAH then sleep 2.0 s
#   attempt 38 2026-09-24T15:55:18.945451+09:00 http 503 1805.7 ms gen gen_01M39350DCWDW47Q0V3E91YTQ2 then sleep 2.0 s
#   attempt 39 2026-09-24T15:55:22.751489+09:00 http 503 1826.6 ms gen gen_01M39354430Y3PME7MFXV70J80 then sleep 2.0 s
#   attempt 40 2026-09-24T15:55:26.578283+09:00 http 503 1625.3 ms gen gen_01M39357NHE81TY4AC5AZ7DBN0 then sleep 2.0 s
#   attempt 41 2026-09-24T15:55:30.203823+09:00 http 503 1883.2 ms gen gen_01M3935BAKBT386WG73GZZHEYK then sleep 2.0 s
#   attempt 42 2026-09-24T15:55:34.087181+09:00 http 503 1599.3 ms gen gen_01M3935EZYXJY62R066MNS76QG then sleep 2.0 s
#   attempt 43 2026-09-24T15:55:37.686606+09:00 http 503 1637.0 ms gen gen_01M3935JHA9HDYP9ZQQAZQ2XF9 then sleep 2.0 s
#   attempt 44 2026-09-24T15:55:41.323805+09:00 http 503 1595.3 ms gen gen_01M3935P2F8QEFXG8FW831R9HY then sleep 2.0 s
#   attempt 45 2026-09-24T15:55:44.918520+09:00 http 503 2002.6 ms gen gen_01M3935SYGGB22W14F841P99BY then sleep 2.0 s
#   attempt 46 2026-09-24T15:55:48.921365+09:00 http 503 2722.5 ms gen gen_01M3935YGVB594NM949C0YYEWD then sleep 2.0 s
#   attempt 47 2026-09-24T15:55:53.644003+09:00 http 503 1598.3 ms gen gen_01M393626TM13RMNBJZSWG1CBF then sleep 2.0 s
#   attempt 48 2026-09-24T15:55:57.242507+09:00 http 503 1834.9 ms gen gen_01M39365QFYSRWQ6VSS48BJWQE then sleep 2.0 s
#   attempt 49 2026-09-24T15:56:01.077615+09:00 http 503 1555.7 ms gen gen_01M39369E6H0RWD7WEH4F2TH5K then sleep 2.0 s
#   attempt 50 2026-09-24T15:56:04.633448+09:00 http 503 1747.8 ms gen gen_01M3936CZTQ37A57DSR2W5PAAD then sleep 2.0 s
#   attempt 51 2026-09-24T15:56:08.381490+09:00 http 503 1679.7 ms gen gen_01M3936GJN7B88DN5C81DEHSVB then sleep 2.0 s
#   attempt 52 2026-09-24T15:56:12.061390+09:00 http 503 1690.4 ms gen gen_01M3936M51DEM3DZA3K7MHQ569 then sleep 2.0 s
#   attempt 53 2026-09-24T15:56:15.750455+09:00 http 503 1642.4 ms gen gen_01M3936QQVHGSTXGC1FNS84ECC then sleep 2.0 s
#   attempt 54 2026-09-24T15:56:19.393060+09:00 http 503 1471.2 ms gen gen_01M3936V80F04V4GDRDZBZNGC6 then sleep 2.0 s
#   attempt 55 2026-09-24T15:56:22.864387+09:00 http 503 1587.7 ms gen gen_01M3936YMSFPZRMAQTSM1BTEPT then sleep 2.0 s
#   attempt 56 2026-09-24T15:56:26.452224+09:00 http 503 1462.1 ms gen gen_01M39371ZKV13H71KSN6A8TN59 then sleep 2.0 s
#   attempt 57 2026-09-24T15:56:29.914471+09:00 http 503 1634.1 ms gen gen_01M39375HTD9Q6M578WCMKXAVT then sleep 2.0 s
#   attempt 58 2026-09-24T15:56:33.548747+09:00 http 429 1164.7 ms gen gen_01M393792HQQSWGM2MEME7GX4J retry-after 26.0 s then sleep 26.0 s
#   attempt 59 2026-09-24T15:57:00.712309+09:00 http 503 1573.0 ms gen gen_01M39383HVV28GFPKQ69ZE526H then sleep 2.0 s
#   attempt 60 2026-09-24T15:57:04.285503+09:00 http 503 1679.3 ms gen gen_01M393874JCD0C0Z512PJZFFTP then sleep 2.0 s
#   attempt 61 2026-09-24T15:57:07.965024+09:00 http 503 1356.7 ms gen gen_01M3938AHZZHPXZZNXRCWDCGX7 then sleep 2.0 s
#   attempt 62 2026-09-24T15:57:11.322010+09:00 http 503 1500.2 ms gen gen_01M3938E0MD99RFJ4RMMTFGN2X then sleep 2.0 s
#   attempt 63 2026-09-24T15:57:14.820685+09:00 http 503 1565.7 ms gen gen_01M3938HBN2X667PNE07KCGJ08 then sleep 2.0 s
#   attempt 64 2026-09-24T15:57:18.386620+09:00 http 503 1767.7 ms gen gen_01M3938N0MCD3PDRAE5VNTBZ6E then sleep 2.0 s
#   attempt 65 2026-09-24T15:57:22.154524+09:00 http 503 1803.9 ms gen gen_01M3938RQ5ZVK1RJ6KMWQN5486 then sleep 2.0 s
#   attempt 66 2026-09-24T15:57:25.958672+09:00 http 503 1525.3 ms gen gen_01M3938W5E7NEXRVBE9B7ZFJNP then sleep 2.0 s
#   attempt 67 2026-09-24T15:57:29.484127+09:00 http 503 1562.0 ms gen gen_01M3938ZMVAGCSX2NCB6PCD7S4 then sleep 2.0 s
#   attempt 68 2026-09-24T15:57:33.046292+09:00 http 503 1500.6 ms gen gen_01M393932YW0EM8R9XT6MQ027B then sleep 2.0 s
#   attempt 69 2026-09-24T15:57:36.547144+09:00 http 503 1712.6 ms gen gen_01M39396MWXQ3ZBXZ5VST80VKX then sleep 2.0 s
#   attempt 70 2026-09-24T15:57:40.259970+09:00 http 503 1648.3 ms gen gen_01M3939A9C6RZWEQDVD2060YYB then sleep 2.0 s
#   attempt 71 2026-09-24T15:57:43.908476+09:00 http 503 1743.9 ms gen gen_01M3939DWW7422F24MC1YX7M6N then sleep 2.0 s
#   attempt 72 2026-09-24T15:57:47.651111+09:00 http 503 1590.7 ms gen gen_01M3939HEGPVJRV9RKG9JD3FPM then sleep 2.0 s
#   attempt 73 2026-09-24T15:57:51.242056+09:00 http 503 1769.2 ms gen gen_01M3939N35CHCZMTP73BD6P9DY then sleep 2.0 s
#   attempt 74 2026-09-24T15:57:55.011681+09:00 http 503 1797.9 ms gen gen_01M3939RT37JVEV4GP90C6WR10 then sleep 2.0 s
#   attempt 75 2026-09-24T15:57:58.809826+09:00 http 503 1504.6 ms gen gen_01M3939W6R402B6Q8M20E5SC4Q then sleep 2.0 s
#   attempt 76 2026-09-24T15:58:02.314606+09:00 http 503 1735.1 ms gen gen_01M3939ZW8YVH3HBD0X3CFS8JJ then sleep 2.0 s
#   attempt 77 2026-09-24T15:58:06.049882+09:00 http 503 1634.0 ms gen gen_01M393A3CV805AT7V72VMAZE5V then sleep 2.0 s
#   attempt 78 2026-09-24T15:58:09.684047+09:00 http 503 1418.9 ms gen gen_01M393A6TENFZA0KS7YZRZ2BKZ then sleep 2.0 s
#   attempt 79 2026-09-24T15:58:13.103137+09:00 http 503 1427.4 ms gen gen_01M393AA8BJ3YBKBQZHV500QH0 then sleep 2.0 s
#   attempt 80 2026-09-24T15:58:16.530028+09:00 http 503 1356.8 ms gen gen_01M393ADNSGF27A1EE202CY6T8 then sleep 2.0 s
#   attempt 81 2026-09-24T15:58:19.887041+09:00 http 503 1703.0 ms gen gen_01M393AH081288N720GZ4H6BZ5 then sleep 2.0 s
#   attempt 82 2026-09-24T15:58:23.590259+09:00 http 503 1699.7 ms gen gen_01M393AMMAAH1DZW7ZBED4GZS5 then sleep 2.0 s
#   attempt 83 2026-09-24T15:58:27.290163+09:00 http 429 1068.2 ms gen gen_01M393AR1S2JG936F07PXBGF9H retry-after 32.0 s then sleep 32.0 s
#   attempt 84 2026-09-24T15:59:00.356712+09:00 http 503 1698.2 ms gen gen_01M393BRH4M5Z0QB973SYMWH5E then sleep 2.0 s
#   attempt 85 2026-09-24T15:59:04.055070+09:00 http 503 1718.2 ms gen gen_01M393BW5C8HSGQDWQJ4CDVDVH then sleep 2.0 s
#   attempt 86 2026-09-24T15:59:07.773429+09:00 http 503 1668.9 ms gen gen_01M393BZRF7ZWKEPXJ220QMBA4 then sleep 2.0 s
#   attempt 87 2026-09-24T15:59:11.442545+09:00 http 503 1611.5 ms gen gen_01M393C37XVD4VC0XH5JHNTBJQ then sleep 2.0 s
#   attempt 88 2026-09-24T15:59:15.052409+09:00 http 503 1376.8 ms gen gen_01M393C6J4VZS0FSMB01VGAB34 then sleep 2.0 s
#   attempt 89 2026-09-24T15:59:18.429368+09:00 http 503 1986.9 ms gen gen_01M393CA4JNK909H4JTKYJNRJ6 then sleep 2.0 s
#   attempt 90 2026-09-24T15:59:22.416513+09:00 http 503 1588.0 ms gen gen_01M393CE03F6PYJKNRME5PFQWM then sleep 2.0 s
#   attempt 91 2026-09-24T15:59:26.004736+09:00 http 503 1618.9 ms gen gen_01M393CHG47E17Q1HJFT33ESGV then sleep 2.0 s
#   attempt 92 2026-09-24T15:59:29.623796+09:00 http 503 1561.4 ms gen gen_01M393CMZQWR17DJZH61TJWJ36 then sleep 2.0 s
#   attempt 93 2026-09-24T15:59:33.185385+09:00 http 503 1168.0 ms gen gen_01M393CRBD4JSKFFYKF309429Z then sleep 2.0 s
#   attempt 94 2026-09-24T15:59:36.353623+09:00 http 503 1961.7 ms gen gen_01M393CVS46BV9M4DKRFM6NRXC then sleep 2.0 s
#   attempt 95 2026-09-24T15:59:40.315562+09:00 http 429 1354.3 ms gen gen_01M393CZKJR1HN20EQK6FKV6B8 retry-after 19.0 s then sleep 19.0 s
#   attempt 96 2026-09-24T16:00:00.669082+09:00 http 503 1520.2 ms gen gen_01M393DK7FHT4T5CJFE6GCAFGM then sleep 2.0 s
#   attempt 97 2026-09-24T16:00:04.189624+09:00 http 503 1772.1 ms gen gen_01M393DPX10D1EYZRFGTHH0BRK then sleep 2.0 s
#   attempt 98 2026-09-24T16:00:07.961883+09:00 http 503 2492.6 ms gen gen_01M393DV9FJFRSBB08XKBTAPZ1 then sleep 2.0 s
#   attempt 99 2026-09-24T16:00:12.454616+09:00 http 503 1658.7 ms gen gen_01M393DYX3CC1Z5YH5HYD9ZB1R then sleep 2.0 s
#   attempt 100 2026-09-24T16:00:16.111635+09:00 http 503 1824.4 ms gen gen_01M393E2KP9TZYC0F6ZC4GPTNR then sleep 2.0 s
#   attempt 101 2026-09-24T16:00:19.936217+09:00 http 503 1861.1 ms gen gen_01M393E6CQCW0BKM112TZM9TAN then sleep 2.0 s
#   attempt 102 2026-09-24T16:00:23.797456+09:00 http 200 2001.9 ms gen gen_01M393E9YZDDGRWKBE0YXV8FPT
2026-09-24T16:02:45.730212+09:00 r2 L6.B      4 200   2111.6   15208    607 0.00000000  (after 30 failed attempt(s): HTTP 503, HTTP 429, HTTP 503, HTTP 503, HTTP 503, HTTP 503, HTTP 503, HTTP 503, HTTP 503, HTTP 503, HTTP 503, HTTP 503, HTTP 503, HTTP 503, HTTP 503, HTTP 503, HTTP 503, HTTP 503, HTTP 503, HTTP 503, HTTP 503, HTTP 503, HTTP 503, HTTP 503, HTTP 503, HTTP 503, HTTP 503, HTTP 503, HTTP 503, HTTP 503)
#   request 49191 bytes sha256 6a04e32f7af07c96, 31 attempt(s), 88.0 s waited
#   attempt 1 2026-09-24T16:00:25.809089+09:00 http 503 1868.2 ms gen gen_01M393EC4HV2C67MNBP6H42G5N then sleep 2.0 s
#   attempt 2 2026-09-24T16:00:29.677424+09:00 http 429 1098.9 ms gen gen_01M393EFKY5RZRX30YSHYX9WA5 retry-after 30.0 s then sleep 30.0 s
#   attempt 3 2026-09-24T16:01:00.775441+09:00 http 503 2922.7 ms gen gen_01M393FF9QVT7Y29VZJXM997BP then sleep 2.0 s
#   attempt 4 2026-09-24T16:01:05.698338+09:00 http 503 1691.6 ms gen gen_01M393FJXZPVNN2EE5A7TG7Z1Y then sleep 2.0 s
#   attempt 5 2026-09-24T16:01:09.390132+09:00 http 503 1718.9 ms gen gen_01M393FPJ6GST9YGV0DTEE6KEA then sleep 2.0 s
#   attempt 6 2026-09-24T16:01:13.109210+09:00 http 503 2383.1 ms gen gen_01M393FT8NQ4T04Q1R0FD4D2HJ then sleep 2.0 s
#   attempt 7 2026-09-24T16:01:17.488956+09:00 http 503 1644.1 ms gen gen_01M393FYCBEDRJKNJ5ZSY8N9S5 then sleep 2.0 s
#   attempt 8 2026-09-24T16:01:21.133256+09:00 http 503 1351.6 ms gen gen_01M393G1T5W2GQFPNJEJW3C3V1 then sleep 2.0 s
#   attempt 9 2026-09-24T16:01:24.485050+09:00 http 503 1245.9 ms gen gen_01M393G4VKHYEPRBE3PEZ0QVEE then sleep 2.0 s
#   attempt 10 2026-09-24T16:01:27.731169+09:00 http 503 1756.3 ms gen gen_01M393G8FY18NESN2Y8CTV6RCJ then sleep 2.0 s
#   attempt 11 2026-09-24T16:01:31.487588+09:00 http 503 1706.5 ms gen gen_01M393GC4KYTEPKS3GMF8GMYHS then sleep 2.0 s
#   attempt 12 2026-09-24T16:01:35.194206+09:00 http 503 1769.1 ms gen gen_01M393GFTF2VCKP7KS2M5FW6TJ then sleep 2.0 s
#   attempt 13 2026-09-24T16:01:38.963456+09:00 http 503 1799.4 ms gen gen_01M393GKETQWNGK385P4YWRGD9 then sleep 2.0 s
#   attempt 14 2026-09-24T16:01:42.763095+09:00 http 503 1712.5 ms gen gen_01M393GQ4HF4R4WBZZZP39WK8B then sleep 2.0 s
#   attempt 15 2026-09-24T16:01:46.476233+09:00 http 503 1483.6 ms gen gen_01M393GTP5TW8RVCD1P0HWKN7D then sleep 2.0 s
#   attempt 16 2026-09-24T16:01:49.960052+09:00 http 503 1776.4 ms gen gen_01M393GY81XSC39JTE9PT0Z6PT then sleep 2.0 s
#   attempt 17 2026-09-24T16:01:53.736653+09:00 http 503 1534.9 ms gen gen_01M393H1SJ6EM5QWTZREH4RQ1N then sleep 2.0 s
#   attempt 18 2026-09-24T16:01:57.271718+09:00 http 503 1517.0 ms gen gen_01M393H597T9KRG1FT14R9NG1T then sleep 2.0 s
#   attempt 19 2026-09-24T16:02:00.788945+09:00 http 503 1577.2 ms gen gen_01M393H8M0V5DAVFHQW2TFVD0V then sleep 2.0 s
#   attempt 20 2026-09-24T16:02:04.366397+09:00 http 503 1597.4 ms gen gen_01M393HC3JBK8BS739FAG1YD1A then sleep 2.0 s
#   attempt 21 2026-09-24T16:02:07.964040+09:00 http 503 1510.0 ms gen gen_01M393HFK36NMQ87592PS4718Z then sleep 2.0 s
#   attempt 22 2026-09-24T16:02:11.474213+09:00 http 503 1788.1 ms gen gen_01M393HK7QPZBQ87ZTPX2PY1S1 then sleep 2.0 s
#   attempt 23 2026-09-24T16:02:15.261221+09:00 http 503 1687.3 ms gen gen_01M393HPW33JTD2S65E2E6MRCT then sleep 2.0 s
#   attempt 24 2026-09-24T16:02:18.948803+09:00 http 503 1431.8 ms gen gen_01M393HT7AHRCW0P66PA1VGBEB then sleep 2.0 s
#   attempt 25 2026-09-24T16:02:22.380811+09:00 http 503 1396.4 ms gen gen_01M393HXN314FR75TR5VSHV6KS then sleep 2.0 s
#   attempt 26 2026-09-24T16:02:25.777329+09:00 http 503 1640.5 ms gen gen_01M393J130W57ZQQWW5AECDM8S then sleep 2.0 s
#   attempt 27 2026-09-24T16:02:29.418001+09:00 http 503 1399.8 ms gen gen_01M393J4J5BAAHZN05NJRFKGRP then sleep 2.0 s
#   attempt 28 2026-09-24T16:02:32.818039+09:00 http 503 1514.9 ms gen gen_01M393J7VZQP9A4DEC3K03E2NW then sleep 2.0 s
#   attempt 29 2026-09-24T16:02:36.333160+09:00 http 503 1590.6 ms gen gen_01M393JBB5G6Y5VMYS6SD892DT then sleep 2.0 s
#   attempt 30 2026-09-24T16:02:39.923966+09:00 http 503 1696.1 ms gen gen_01M393JEYNCYKEXY3Y6QZTMXW3 then sleep 2.0 s
#   attempt 31 2026-09-24T16:02:43.620320+09:00 http 200 2111.6 ms gen gen_01M393JJJN2HXAG209QET07NEE
2026-09-24T16:05:26.821250+09:00 r2 L7.A.c0   7 200   1741.3   22142    116 0.00000000  (after 27 failed attempt(s): HTTP 503, HTTP 503, HTTP 503, HTTP 503, HTTP 503, HTTP 503, HTTP 503, HTTP 503, HTTP 503, HTTP 503, HTTP 503, HTTP 503, HTTP 503, HTTP 503, HTTP 503, HTTP 429, HTTP 503, HTTP 503, HTTP 503, HTTP 429, HTTP 503, HTTP 503, HTTP 503, HTTP 503, HTTP 503, HTTP 503, HTTP 503)
#   request 58751 bytes sha256 c0f5b0940b5a1d16, 28 attempt(s), 116.0 s waited
#   attempt 1 2026-09-24T16:02:45.734812+09:00 http 503 1391.6 ms gen gen_01M393JMBMWC9B43QVC1M1N44B then sleep 2.0 s
#   attempt 2 2026-09-24T16:02:49.126644+09:00 http 503 1761.1 ms gen gen_01M393JR0GMG69T46TECQWNHB8 then sleep 2.0 s
#   attempt 3 2026-09-24T16:02:52.887913+09:00 http 503 1584.4 ms gen gen_01M393JVHNCTMBEGN1HKERJ6FF then sleep 2.0 s
#   attempt 4 2026-09-24T16:02:56.472495+09:00 http 503 1741.5 ms gen gen_01M393JZ609P5QN38MCJPQQHQ1 then sleep 2.0 s
#   attempt 5 2026-09-24T16:03:00.214134+09:00 http 503 1607.0 ms gen gen_01M393K2NDMRW34XAPHT30K6MW then sleep 2.0 s
#   attempt 6 2026-09-24T16:03:03.821281+09:00 http 503 1584.3 ms gen gen_01M393K671VYSKGZ6ZZ1AKN5TK then sleep 2.0 s
#   attempt 7 2026-09-24T16:03:07.406022+09:00 http 503 1728.9 ms gen gen_01M393K9TH1GV06XC5X7XJYAQ4 then sleep 2.0 s
#   attempt 8 2026-09-24T16:03:11.135121+09:00 http 503 1530.2 ms gen gen_01M393KD8E1V0M6DAM7JH6W3DX then sleep 2.0 s
#   attempt 9 2026-09-24T16:03:14.663906+09:00 http 503 1740.7 ms gen gen_01M393KGYK15Y6AF4Z411D9M3F then sleep 2.0 s
#   attempt 10 2026-09-24T16:03:18.404823+09:00 http 503 1654.8 ms gen gen_01M393KMGDRQAV8WWEQVX337NP then sleep 2.0 s
#   attempt 11 2026-09-24T16:03:22.059814+09:00 http 503 1660.4 ms gen gen_01M393KR2JF83X7NR07CC0D0GF then sleep 2.0 s
#   attempt 12 2026-09-24T16:03:25.720423+09:00 http 503 1725.5 ms gen gen_01M393KVQ65TH7353PCKG7BYEB then sleep 2.0 s
#   attempt 13 2026-09-24T16:03:29.446058+09:00 http 503 1742.8 ms gen gen_01M393KZCM2F74FR72WKC003R4 then sleep 2.0 s
#   attempt 14 2026-09-24T16:03:33.189053+09:00 http 503 1662.4 ms gen gen_01M393M2ZC5QWW4G9VQCVPVDBC then sleep 2.0 s
#   attempt 15 2026-09-24T16:03:36.851625+09:00 http 503 1691.1 ms gen gen_01M393M6J6GCYJKZAZ6WPJRPD8 then sleep 2.0 s
#   attempt 16 2026-09-24T16:03:40.542998+09:00 http 429 1216.3 ms gen gen_01M393MA4H5323NM0S7FNAGD86 retry-after 18.0 s then sleep 18.0 s
#   attempt 17 2026-09-24T16:03:59.758184+09:00 http 503 1726.1 ms gen gen_01M393MWX4NX2Q01JYM7QV8QBF then sleep 2.0 s
#   attempt 18 2026-09-24T16:04:03.484485+09:00 http 503 1741.6 ms gen gen_01M393N0KGDV116SCA2XYDJYXV then sleep 2.0 s
#   attempt 19 2026-09-24T16:04:07.226297+09:00 http 503 1723.0 ms gen gen_01M393N47Y81GY68CEM0V67SCG then sleep 2.0 s
#   attempt 20 2026-09-24T16:04:10.949563+09:00 http 429 1102.0 ms gen gen_01M393N7PWRY81509QJ9T685R1 retry-after 48.0 s then sleep 48.0 s
#   attempt 21 2026-09-24T16:05:00.049333+09:00 http 503 1785.3 ms gen gen_01M393PQTZ89H2RAK7XS5CB96B then sleep 2.0 s
#   attempt 22 2026-09-24T16:05:03.834777+09:00 http 503 1730.7 ms gen gen_01M393PVHKMZP38QAAD3ABPFM6 then sleep 2.0 s
#   attempt 23 2026-09-24T16:05:07.565683+09:00 http 503 1531.7 ms gen gen_01M393PYZ5GVHPWGTVEQJFMWHF then sleep 2.0 s
#   attempt 24 2026-09-24T16:05:11.097563+09:00 http 503 1632.2 ms gen gen_01M393Q2HCW46RBM6KCN00X6Y1 then sleep 2.0 s
#   attempt 25 2026-09-24T16:05:14.728244+09:00 http 503 1469.6 ms gen gen_01M393Q5XY8NRX1TEWVYD4MQ9A then sleep 2.0 s
#   attempt 26 2026-09-24T16:05:18.197978+09:00 http 503 1534.9 ms gen gen_01M393Q9AQZPJY2QVFKBTF8755 then sleep 2.0 s
#   attempt 27 2026-09-24T16:05:21.733088+09:00 http 503 1346.5 ms gen gen_01M393QCNBXA8H9S5MTPWHT27N then sleep 2.0 s
#   attempt 28 2026-09-24T16:05:25.079845+09:00 http 200 1741.3 ms gen gen_01M393QFY7AP94VR3J1FBSJJJX
2026-09-24T16:08:16.114250+09:00 r2 L7.A.c1   7 200   1997.2   22214    116 0.00000000  (after 31 failed attempt(s): HTTP 429, HTTP 503, HTTP 503, HTTP 503, HTTP 503, HTTP 503, HTTP 503, HTTP 503, HTTP 503, HTTP 503, HTTP 429, HTTP 503, HTTP 503, HTTP 503, HTTP 503, HTTP 503, HTTP 503, HTTP 503, HTTP 503, HTTP 503, HTTP 503, HTTP 503, HTTP 503, HTTP 503, HTTP 503, HTTP 503, HTTP 503, HTTP 503, HTTP 503, HTTP 503, HTTP 503)
#   request 58994 bytes sha256 951a0d4a712b5dd9, 32 attempt(s), 117.0 s waited
#   attempt 1 2026-09-24T16:05:26.822728+09:00 http 429 1413.7 ms gen gen_01M393QJ3YDFRNBX0F1K7D9BST retry-after 32.0 s then sleep 32.0 s
#   attempt 2 2026-09-24T16:06:00.235616+09:00 http 503 1903.5 ms gen gen_01M393RJF5H73TN9EMKQY6CBRE then sleep 2.0 s
#   attempt 3 2026-09-24T16:06:04.139634+09:00 http 503 1480.9 ms gen gen_01M393RP6ZN25XMRKGQ545DYXT then sleep 2.0 s
#   attempt 4 2026-09-24T16:06:07.620715+09:00 http 503 1500.9 ms gen gen_01M393RSKCJQ2H7X30VT3H4MBF then sleep 2.0 s
#   attempt 5 2026-09-24T16:06:11.121872+09:00 http 503 1812.3 ms gen gen_01M393RX6MJJZHSESPGS5C1PVD then sleep 2.0 s
#   attempt 6 2026-09-24T16:06:14.932549+09:00 http 503 1620.7 ms gen gen_01M393S0V3HJVT3A71RPAV4W0C then sleep 2.0 s
#   attempt 7 2026-09-24T16:06:18.553377+09:00 http 503 1508.2 ms gen gen_01M393S48M9KW16ABBZQ156N85 then sleep 2.0 s
#   attempt 8 2026-09-24T16:06:22.062049+09:00 http 503 1370.2 ms gen gen_01M393S7QMGTE21BZ23HFHDMCG then sleep 2.0 s
#   attempt 9 2026-09-24T16:06:25.432425+09:00 http 503 1456.7 ms gen gen_01M393SB42TP2RVBRJH5BSQWA6 then sleep 2.0 s
#   attempt 10 2026-09-24T16:06:28.889268+09:00 http 503 1412.9 ms gen gen_01M393SE93MMK0VJS50Z8Q0J25 then sleep 2.0 s
#   attempt 11 2026-09-24T16:06:32.302296+09:00 http 429 1047.5 ms gen gen_01M393SHQBK4564522S2QSZHFV retry-after 27.0 s then sleep 27.0 s
#   attempt 12 2026-09-24T16:07:00.348663+09:00 http 503 1775.6 ms gen gen_01M393TD62TQV9XWS9GFCY0BYN then sleep 2.0 s
#   attempt 13 2026-09-24T16:07:04.124429+09:00 http 503 1629.0 ms gen gen_01M393TGXZ4FZ1FQM0ZRNPNWT1 then sleep 2.0 s
#   attempt 14 2026-09-24T16:07:07.753586+09:00 http 503 1320.4 ms gen gen_01M393TM9NBBDZMX75PQP7F2P8 then sleep 2.0 s
#   attempt 15 2026-09-24T16:07:11.074187+09:00 http 503 1583.9 ms gen gen_01M393TQM1MXH6VT3WDP56B827 then sleep 2.0 s
#   attempt 16 2026-09-24T16:07:14.657430+09:00 http 503 1844.4 ms gen gen_01M393TVDHBSV8R2M54VJBYSMM then sleep 2.0 s
#   attempt 17 2026-09-24T16:07:18.502459+09:00 http 503 1644.9 ms gen gen_01M393TYZ4W4Z0V9XBRGTRWJXM then sleep 2.0 s
#   attempt 18 2026-09-24T16:07:22.147553+09:00 http 503 1717.6 ms gen gen_01M393V2J5050N2K33JCK1SPM8 then sleep 2.0 s
#   attempt 19 2026-09-24T16:07:25.865342+09:00 http 503 1679.5 ms gen gen_01M393V662VHS3ADKTN6A43ZW6 then sleep 2.0 s
#   attempt 20 2026-09-24T16:07:29.545013+09:00 http 503 1612.4 ms gen gen_01M393V9PVPVE93SPD82TH6VK6 then sleep 2.0 s
#   attempt 21 2026-09-24T16:07:33.157539+09:00 http 503 1805.6 ms gen gen_01M393VDCZ82VC96QY431EQV6W then sleep 2.0 s
#   attempt 22 2026-09-24T16:07:36.963323+09:00 http 503 1773.2 ms gen gen_01M393VH302VNQ8H2HDPX6VY83 then sleep 2.0 s
#   attempt 23 2026-09-24T16:07:40.736736+09:00 http 503 1570.9 ms gen gen_01M393VMKF0BRW893FDAZ1TD7K then sleep 2.0 s
#   attempt 24 2026-09-24T16:07:44.307762+09:00 http 503 1788.6 ms gen gen_01M393VR9HDCYA3V33PMH7R9BH then sleep 2.0 s
#   attempt 25 2026-09-24T16:07:48.095244+09:00 http 503 1498.5 ms gen gen_01M393VVP78JFB3RX60R1X0FJ6 then sleep 2.0 s
#   attempt 26 2026-09-24T16:07:51.593949+09:00 http 503 1564.5 ms gen gen_01M393VZ58SZAM0SA581M7FNQC then sleep 2.0 s
#   attempt 27 2026-09-24T16:07:55.158631+09:00 http 503 1389.1 ms gen gen_01M393W2JXSFQ913J728F3VT1B then sleep 2.0 s
#   attempt 28 2026-09-24T16:07:58.547942+09:00 http 503 1551.3 ms gen gen_01M393W5YF2S4NNC0EKT6ZNVSD then sleep 2.0 s
#   attempt 29 2026-09-24T16:08:02.099435+09:00 http 503 2460.5 ms gen gen_01M393W9K90K2DAYVS5TQ119HQ then sleep 2.0 s
#   attempt 30 2026-09-24T16:08:06.560194+09:00 http 503 1759.7 ms gen gen_01M393WDX1HNWXEF0QN4FP2436 then sleep 2.0 s
#   attempt 31 2026-09-24T16:08:10.320066+09:00 http 503 1798.5 ms gen gen_01M393WHP9JSQCG3RD34FRSN8Z then sleep 2.0 s
#   attempt 32 2026-09-24T16:08:14.118726+09:00 http 200 1997.2 ms gen gen_01M393WNBDRZ764V50JQT4948F
2026-09-24T16:09:15.982294+09:00 r2 L7.A.c2   7 200   1800.0   22203    116 0.00000000  (after 16 failed attempt(s): HTTP 503, HTTP 503, HTTP 503, HTTP 503, HTTP 503, HTTP 503, HTTP 503, HTTP 503, HTTP 503, HTTP 503, HTTP 503, HTTP 503, HTTP 503, HTTP 503, HTTP 503, HTTP 503)
#   request 58920 bytes sha256 171a32c7044ff803, 17 attempt(s), 32.0 s waited
#   attempt 1 2026-09-24T16:08:16.117655+09:00 http 503 1599.9 ms gen gen_01M393WQ549H305KMC470GZ9S8 then sleep 2.0 s
#   attempt 2 2026-09-24T16:08:19.717733+09:00 http 503 1566.4 ms gen gen_01M393WTMCBNJKC0T29KXCTEBV then sleep 2.0 s
#   attempt 3 2026-09-24T16:08:23.284345+09:00 http 503 1638.2 ms gen gen_01M393WY735GCDFP852FX5MGH4 then sleep 2.0 s
#   attempt 4 2026-09-24T16:08:26.922795+09:00 http 503 1878.6 ms gen gen_01M393X1T257KM9Z3V1JDYE201 then sleep 2.0 s
#   attempt 5 2026-09-24T16:08:30.801566+09:00 http 503 1618.7 ms gen gen_01M393X5G7FGMFE9KXB48TXQ3X then sleep 2.0 s
#   attempt 6 2026-09-24T16:08:34.420482+09:00 http 503 1875.9 ms gen gen_01M393X9AWGXB4KNZSA0WCC314 then sleep 2.0 s
#   attempt 7 2026-09-24T16:08:38.296571+09:00 http 503 1597.2 ms gen gen_01M393XCSJTS9GH1SA6SKJ6HPH then sleep 2.0 s
#   attempt 8 2026-09-24T16:08:41.894018+09:00 http 503 1696.5 ms gen gen_01M393XGE9S5RBPZB3T6TY2TAK then sleep 2.0 s
#   attempt 9 2026-09-24T16:08:45.589596+09:00 http 503 1435.9 ms gen gen_01M393XKZGDPTPMJ6JTMD3C65C then sleep 2.0 s
#   attempt 10 2026-09-24T16:08:49.025699+09:00 http 503 1763.4 ms gen gen_01M393XQFG5XJGCQR4Z9JFX3VX then sleep 2.0 s
#   attempt 11 2026-09-24T16:08:52.789286+09:00 http 503 1519.6 ms gen gen_01M393XV1Z6VST6TQW1XJG1CJE then sleep 2.0 s
#   attempt 12 2026-09-24T16:08:56.309076+09:00 http 503 1620.5 ms gen gen_01M393XYEFPZ2Z5EKTMA7BK5G9 then sleep 2.0 s
#   attempt 13 2026-09-24T16:08:59.929759+09:00 http 503 1471.8 ms gen gen_01M393Y1ZYHW65EDW289NHKBG0 then sleep 2.0 s
#   attempt 14 2026-09-24T16:09:03.401734+09:00 http 503 1820.6 ms gen gen_01M393Y5CMRMZ9SR5RA1R4KTF9 then sleep 2.0 s
#   attempt 15 2026-09-24T16:09:07.222628+09:00 http 503 1306.6 ms gen gen_01M393Y8Y3Q4SB7P7BJ2VSNEQ0 then sleep 2.0 s
#   attempt 16 2026-09-24T16:09:10.529406+09:00 http 503 1659.6 ms gen gen_01M393YCBVVX84D4444W17KT8F then sleep 2.0 s
#   attempt 17 2026-09-24T16:09:14.189212+09:00 http 200 1800.0 ms gen gen_01M393YG1XXPPE2T9636QAVAMG
2026-09-24T16:09:17.798098+09:00 r2 L7.A.c3   3 200   1815.1   19749     52 0.00000000
2026-09-24T16:09:52.062783+09:00 r2 L7.B.c0  11 200   1588.0   17768    181 0.00000000  (after 9 failed attempt(s): HTTP 503, HTTP 503, HTTP 503, HTTP 503, HTTP 503, HTTP 503, HTTP 503, HTTP 503, HTTP 503)
#   request 59515 bytes sha256 8db167ce996c12a5, 10 attempt(s), 18.0 s waited
#   attempt 1 2026-09-24T16:09:17.802953+09:00 http 503 1479.0 ms gen gen_01M393YKF9702TRTRYHSW3VRRA then sleep 2.0 s
#   attempt 2 2026-09-24T16:09:21.282155+09:00 http 503 1728.2 ms gen gen_01M393YPXF308HC9XFFQGQ75M0 then sleep 2.0 s
#   attempt 3 2026-09-24T16:09:25.010501+09:00 http 503 1513.3 ms gen gen_01M393YTHTWVR9B3WQHEXV18RF then sleep 2.0 s
#   attempt 4 2026-09-24T16:09:28.523964+09:00 http 503 1498.3 ms gen gen_01M393YXYNJ0KYB3NR7PBEVAG9 then sleep 2.0 s
#   attempt 5 2026-09-24T16:09:32.022488+09:00 http 503 1706.4 ms gen gen_01M393Z1EA7MMPQWPKN5NCDCNC then sleep 2.0 s
#   attempt 6 2026-09-24T16:09:35.729106+09:00 http 503 1634.6 ms gen gen_01M393Z4Z50C2Z7GZ6VDHTYS4Y then sleep 2.0 s
#   attempt 7 2026-09-24T16:09:39.363834+09:00 http 503 1660.7 ms gen gen_01M393Z8HKW8Y9QA224MZ011MT then sleep 2.0 s
#   attempt 8 2026-09-24T16:09:43.024712+09:00 http 503 1642.6 ms gen gen_01M393ZC2B5AGP6BA06XQGAJ8W then sleep 2.0 s
#   attempt 9 2026-09-24T16:09:46.671833+09:00 http 503 1802.7 ms gen gen_01M393ZFSPZSNRW6K299379TS0 then sleep 2.0 s
#   attempt 10 2026-09-24T16:09:50.474735+09:00 http 200 1588.0 ms gen gen_01M393ZKA2PB8GQMD17FQ8AD99
2026-09-24T16:11:08.923328+09:00 r2 L7.B.c1  11 200   1826.9   17788    181 0.00000000  (after 21 failed attempt(s): HTTP 503, HTTP 503, HTTP 503, HTTP 503, HTTP 503, HTTP 503, HTTP 503, HTTP 503, HTTP 503, HTTP 503, HTTP 503, HTTP 503, HTTP 503, HTTP 503, HTTP 503, HTTP 503, HTTP 503, HTTP 503, HTTP 503, HTTP 503, HTTP 503)
#   request 59531 bytes sha256 64467d12cd478317, 22 attempt(s), 42.0 s waited
#   attempt 1 2026-09-24T16:09:52.063479+09:00 http 503 1584.5 ms gen gen_01M393ZMZV4XKJ0YT3F2XXH0K2 then sleep 2.0 s
#   attempt 2 2026-09-24T16:09:55.648159+09:00 http 503 1671.9 ms gen gen_01M393ZRDKHBHEM0WCJ8V9XP52 then sleep 2.0 s
#   attempt 3 2026-09-24T16:09:59.320250+09:00 http 503 1647.7 ms gen gen_01M393ZW0F7NSCY8MH2W35X0GN then sleep 2.0 s
#   attempt 4 2026-09-24T16:10:02.968100+09:00 http 503 1253.5 ms gen gen_01M393ZZFMR62A8HSQG4YS6FVS then sleep 2.0 s
#   attempt 5 2026-09-24T16:10:06.221771+09:00 http 503 1579.1 ms gen gen_01M39402TFVFDN941Z63Z698JJ then sleep 2.0 s
#   attempt 6 2026-09-24T16:10:09.801022+09:00 http 503 1789.1 ms gen gen_01M39406C09EYQHQA2X669ZA8H then sleep 2.0 s
#   attempt 7 2026-09-24T16:10:13.590304+09:00 http 503 1497.7 ms gen gen_01M39409S9BPYT0V3HJKH2TVZX then sleep 2.0 s
#   attempt 8 2026-09-24T16:10:17.086850+09:00 http 503 1676.4 ms gen gen_01M3940DBYN73PATZW6X234M6C then sleep 2.0 s
#   attempt 9 2026-09-24T16:10:20.763410+09:00 http 503 1576.3 ms gen gen_01M3940GWKE1564A5T2CZ4DC7Y then sleep 2.0 s
#   attempt 10 2026-09-24T16:10:24.339909+09:00 http 503 1766.5 ms gen gen_01M3940MH9Z22CKFD373XG418E then sleep 2.0 s
#   attempt 11 2026-09-24T16:10:28.106652+09:00 http 503 1753.1 ms gen gen_01M3940R6P733V1AYRVB61YH6K then sleep 2.0 s
#   attempt 12 2026-09-24T16:10:31.859951+09:00 http 503 1640.2 ms gen gen_01M3940VQMH46H8R3XQH2KWAJF then sleep 2.0 s
#   attempt 13 2026-09-24T16:10:35.500331+09:00 http 503 1419.9 ms gen gen_01M3940Z4Z0Y4J0VTXWTK9VBQH then sleep 2.0 s
#   attempt 14 2026-09-24T16:10:38.920402+09:00 http 503 1565.0 ms gen gen_01M39412JQKWJRMJ3F4NBS22TN then sleep 2.0 s
#   attempt 15 2026-09-24T16:10:42.485608+09:00 http 503 1528.1 ms gen gen_01M394161HW2MY4RW6QRBSH3SR then sleep 2.0 s
#   attempt 16 2026-09-24T16:10:46.012798+09:00 http 503 1702.5 ms gen gen_01M39419RFK4CKQ7FFXG8YSXCA then sleep 2.0 s
#   attempt 17 2026-09-24T16:10:49.715510+09:00 http 503 1434.5 ms gen gen_01M3941D1RQSYDBD48A7X4QP3V then sleep 2.0 s
#   attempt 18 2026-09-24T16:10:53.150144+09:00 http 503 1456.1 ms gen gen_01M3941GBS70YMYSG6WWEDC0E2 then sleep 2.0 s
#   attempt 19 2026-09-24T16:10:56.606448+09:00 http 503 1626.9 ms gen gen_01M3941KYJX6RGQYMSMWZRE9RD then sleep 2.0 s
#   attempt 20 2026-09-24T16:11:00.233575+09:00 http 503 1393.4 ms gen gen_01M3941QDDQ7HBRXK7F56HSDJV then sleep 2.0 s
#   attempt 21 2026-09-24T16:11:03.627214+09:00 http 503 1468.9 ms gen gen_01M3941TKW3SN6WCSV58SQE8CB then sleep 2.0 s
#   attempt 22 2026-09-24T16:11:07.096301+09:00 http 200 1826.9 ms gen gen_01M3941Y509SQBNA26TNSH5XFC
2026-09-24T16:14:08.171456+09:00 r2 L7.B.c2  11 200   1758.4   17504    182 0.00000000  (after 38 failed attempt(s): HTTP 503, HTTP 503, HTTP 429, HTTP 503, HTTP 503, HTTP 503, HTTP 503, HTTP 503, HTTP 503, HTTP 503, HTTP 503, HTTP 503, HTTP 503, HTTP 503, HTTP 503, HTTP 503, HTTP 503, HTTP 503, HTTP 503, HTTP 503, HTTP 503, HTTP 503, HTTP 503, HTTP 503, HTTP 503, HTTP 503, HTTP 503, HTTP 503, HTTP 503, HTTP 503, HTTP 503, HTTP 503, HTTP 503, HTTP 503, HTTP 503, HTTP 503, HTTP 503, HTTP 503)
#   request 58798 bytes sha256 91fb23a8209ebad2, 39 attempt(s), 117.0 s waited
#   attempt 1 2026-09-24T16:11:08.924775+09:00 http 503 1654.1 ms gen gen_01M3941ZZJP19XT3MFDBG23X5M then sleep 2.0 s
#   attempt 2 2026-09-24T16:11:12.579022+09:00 http 503 1360.4 ms gen gen_01M39423ETGCXCJJRGYG7Q8YNQ then sleep 2.0 s
#   attempt 3 2026-09-24T16:11:15.938134+09:00 http 429 884.0 ms gen gen_01M39426HEYZFQ13DFPV5B20E0 retry-after 43.0 s then sleep 43.0 s
#   attempt 4 2026-09-24T16:11:59.821054+09:00 http 503 1651.5 ms gen gen_01M3943HSZTYZ8E1GQ7YP629YQ then sleep 2.0 s
#   attempt 5 2026-09-24T16:12:03.472760+09:00 http 503 1512.6 ms gen gen_01M3943N4N35QSA2T0ZPDCM2GM then sleep 2.0 s
#   attempt 6 2026-09-24T16:12:06.985524+09:00 http 503 1620.9 ms gen gen_01M3943RMRK41W7M6BKZ7Y4TCR then sleep 2.0 s
#   attempt 7 2026-09-24T16:12:10.606663+09:00 http 503 1477.5 ms gen gen_01M3943W2125S0QWF91TB005BF then sleep 2.0 s
#   attempt 8 2026-09-24T16:12:14.084392+09:00 http 503 1794.1 ms gen gen_01M3943ZQPF44WXC9FJQ8AJQ93 then sleep 2.0 s
#   attempt 9 2026-09-24T16:12:17.876555+09:00 http 503 1449.4 ms gen gen_01M39443DGCG4D8YPVKNGVYXMX then sleep 2.0 s
#   attempt 10 2026-09-24T16:12:21.326156+09:00 http 503 1566.8 ms gen gen_01M39446MT8GB1QD2XKK7XDCX0 then sleep 2.0 s
#   attempt 11 2026-09-24T16:12:24.893104+09:00 http 503 1656.5 ms gen gen_01M3944A5K6EQEZDV8YCMZXD4G then sleep 2.0 s
#   attempt 12 2026-09-24T16:12:28.549757+09:00 http 503 1406.7 ms gen gen_01M3944DGBEJ0SRXE1BS0MD7D3 then sleep 2.0 s
#   attempt 13 2026-09-24T16:12:31.956648+09:00 http 503 1426.3 ms gen gen_01M3944GWMBXT8TT139XF8PK77 then sleep 2.0 s
#   attempt 14 2026-09-24T16:12:35.383133+09:00 http 503 1562.1 ms gen gen_01M3944MAWE53B360A6C84GPPR then sleep 2.0 s
#   attempt 15 2026-09-24T16:12:38.945406+09:00 http 503 1529.0 ms gen gen_01M3944QS4D625YENPZH8Z7B5V then sleep 2.0 s
#   attempt 16 2026-09-24T16:12:42.474599+09:00 http 503 1783.4 ms gen gen_01M3944VEP17GH6GPKK2NTZXJG then sleep 2.0 s
#   attempt 17 2026-09-24T16:12:46.257357+09:00 http 503 1790.0 ms gen gen_01M3944Z57A92H2ETSDN3HY96T then sleep 2.0 s
#   attempt 18 2026-09-24T16:12:50.047541+09:00 http 503 1496.1 ms gen gen_01M39452MEJG5HSPP6JDM6ZJX6 then sleep 2.0 s
#   attempt 19 2026-09-24T16:12:53.543834+09:00 http 503 1392.7 ms gen gen_01M39455Y1D256Z3CJGKQ4APNY then sleep 2.0 s
#   attempt 20 2026-09-24T16:12:56.936746+09:00 http 503 1481.0 ms gen gen_01M394599BCSZX7YY5YK60ZEDW then sleep 2.0 s
#   attempt 21 2026-09-24T16:13:00.417950+09:00 http 503 1762.1 ms gen gen_01M3945CYGF52QR9RAQY9S7SFC then sleep 2.0 s
#   attempt 22 2026-09-24T16:13:04.180260+09:00 http 503 1477.9 ms gen gen_01M3945GD0QTPHMQSGT6TF7KPY then sleep 2.0 s
#   attempt 23 2026-09-24T16:13:07.658308+09:00 http 503 1868.2 ms gen gen_01M3945KQC0YNHP2WY4D41KT1M then sleep 2.0 s
#   attempt 24 2026-09-24T16:13:11.526729+09:00 http 503 1580.1 ms gen gen_01M3945QKQJ2K9KBW5KH4WFJN3 then sleep 2.0 s
#   attempt 25 2026-09-24T16:13:15.105725+09:00 http 503 1602.9 ms gen gen_01M3945V5K8RMXNYDVRAQXAQQ0 then sleep 2.0 s
#   attempt 26 2026-09-24T16:13:18.708869+09:00 http 503 1430.1 ms gen gen_01M3945YGHVF2QKWF938JPB9JW then sleep 2.0 s
#   attempt 27 2026-09-24T16:13:22.139197+09:00 http 503 1755.1 ms gen gen_01M39461ZCSWX1CVP1MFZW7CC1 then sleep 2.0 s
#   attempt 28 2026-09-24T16:13:25.894484+09:00 http 503 1711.4 ms gen gen_01M39465RYV3P650KN9RAW34J6 then sleep 2.0 s
#   attempt 29 2026-09-24T16:13:29.606160+09:00 http 503 1724.6 ms gen gen_01M39469DWR35B2ZRC4Z0K2VS9 then sleep 2.0 s
#   attempt 30 2026-09-24T16:13:33.330920+09:00 http 503 1554.0 ms gen gen_01M3946CXAP9XZW07BA99M0T9E then sleep 2.0 s
#   attempt 31 2026-09-24T16:13:36.885118+09:00 http 503 1921.2 ms gen gen_01M3946GDDGB258HVEJ4RGX2T4 then sleep 2.0 s
#   attempt 32 2026-09-24T16:13:40.806516+09:00 http 503 1342.7 ms gen gen_01M3946M2B8X40CFXQNCR06CA9 then sleep 2.0 s
#   attempt 33 2026-09-24T16:13:44.149402+09:00 http 503 1734.3 ms gen gen_01M3946QNVYQB39AN50CCCKDEC then sleep 2.0 s
#   attempt 34 2026-09-24T16:13:47.882358+09:00 http 503 1716.5 ms gen gen_01M3946V8PBM6K9QK9XYQBP7P4 then sleep 2.0 s
#   attempt 35 2026-09-24T16:13:51.599079+09:00 http 503 1659.0 ms gen gen_01M3946YV1SNV6DEV59HRH0VHS then sleep 2.0 s
#   attempt 36 2026-09-24T16:13:55.258255+09:00 http 503 1668.0 ms gen gen_01M39472FA88EEA0WSDQKFCZRY then sleep 2.0 s
#   attempt 37 2026-09-24T16:13:58.926443+09:00 http 503 1732.5 ms gen gen_01M394761NVQ6QGQYDZS3S0706 then sleep 2.0 s
#   attempt 38 2026-09-24T16:14:02.659121+09:00 http 503 1753.6 ms gen gen_01M39479RRA97745HCG6YRRNNC then sleep 2.0 s
#   attempt 39 2026-09-24T16:14:06.412898+09:00 http 200 1758.4 ms gen gen_01M3947D7G5R96Z7WJV0W5RFYN
2026-09-24T16:16:12.277830+09:00 r2 L7.B.c3  12 200   2020.2   17545    198 0.00000000  (after 29 failed attempt(s): HTTP 503, HTTP 503, HTTP 503, HTTP 503, HTTP 503, HTTP 503, HTTP 503, HTTP 503, HTTP 503, HTTP 429, HTTP 503, HTTP 503, HTTP 503, HTTP 503, HTTP 503, HTTP 503, HTTP 503, HTTP 503, HTTP 503, HTTP 503, HTTP 503, HTTP 503, HTTP 503, HTTP 503, HTTP 503, HTTP 503, HTTP 503, HTTP 503, HTTP 503)
#   request 59616 bytes sha256 94cd5a84fc0c9d29, 30 attempt(s), 75.0 s waited
#   attempt 1 2026-09-24T16:14:08.172358+09:00 http 503 1720.8 ms gen gen_01M3947F6HXZETBJQ1EHZ5G5NX then sleep 2.0 s
#   attempt 2 2026-09-24T16:14:11.893610+09:00 http 503 1324.0 ms gen gen_01M3947JH9A60CR5V91W7MTQ45 then sleep 2.0 s
#   attempt 3 2026-09-24T16:14:15.216496+09:00 http 503 1595.2 ms gen gen_01M3947NVD3NTEEZXPNFR6RDT7 then sleep 2.0 s
#   attempt 4 2026-09-24T16:14:18.811953+09:00 http 503 1582.1 ms gen gen_01M3947SBYQ5ECC2V61EQYE5SS then sleep 2.0 s
#   attempt 5 2026-09-24T16:14:22.394232+09:00 http 503 1758.9 ms gen gen_01M3947WZT0GHD14ZZPFQASAJR then sleep 2.0 s
#   attempt 6 2026-09-24T16:14:26.153263+09:00 http 503 1644.5 ms gen gen_01M39480KPKR95HS8X8KJ30V5D then sleep 2.0 s
#   attempt 7 2026-09-24T16:14:29.797978+09:00 http 503 1506.6 ms gen gen_01M3948413Y8T39MRAG62HQWT6 then sleep 2.0 s
#   attempt 8 2026-09-24T16:14:33.304704+09:00 http 503 1740.3 ms gen gen_01M39487N6M0THM6WE615CQMM6 then sleep 2.0 s
#   attempt 9 2026-09-24T16:14:37.045140+09:00 http 503 1292.8 ms gen gen_01M3948B58EPKDBFAK9N8ZR4JT then sleep 2.0 s
#   attempt 10 2026-09-24T16:14:40.338093+09:00 http 429 1235.2 ms gen gen_01M3948EF6W0BEJQTCC09A0MCT retry-after 19.0 s then sleep 19.0 s
#   attempt 11 2026-09-24T16:15:00.572148+09:00 http 503 1643.2 ms gen gen_01M394926DHVRS1PV5Y5J3GT8Y then sleep 2.0 s
#   attempt 12 2026-09-24T16:15:04.215530+09:00 http 503 2019.6 ms gen gen_01M39495W5H2DK6Q7GC4K0GF99 then sleep 2.0 s
#   attempt 13 2026-09-24T16:15:08.235360+09:00 http 503 1574.2 ms gen gen_01M39499KGRNZGNC2MMBZSQQP0 then sleep 2.0 s
#   attempt 14 2026-09-24T16:15:11.809754+09:00 http 503 1854.5 ms gen gen_01M3949D2R3DHATEKJNH2A0434 then sleep 2.0 s
#   attempt 15 2026-09-24T16:15:15.661729+09:00 http 503 1675.1 ms gen gen_01M3949GZVFETF5JE9T0YT0753 then sleep 2.0 s
#   attempt 16 2026-09-24T16:15:19.337035+09:00 http 503 1457.1 ms gen gen_01M3949MA3BWNNRJJRZXXVTJS0 then sleep 2.0 s
#   attempt 17 2026-09-24T16:15:22.794299+09:00 http 503 1547.0 ms gen gen_01M3949QVFSN8PF4VHKGK1JMGQ then sleep 2.0 s
#   attempt 18 2026-09-24T16:15:26.341443+09:00 http 503 1975.6 ms gen gen_01M3949VFKDNR6NVP365Z7FW6S then sleep 2.0 s
#   attempt 19 2026-09-24T16:15:30.317271+09:00 http 503 1681.5 ms gen gen_01M3949Z974SF687T4DZV2R0PW then sleep 2.0 s
#   attempt 20 2026-09-24T16:15:33.998889+09:00 http 503 1811.7 ms gen gen_01M394A30YK91NQVFQZ5N9E7M6 then sleep 2.0 s
#   attempt 21 2026-09-24T16:15:37.810786+09:00 http 503 1597.6 ms gen gen_01M394A6MYK80YSSCR5ASN0GEX then sleep 2.0 s
#   attempt 22 2026-09-24T16:15:41.408527+09:00 http 503 1277.9 ms gen gen_01M394A9WBBGRQGXACB2B5SRX4 then sleep 2.0 s
#   attempt 23 2026-09-24T16:15:44.686928+09:00 http 503 1397.9 ms gen gen_01M394AD2AET3TE5WR5PMSPSNX then sleep 2.0 s
#   attempt 24 2026-09-24T16:15:48.084981+09:00 http 503 1600.7 ms gen gen_01M394AGGNBMZZ8W9D5H7QA4HM then sleep 2.0 s
#   attempt 25 2026-09-24T16:15:51.685920+09:00 http 503 1692.3 ms gen gen_01M394AM48TP7KXSK1XRKKYMB2 then sleep 2.0 s
#   attempt 26 2026-09-24T16:15:55.378369+09:00 http 503 1664.3 ms gen gen_01M394AQS3JXRG9NC8ZGAHRAC5 then sleep 2.0 s
#   attempt 27 2026-09-24T16:15:59.042940+09:00 http 503 1931.1 ms gen gen_01M394AVNQJ1TKGZJW8AG1NTXP then sleep 2.0 s
#   attempt 28 2026-09-24T16:16:02.974162+09:00 http 503 1691.9 ms gen gen_01M394AZ6EN6VQJA17NHR5M4H7 then sleep 2.0 s
#   attempt 29 2026-09-24T16:16:06.666253+09:00 http 503 1591.1 ms gen gen_01M394B2VHJ0Q3BXAV423MQA2Y then sleep 2.0 s
#   attempt 30 2026-09-24T16:16:10.257558+09:00 http 200 2020.2 ms gen gen_01M394B67A939WHH9VSW0V61J7
2026-09-24T16:16:20.308474+09:00 r2 L7.B.c4   3 200   1616.2   10372     54 0.00000000  (after 2 failed attempt(s): HTTP 503, HTTP 503)
#   request 31563 bytes sha256 4e077f52bd17fdfa, 3 attempt(s), 4.0 s waited
#   attempt 1 2026-09-24T16:16:12.278959+09:00 http 503 1169.6 ms gen gen_01M394B81A95G2BJ1N3ACW29M7 then sleep 2.0 s
#   attempt 2 2026-09-24T16:16:15.447213+09:00 http 503 1244.8 ms gen gen_01M394BB38NWJVDC81S1DEWH4B then sleep 2.0 s
#   attempt 3 2026-09-24T16:16:18.692187+09:00 http 200 1616.2 ms gen gen_01M394BEG8QN4CHVT59EK0ZCM7
2026-09-24T16:20:09.521234+09:00 r2 L8.A.step1   8 200   1719.7   21918    259 0.00000000  (after 32 failed attempt(s): HTTP 503, HTTP 503, HTTP 503, HTTP 503, HTTP 503, HTTP 503, HTTP 429, HTTP 503, HTTP 503, HTTP 503, HTTP 503, HTTP 503, HTTP 429, HTTP 503, HTTP 503, HTTP 503, HTTP 503, HTTP 503, HTTP 503, HTTP 503, HTTP 503, HTTP 503, HTTP 503, HTTP 503, HTTP 503, HTTP 503, HTTP 429, HTTP 503, HTTP 503, HTTP 429, HTTP 503, HTTP 503)
#   request 57301 bytes sha256 55335666718f3c72, 33 attempt(s), 174.0 s waited
#   attempt 1 2026-09-24T16:16:20.311720+09:00 http 503 2085.4 ms gen gen_01M394BG6KX0X14SCYHGQEVHYK then sleep 2.0 s
#   attempt 2 2026-09-24T16:16:24.397337+09:00 http 503 1636.1 ms gen gen_01M394BM1SJXNYGCQZ4X4B73JG then sleep 2.0 s
#   attempt 3 2026-09-24T16:16:28.033641+09:00 http 503 1943.5 ms gen gen_01M394BQX5J3K6B8YYBZ3GSRTR then sleep 2.0 s
#   attempt 4 2026-09-24T16:16:31.977327+09:00 http 503 1635.7 ms gen gen_01M394BVEF8SSDA3QYRRDGA36S then sleep 2.0 s
#   attempt 5 2026-09-24T16:16:35.613224+09:00 http 503 1649.0 ms gen gen_01M394BZ0Z9WVFS2X99NGSPM5B then sleep 2.0 s
#   attempt 6 2026-09-24T16:16:39.262438+09:00 http 503 1734.1 ms gen gen_01M394C2N7QV94Q9WE46282ACE then sleep 2.0 s
#   attempt 7 2026-09-24T16:16:42.996714+09:00 http 429 1213.7 ms gen gen_01M394C677670FG9Q4WF4Q3GHP retry-after 16.0 s then sleep 16.0 s
#   attempt 8 2026-09-24T16:17:00.209327+09:00 http 503 1891.5 ms gen gen_01M394CQ7VRX2VKFKNES5TV4AE then sleep 2.0 s
#   attempt 9 2026-09-24T16:17:04.101034+09:00 http 503 1777.2 ms gen gen_01M394CTZ09CRCSV92ASJ8V658 then sleep 2.0 s
#   attempt 10 2026-09-24T16:17:07.878494+09:00 http 503 1802.4 ms gen gen_01M394CYPBZ5RS8ZV0RJJ1CR03 then sleep 2.0 s
#   attempt 11 2026-09-24T16:17:11.681058+09:00 http 503 1597.2 ms gen gen_01M394D25JT4R9MZ5JX6ZEMW6H then sleep 2.0 s
#   attempt 12 2026-09-24T16:17:15.277168+09:00 http 503 1734.9 ms gen gen_01M394D5V929TBTFWA1QACEYR6 then sleep 2.0 s
#   attempt 13 2026-09-24T16:17:19.012270+09:00 http 429 1103.4 ms gen gen_01M394D9B819PJ9MB9958CB7P8 retry-after 40.0 s then sleep 40.0 s
#   attempt 14 2026-09-24T16:18:00.114586+09:00 http 503 1857.3 ms gen gen_01M394EHQFTBW0TERH28WZA3Z9 then sleep 2.0 s
#   attempt 15 2026-09-24T16:18:03.972047+09:00 http 503 1785.8 ms gen gen_01M394ENDRHCE8CC2VT6P0FXA0 then sleep 2.0 s
#   attempt 16 2026-09-24T16:18:07.758068+09:00 http 503 1513.3 ms gen gen_01M394ERVEX29QPMXTE6G33KYG then sleep 2.0 s
#   attempt 17 2026-09-24T16:18:11.271563+09:00 http 503 1753.3 ms gen gen_01M394EWBT93Q51R7RDD7A4J28 then sleep 2.0 s
#   attempt 18 2026-09-24T16:18:15.023820+09:00 http 503 1774.4 ms gen gen_01M394F084FDEST1WA89Y9DEPN then sleep 2.0 s
#   attempt 19 2026-09-24T16:18:18.798334+09:00 http 503 1771.9 ms gen gen_01M394F3X983SZY9E6BYVQSPDY then sleep 2.0 s
#   attempt 20 2026-09-24T16:18:22.570395+09:00 http 503 1816.1 ms gen gen_01M394F7KDTZ6VDG43MNGYQ0VZ then sleep 2.0 s
#   attempt 21 2026-09-24T16:18:26.386681+09:00 http 503 1785.0 ms gen gen_01M394FBA9CTQ7A2YX0SB20J3A then sleep 2.0 s
#   attempt 22 2026-09-24T16:18:30.171852+09:00 http 503 1416.3 ms gen gen_01M394FET5ZFDHGNFS7XMQGBAT then sleep 2.0 s
#   attempt 23 2026-09-24T16:18:33.588339+09:00 http 503 1869.6 ms gen gen_01M394FJ5S1KQNKN4WXMPR9QTE then sleep 2.0 s
#   attempt 24 2026-09-24T16:18:37.458146+09:00 http 503 1443.4 ms gen gen_01M394FNX1NJQ2M7BWNKQREWCR then sleep 2.0 s
#   attempt 25 2026-09-24T16:18:40.901803+09:00 http 503 1741.8 ms gen gen_01M394FSEHY1HY9CK4M1FQRPGY then sleep 2.0 s
#   attempt 26 2026-09-24T16:18:44.642689+09:00 http 503 1584.9 ms gen gen_01M394FWY9RZ8FG65BW952SEEH then sleep 2.0 s
#   attempt 27 2026-09-24T16:18:48.227802+09:00 http 429 1411.4 ms gen gen_01M394G0PSC1ZQ4RPVPHA5ZMFD retry-after 11.0 s then sleep 11.0 s
#   attempt 28 2026-09-24T16:19:00.639485+09:00 http 503 1958.9 ms gen gen_01M394GCQX9CBC3NB63B4JNPW9 then sleep 2.0 s
#   attempt 29 2026-09-24T16:19:04.598677+09:00 http 503 1633.5 ms gen gen_01M394GGMWB0EZYZVKP0962491 then sleep 2.0 s
#   attempt 30 2026-09-24T16:19:08.232436+09:00 http 429 1147.6 ms gen gen_01M394GM0G8KR7067CVAS4DPPF retry-after 51.0 s then sleep 51.0 s
#   attempt 31 2026-09-24T16:20:00.377754+09:00 http 503 1562.4 ms gen gen_01M394J72KDYQTS5AXCKDNAK0R then sleep 2.0 s
#   attempt 32 2026-09-24T16:20:03.940341+09:00 http 503 1860.9 ms gen gen_01M394JANE23YH3MC1CRN86STP then sleep 2.0 s
#   attempt 33 2026-09-24T16:20:07.801403+09:00 http 200 1719.7 ms gen gen_01M394JE4FXSS1HE3SRMGZX7Y8
2026-09-24T16:22:27.297219+09:00 r2 L8.A.step2   8 200   1545.6   22974    283 0.00000000  (after 25 failed attempt(s): HTTP 503, HTTP 503, HTTP 503, HTTP 503, HTTP 503, HTTP 503, HTTP 503, HTTP 503, HTTP 503, HTTP 503, HTTP 503, HTTP 503, HTTP 503, HTTP 503, HTTP 503, HTTP 503, HTTP 503, HTTP 429, HTTP 503, HTTP 503, HTTP 503, HTTP 503, HTTP 503, HTTP 503, HTTP 503)
#   request 62293 bytes sha256 b1aa99d1370bc97b, 26 attempt(s), 94.0 s waited
#   attempt 1 2026-09-24T16:20:09.522554+09:00 http 503 1819.1 ms gen gen_01M394JG285YDPD6YAAE3Z4RVD then sleep 2.0 s
#   attempt 2 2026-09-24T16:20:13.341818+09:00 http 503 1637.0 ms gen gen_01M394JKNA706ZBH9D1AYPYRZ6 then sleep 2.0 s
#   attempt 3 2026-09-24T16:20:16.977480+09:00 http 503 1767.3 ms gen gen_01M394JQA2P85QNDP7TVB2H886 then sleep 2.0 s
#   attempt 4 2026-09-24T16:20:20.744950+09:00 http 503 1750.6 ms gen gen_01M394JV001WZ9Z4J5QZPZCT94 then sleep 2.0 s
#   attempt 5 2026-09-24T16:20:24.495730+09:00 http 503 1898.7 ms gen gen_01M394JYF05ME2RQZAYHYNEKJP then sleep 2.0 s
#   attempt 6 2026-09-24T16:20:28.395016+09:00 http 503 1846.7 ms gen gen_01M394K2FHXYJGTG6N2S1W8R9X then sleep 2.0 s
#   attempt 7 2026-09-24T16:20:32.241947+09:00 http 503 1810.1 ms gen gen_01M394K67W2MP1R291DTPJ9QN3 then sleep 2.0 s
#   attempt 8 2026-09-24T16:20:36.052236+09:00 http 503 1801.5 ms gen gen_01M394K9Z4S0QSYWX98XR9Y8YT then sleep 2.0 s
#   attempt 9 2026-09-24T16:20:39.853882+09:00 http 503 1805.8 ms gen gen_01M394KDP23WP3AKQY2DXCXG07 then sleep 2.0 s
#   attempt 10 2026-09-24T16:20:43.659861+09:00 http 503 1819.9 ms gen gen_01M394KHDKMY2FDAYZHX93BGWK then sleep 2.0 s
#   attempt 11 2026-09-24T16:20:47.478617+09:00 http 503 1575.0 ms gen gen_01M394KMYBPNRHFBXSDEAWE0SP then sleep 2.0 s
#   attempt 12 2026-09-24T16:20:51.053820+09:00 http 503 1521.3 ms gen gen_01M394KRAGRP7ST71RPFZT3RA0 then sleep 2.0 s
#   attempt 13 2026-09-24T16:20:54.575265+09:00 http 503 1771.4 ms gen gen_01M394KW1EJGZ6TA50JD6G6D82 then sleep 2.0 s
#   attempt 14 2026-09-24T16:20:58.346895+09:00 http 503 1606.1 ms gen gen_01M394KZGSR1EM5ECCEV2G69SZ then sleep 2.0 s
#   attempt 15 2026-09-24T16:21:01.953163+09:00 http 503 1707.1 ms gen gen_01M394M35BP6KSHG2KEEHEY58N then sleep 2.0 s
#   attempt 16 2026-09-24T16:21:05.660467+09:00 http 503 1757.7 ms gen gen_01M394M6W37D039NT52MCYPCJP then sleep 2.0 s
#   attempt 17 2026-09-24T16:21:09.418313+09:00 http 503 2106.5 ms gen gen_01M394MADREM0QNT4XE6THHFJQ then sleep 2.0 s
#   attempt 18 2026-09-24T16:21:13.524950+09:00 http 429 1176.3 ms gen gen_01M394MEC6NYGF8AZCMAB7Z49G retry-after 46.0 s then sleep 46.0 s
#   attempt 19 2026-09-24T16:22:00.699250+09:00 http 503 1428.1 ms gen gen_01M394NW8G043Y4STP0KV3RB3W then sleep 2.0 s
#   attempt 20 2026-09-24T16:22:04.127730+09:00 http 503 1575.6 ms gen gen_01M394NZQKPX8E7H3NDH8P9Z7P then sleep 2.0 s
#   attempt 21 2026-09-24T16:22:07.703480+09:00 http 503 1656.8 ms gen gen_01M394P3C801C0P10CCYEJ9J1M then sleep 2.0 s
#   attempt 22 2026-09-24T16:22:11.360442+09:00 http 503 1455.4 ms gen gen_01M394P6QW3413K4GVW6SWNWV9 then sleep 2.0 s
#   attempt 23 2026-09-24T16:22:14.814912+09:00 http 503 2041.2 ms gen gen_01M394PA27GSPEEJFASBS9C8GY then sleep 2.0 s
#   attempt 24 2026-09-24T16:22:18.856293+09:00 http 503 1380.4 ms gen gen_01M394PE3HSJQFEC8GQ3A98HQ6 then sleep 2.0 s
#   attempt 25 2026-09-24T16:22:22.236865+09:00 http 503 1514.5 ms gen gen_01M394PHBY1DY9DGXJFV1JHW9X then sleep 2.0 s
#   attempt 26 2026-09-24T16:22:25.751558+09:00 http 200 1545.6 ms gen gen_01M394PMPDSK2TQSCWZHY56RNJ
2026-09-24T16:22:41.367650+09:00 r2 L8.B.step1   4 200   1495.8   11160    131 0.00000000  (after 4 failed attempt(s): HTTP 503, HTTP 503, HTTP 503, HTTP 503)
#   request 34331 bytes sha256 bcc74510b1266bd7, 5 attempt(s), 8.0 s waited
#   attempt 1 2026-09-24T16:22:27.301339+09:00 http 503 1002.0 ms gen gen_01M394PP52KK3N4JYJVA9V400N then sleep 2.0 s
#   attempt 2 2026-09-24T16:22:30.303604+09:00 http 503 1192.8 ms gen gen_01M394PS43Z2XDKMKK6YTS2WD5 then sleep 2.0 s
#   attempt 3 2026-09-24T16:22:33.496509+09:00 http 503 1166.3 ms gen gen_01M394PW61HFK9NCMWPYWEPV9J then sleep 2.0 s
#   attempt 4 2026-09-24T16:22:36.662915+09:00 http 503 1208.4 ms gen gen_01M394PZB39FGR7E11RHS1G0V6 then sleep 2.0 s
#   attempt 5 2026-09-24T16:22:39.871807+09:00 http 200 1495.8 ms gen gen_01M394Q2K30NR1NQBPJQ294Y5G
2026-09-24T16:24:31.027385+09:00 r2 L8.B.step2   4 200   2149.0   14032    587 0.00000000  (after 25 failed attempt(s): HTTP 429, HTTP 503, HTTP 503, HTTP 503, HTTP 503, HTTP 503, HTTP 503, HTTP 503, HTTP 503, HTTP 503, HTTP 503, HTTP 503, HTTP 503, HTTP 503, HTTP 503, HTTP 503, HTTP 503, HTTP 503, HTTP 503, HTTP 503, HTTP 503, HTTP 503, HTTP 503, HTTP 503, HTTP 503)
#   request 44743 bytes sha256 7020aeaac6cc037a, 26 attempt(s), 66.0 s waited
#   attempt 1 2026-09-24T16:22:41.368124+09:00 http 429 1177.2 ms gen gen_01M394Q45QWXCMPD3XH44CE7Z5 retry-after 18.0 s then sleep 18.0 s
#   attempt 2 2026-09-24T16:23:00.543738+09:00 http 503 1678.7 ms gen gen_01M394QPY6RTBFV2EC1Y5NSJTS then sleep 2.0 s
#   attempt 3 2026-09-24T16:23:04.222675+09:00 http 503 1454.1 ms gen gen_01M394QTAMHD1KR4N0B8TW29TT then sleep 2.0 s
#   attempt 4 2026-09-24T16:23:07.676974+09:00 http 503 1879.1 ms gen gen_01M394QY3JW18YB7707MCF5P9Y then sleep 2.0 s
#   attempt 5 2026-09-24T16:23:11.556286+09:00 http 503 1444.5 ms gen gen_01M394R1M6VQ701RRW281N6G7V then sleep 2.0 s
#   attempt 6 2026-09-24T16:23:14.997081+09:00 http 503 1572.2 ms gen gen_01M394R4ZF04ZD0QGRJJ7NBSBS then sleep 2.0 s
#   attempt 7 2026-09-24T16:23:18.569471+09:00 http 503 1522.5 ms gen gen_01M394R8E3FVRFYWQENR8CGBXH then sleep 2.0 s
#   attempt 8 2026-09-24T16:23:22.092173+09:00 http 503 1698.7 ms gen gen_01M394RC17KTC9CDT7MVTBMA6T then sleep 2.0 s
#   attempt 9 2026-09-24T16:23:25.791022+09:00 http 503 1672.2 ms gen gen_01M394RFMK7XE83PDDHRPR54RY then sleep 2.0 s
#   attempt 10 2026-09-24T16:23:29.463380+09:00 http 503 1396.6 ms gen gen_01M394RK27BYTAJHHXS717X3VH then sleep 2.0 s
#   attempt 11 2026-09-24T16:23:32.860179+09:00 http 503 1614.8 ms gen gen_01M394RPEHFEKADK3ZQNQRVDFZ then sleep 2.0 s
#   attempt 12 2026-09-24T16:23:36.475187+09:00 http 503 1634.5 ms gen gen_01M394RT4R3WMWC2CJ987GSG2S then sleep 2.0 s
#   attempt 13 2026-09-24T16:23:40.109933+09:00 http 503 1456.1 ms gen gen_01M394RXD8304D00CT5ASX860G then sleep 2.0 s
#   attempt 14 2026-09-24T16:23:43.566179+09:00 http 503 1698.3 ms gen gen_01M394S0WH62X09YNGGKSXZRYC then sleep 2.0 s
#   attempt 15 2026-09-24T16:23:47.266354+09:00 http 503 2382.1 ms gen gen_01M394S4KZRZBYGKXZ970016J2 then sleep 2.0 s
#   attempt 16 2026-09-24T16:23:51.648612+09:00 http 503 1322.5 ms gen gen_01M394S8FNBEW7RH633SW9B0WY then sleep 2.0 s
#   attempt 17 2026-09-24T16:23:54.971316+09:00 http 503 1773.8 ms gen gen_01M394SC4VH46AK7XZHKBNMPVC then sleep 2.0 s
#   attempt 18 2026-09-24T16:23:58.745308+09:00 http 503 1666.8 ms gen gen_01M394SFSB6EFNMXP1518PKKXM then sleep 2.0 s
#   attempt 19 2026-09-24T16:24:02.412273+09:00 http 503 1897.7 ms gen gen_01M394SKK67NACBRFSJGC38TRJ then sleep 2.0 s
#   attempt 20 2026-09-24T16:24:06.310120+09:00 http 503 2017.8 ms gen gen_01M394SQ1NG76J5K82WMZBP2Q5 then sleep 2.0 s
#   attempt 21 2026-09-24T16:24:10.328143+09:00 http 503 1516.7 ms gen gen_01M394STZ9JR8290KZYWHJWKZ8 then sleep 2.0 s
#   attempt 22 2026-09-24T16:24:13.844982+09:00 http 503 1418.0 ms gen gen_01M394SY8KDSG44KNZFP2XPPEX then sleep 2.0 s
#   attempt 23 2026-09-24T16:24:17.262508+09:00 http 503 1959.4 ms gen gen_01M394T23A02DTJPYS37B5AW1P then sleep 2.0 s
#   attempt 24 2026-09-24T16:24:21.222086+09:00 http 503 2050.2 ms gen gen_01M394T5TQHPTFA4MD11AN23TJ then sleep 2.0 s
#   attempt 25 2026-09-24T16:24:25.272453+09:00 http 503 1605.6 ms gen gen_01M394T9MN10V07VM4BC9SM1GT then sleep 2.0 s
#   attempt 26 2026-09-24T16:24:28.878293+09:00 http 200 2149.0 ms gen gen_01M394TDHW238WPWAPPWEG0YGC
2026-09-24T16:25:44.971422+09:00 r2 L9.A      8 200   1950.1   22918    283 0.00000000  (after 19 failed attempt(s): HTTP 503, HTTP 503, HTTP 503, HTTP 503, HTTP 503, HTTP 503, HTTP 503, HTTP 503, HTTP 503, HTTP 503, HTTP 503, HTTP 503, HTTP 503, HTTP 503, HTTP 503, HTTP 503, HTTP 503, HTTP 503, HTTP 503)
#   request 61973 bytes sha256 d24473ad35e45922, 20 attempt(s), 38.0 s waited
#   attempt 1 2026-09-24T16:24:31.031572+09:00 http 503 1664.9 ms gen gen_01M394TFAS7NCCPRHZ5C6J699V then sleep 2.0 s
#   attempt 2 2026-09-24T16:24:34.696669+09:00 http 503 1660.4 ms gen gen_01M394TJWKNQANB552C363B52Z then sleep 2.0 s
#   attempt 3 2026-09-24T16:24:38.357288+09:00 http 503 1520.7 ms gen gen_01M394TPAY1KR1AMF67K4CR3R0 then sleep 2.0 s
#   attempt 4 2026-09-24T16:24:41.878218+09:00 http 503 1821.7 ms gen gen_01M394TT0020N54C5HXV9MMR7A then sleep 2.0 s
#   attempt 5 2026-09-24T16:24:45.698743+09:00 http 503 1638.9 ms gen gen_01M394TXM4JSKKYJF9YGCXKWXB then sleep 2.0 s
#   attempt 6 2026-09-24T16:24:49.337847+09:00 http 503 1731.5 ms gen gen_01M394V157CKAQ8ZA3NDBH82VC then sleep 2.0 s
#   attempt 7 2026-09-24T16:24:53.069500+09:00 http 503 1561.4 ms gen gen_01M394V4XFNPT0AED4JDAQG68Q then sleep 2.0 s
#   attempt 8 2026-09-24T16:24:56.631090+09:00 http 503 2456.5 ms gen gen_01M394V8EZQ8HBM550WVFMGTFD then sleep 2.0 s
#   attempt 9 2026-09-24T16:25:01.087745+09:00 http 503 2442.7 ms gen gen_01M394VCV61J45S78Y53X8F6G7 then sleep 2.0 s
#   attempt 10 2026-09-24T16:25:05.530586+09:00 http 503 1717.9 ms gen gen_01M394VH3D4Q8TG1REJE41WXJT then sleep 2.0 s
#   attempt 11 2026-09-24T16:25:09.248704+09:00 http 503 1525.3 ms gen gen_01M394VMFYZFJJ30BC27K3CY05 then sleep 2.0 s
#   attempt 12 2026-09-24T16:25:12.774188+09:00 http 503 1572.9 ms gen gen_01M394VR03V57FFS9YR5PMY8ST then sleep 2.0 s
#   attempt 13 2026-09-24T16:25:16.345784+09:00 http 503 1749.1 ms gen gen_01M394VVN9HVWCJSZN13S8M4N4 then sleep 2.0 s
#   attempt 14 2026-09-24T16:25:20.095034+09:00 http 503 1477.2 ms gen gen_01M394VZ5Q6KPBEMSX76PMVY9R then sleep 2.0 s
#   attempt 15 2026-09-24T16:25:23.572470+09:00 http 503 2065.5 ms gen gen_01M394W309E0DCSCBHM9H30GPD then sleep 2.0 s
#   attempt 16 2026-09-24T16:25:27.638116+09:00 http 503 2047.7 ms gen gen_01M394W6VA9HE4499F67AKQVHT then sleep 2.0 s
#   attempt 17 2026-09-24T16:25:31.685990+09:00 http 503 1829.1 ms gen gen_01M394WANC8E86XS3Y213NSFR7 then sleep 2.0 s
#   attempt 18 2026-09-24T16:25:35.515285+09:00 http 503 2033.0 ms gen gen_01M394WEDQDPDJQRTW69S2P79J then sleep 2.0 s
#   attempt 19 2026-09-24T16:25:39.548504+09:00 http 503 1473.3 ms gen gen_01M394WJ0NN7MJTP3Q8RC5QHHD then sleep 2.0 s
#   attempt 20 2026-09-24T16:25:43.022006+09:00 http 200 1950.1 ms gen gen_01M394WNR1XHFBG129WFB794BB
2026-09-24T16:26:18.949569+09:00 r2 L9.B      4 200   1689.5   14004    590 0.00000000  (after 9 failed attempt(s): HTTP 503, HTTP 503, HTTP 503, HTTP 503, HTTP 503, HTTP 503, HTTP 503, HTTP 503, HTTP 503)
#   request 44599 bytes sha256 0561c2255a6c4bb5, 10 attempt(s), 18.0 s waited
#   attempt 1 2026-09-24T16:25:44.974520+09:00 http 503 1366.7 ms gen gen_01M394WQCM2D1QJ37Z2WDDGSP2 then sleep 2.0 s
#   attempt 2 2026-09-24T16:25:48.341430+09:00 http 503 1584.6 ms gen gen_01M394WTR7S262GGTJ0GGVP305 then sleep 2.0 s
#   attempt 3 2026-09-24T16:25:51.926204+09:00 http 503 1716.1 ms gen gen_01M394WYAPFJADYYRQK39Z3R4Z then sleep 2.0 s
#   attempt 4 2026-09-24T16:25:55.642486+09:00 http 503 1642.3 ms gen gen_01M394X1Y9CZCR58E25AC2R80Z then sleep 2.0 s
#   attempt 5 2026-09-24T16:25:59.285053+09:00 http 503 1882.2 ms gen gen_01M394X5NEGEYMACEXBAS4FYE0 then sleep 2.0 s
#   attempt 6 2026-09-24T16:26:03.167436+09:00 http 503 1718.9 ms gen gen_01M394X9BCPBJ527FVBFJA60FA then sleep 2.0 s
#   attempt 7 2026-09-24T16:26:06.886525+09:00 http 503 1183.5 ms gen gen_01M394XCMTKZJ727ZPJ25VKQVV then sleep 2.0 s
#   attempt 8 2026-09-24T16:26:10.070160+09:00 http 503 1514.6 ms gen gen_01M394XG1CH7422T03AXYVWD1Q then sleep 2.0 s
#   attempt 9 2026-09-24T16:26:13.584926+09:00 http 503 1676.0 ms gen gen_01M394XKFZX4F77CP2E5S3XAYD then sleep 2.0 s
#   attempt 10 2026-09-24T16:26:17.259972+09:00 http 200 1689.5 ms gen gen_01M394XPZ89GB8NB2V4ETHRXW6
2026-09-24T16:26:19.961273+09:00 r2 L10.A.fn:hbkernels::k1_step   1 200   1008.2    3864     45 0.00000000
2026-09-24T16:27:01.354944+09:00 r2 L10.A.fn:hbkernels::k2_mix   1 200   1508.7    4321     46 0.00000000  (after 1 failed attempt(s): HTTP 429)
#   request 12348 bytes sha256 1d079f3c4d386b51, 2 attempt(s), 39.0 s waited
#   attempt 1 2026-09-24T16:26:19.961621+09:00 http 429 885.3 ms gen gen_01M394XSDBFX1GJN9BRNE75EP2 retry-after 39.0 s then sleep 39.0 s
#   attempt 2 2026-09-24T16:26:59.846147+09:00 http 200 1508.7 ms gen gen_01M394Z07JHVP6GHZGNND6JGV2
2026-09-24T16:27:02.581598+09:00 r2 L10.A.fn:hbkernels::k3_fill_run   1 200   1226.2    4243     45 0.00000000
2026-09-24T16:27:03.647084+09:00 r2 L10.A.fn:hbkernels::k4_count_bytes   1 200   1064.7    3921     45 0.00000000
2026-09-24T16:27:05.054812+09:00 r2 L10.A.fn:hbkernels::k5_mul_reduce   1 200   1407.3    4794     45 0.00000000
2026-09-24T16:27:09.733547+09:00 r2 L10.A.fn:hbkernels::k6_hot_loop   1 200   1438.5    4832     46 0.00000000  (after 1 failed attempt(s): HTTP 503)
#   request 13089 bytes sha256 89ccd8d9e5ca0337, 2 attempt(s), 2.0 s waited
#   attempt 1 2026-09-24T16:27:05.055224+09:00 http 503 1239.6 ms gen gen_01M394Z5M7E3WXFS3DRYXYDTDB then sleep 2.0 s
#   attempt 2 2026-09-24T16:27:08.295020+09:00 http 200 1438.5 ms gen gen_01M394Z8NDW96H4Z0HN59NDJM9
2026-09-24T16:27:10.787807+09:00 r2 L10.A.fn:hbkernels::k7_error_path   1 200   1053.8    4691     45 0.00000000
2026-09-24T16:27:11.834674+09:00 r2 L10.A.fn:hbkernels::k8_scale_add   1 200   1046.3    3744     45 0.00000000
2026-09-24T16:27:13.062346+09:00 r2 L10.B.hbkernels::k5_mul_reduce@macros.rs:180:28#d2   1 200   1224.6    4943    154 0.00000000
2026-09-24T16:27:14.556327+09:00 r2 L10.B.hbkernels::k4_count_bytes@macros.rs:180:28#d2   1 200   1493.5    4722    154 0.00000000
2026-09-24T16:27:15.843657+09:00 r2 L10.B.hbkernels::k8_scale_add@range.rs:1103:12#d2   1 200   1288.5    4380    154 0.00000000
2026-09-24T16:27:17.147939+09:00 r2 L10.B.hbkernels::k3_fill_run@lib.rs:174:9#d3   1 200   1303.8    4771    154 0.00000000
2026-09-24T16:28:46.440152+09:00 r2 L11.A     8 200   1931.3   23630    341 0.00000000  (after 16 failed attempt(s): HTTP 503, HTTP 503, HTTP 503, HTTP 429, HTTP 503, HTTP 503, HTTP 503, HTTP 503, HTTP 503, HTTP 503, HTTP 503, HTTP 503, HTTP 503, HTTP 503, HTTP 503, HTTP 503)
#   request 65317 bytes sha256 a44283d85de67e23, 17 attempt(s), 61.0 s waited
#   attempt 1 2026-09-24T16:27:17.151378+09:00 http 503 1522.4 ms gen gen_01M394ZHDAJTCRYPYF3DFF32PE then sleep 2.0 s
#   attempt 2 2026-09-24T16:27:20.673956+09:00 http 503 1594.8 ms gen gen_01M394ZMYPHNJQHNYN2AW3B7GX then sleep 2.0 s
#   attempt 3 2026-09-24T16:27:24.268879+09:00 http 503 1615.0 ms gen gen_01M394ZRF0QKYPXZVYZ1KWZFPS then sleep 2.0 s
#   attempt 4 2026-09-24T16:27:27.884036+09:00 http 429 1969.6 ms gen gen_01M394ZVVG4A7KR26JAEM9XH3X retry-after 31.0 s then sleep 31.0 s
#   attempt 5 2026-09-24T16:28:00.853451+09:00 http 503 1811.9 ms gen gen_01M3950WA9B0N08EH6X7JG9DY5 then sleep 2.0 s
#   attempt 6 2026-09-24T16:28:04.665527+09:00 http 503 1810.2 ms gen gen_01M39510324GAKXNXV1P3W72ZZ then sleep 2.0 s
#   attempt 7 2026-09-24T16:28:08.475928+09:00 http 503 1361.1 ms gen gen_01M39513GRHNWS6SB49VB7QYTG then sleep 2.0 s
#   attempt 8 2026-09-24T16:28:11.837500+09:00 http 503 1737.8 ms gen gen_01M395171WNB5WDEC44XXDXCSX then sleep 2.0 s
#   attempt 9 2026-09-24T16:28:15.574030+09:00 http 503 1807.8 ms gen gen_01M3951AQQNHT4JVHYEEZ0W7GZ then sleep 2.0 s
#   attempt 10 2026-09-24T16:28:19.382031+09:00 http 503 1399.9 ms gen gen_01M3951E2K4T00FYGX6N6H8VE5 then sleep 2.0 s
#   attempt 11 2026-09-24T16:28:22.782135+09:00 http 503 1591.4 ms gen gen_01M3951HKEX3QGT307Q38WASF6 then sleep 2.0 s
#   attempt 12 2026-09-24T16:28:26.373705+09:00 http 503 1761.4 ms gen gen_01M3951N7RK3AKNE7FVA2ZKNYK then sleep 2.0 s
#   attempt 13 2026-09-24T16:28:30.135263+09:00 http 503 1700.1 ms gen gen_01M3951RW3FBX1MB1WYRQHJARH then sleep 2.0 s
#   attempt 14 2026-09-24T16:28:33.835563+09:00 http 503 1533.9 ms gen gen_01M3951WESKGF22GVAQCV72TGY then sleep 2.0 s
#   attempt 15 2026-09-24T16:28:37.369643+09:00 http 503 1446.0 ms gen gen_01M3951ZSQXYWJXWWA1EG15FJV then sleep 2.0 s
#   attempt 16 2026-09-24T16:28:40.816027+09:00 http 503 1693.7 ms gen gen_01M395238KTE5S4D5B5F36C8EV then sleep 2.0 s
#   attempt 17 2026-09-24T16:28:44.510125+09:00 http 200 1931.3 ms gen gen_01M39526WZJK98PHZKJQBKTYE4
2026-09-24T16:29:03.609585+09:00 r2 L11.B     4 200   1894.7   14196    612 0.00000000  (after 4 failed attempt(s): HTTP 503, HTTP 503, HTTP 503, HTTP 503)
#   request 45299 bytes sha256 feed9e801290ed03, 5 attempt(s), 8.0 s waited
#   attempt 1 2026-09-24T16:28:46.444405+09:00 http 503 1561.0 ms gen gen_01M39528P3PPHAHM8T93BQ2HQ1 then sleep 2.0 s
#   attempt 2 2026-09-24T16:28:50.005648+09:00 http 503 1394.5 ms gen gen_01M3952C42EQ0B624W364A9E2Y then sleep 2.0 s
#   attempt 3 2026-09-24T16:28:53.400348+09:00 http 503 2791.7 ms gen gen_01M3952GM08KZ3DHXV6ANW21H3 then sleep 2.0 s
#   attempt 4 2026-09-24T16:28:58.192303+09:00 http 503 1522.3 ms gen gen_01M3952M6M62J96JPSX2AHCGFR then sleep 2.0 s
#   attempt 5 2026-09-24T16:29:01.714762+09:00 http 200 1894.7 ms gen gen_01M3952QN09D31JYABN6D2ZNM9
2026-09-24T16:32:41.541172+09:00 r2 L12.A     8 200   1944.3   23894    341 0.00000000  (after 50 failed attempt(s): HTTP 503, HTTP 503, HTTP 503, HTTP 503, HTTP 503, HTTP 503, HTTP 503, HTTP 503, HTTP 503, HTTP 503, HTTP 503, HTTP 503, HTTP 503, HTTP 503, HTTP 503, HTTP 503, HTTP 503, HTTP 503, HTTP 503, HTTP 503, HTTP 503, HTTP 503, HTTP 503, HTTP 503, HTTP 503, HTTP 503, HTTP 503, HTTP 503, HTTP 503, HTTP 503, HTTP 503, HTTP 503, HTTP 503, HTTP 503, HTTP 503, HTTP 503, HTTP 503, HTTP 503, HTTP 429, HTTP 503, HTTP 503, HTTP 503, HTTP 503, HTTP 503, HTTP 503, HTTP 503, HTTP 503, HTTP 503, HTTP 503, HTTP 503)
#   request 66533 bytes sha256 83d83d40e89bea4d, 51 attempt(s), 132.0 s waited
#   attempt 1 2026-09-24T16:29:03.613039+09:00 http 503 1772.2 ms gen gen_01M3952SM0M7QYAXQTP8MPMD3K then sleep 2.0 s
#   attempt 2 2026-09-24T16:29:07.385468+09:00 http 503 1783.1 ms gen gen_01M3952X4WKW73ZP8BX9PCS2D7 then sleep 2.0 s
#   attempt 3 2026-09-24T16:29:11.168768+09:00 http 503 1599.0 ms gen gen_01M39530V2N06ZN8GJD2FT0YDY then sleep 2.0 s
#   attempt 4 2026-09-24T16:29:14.759546+09:00 http 503 1766.2 ms gen gen_01M39534FXXGAGN3X7F6EHYMNB then sleep 2.0 s
#   attempt 5 2026-09-24T16:29:18.525931+09:00 http 503 1781.2 ms gen gen_01M3953876VRE5V51C3KXMXGW1 then sleep 2.0 s
#   attempt 6 2026-09-24T16:29:22.307276+09:00 http 503 2626.2 ms gen gen_01M3953CPNZ608AHRZ7G73ZAQ7 then sleep 2.0 s
#   attempt 7 2026-09-24T16:29:26.933666+09:00 http 503 1683.6 ms gen gen_01M3953G9PMAVXR8DX05BN9XK7 then sleep 2.0 s
#   attempt 8 2026-09-24T16:29:30.617471+09:00 http 503 1585.6 ms gen gen_01M3953KY721BQNP90TJN66MEK then sleep 2.0 s
#   attempt 9 2026-09-24T16:29:34.203258+09:00 http 503 2801.1 ms gen gen_01M3953RGT74JWQ7N0SMKGC39E then sleep 2.0 s
#   attempt 10 2026-09-24T16:29:39.004585+09:00 http 503 1797.5 ms gen gen_01M3953W5Q16H136HCEDHXMT3W then sleep 2.0 s
#   attempt 11 2026-09-24T16:29:42.802246+09:00 http 503 1688.8 ms gen gen_01M3953ZT03P0P5Y6JP12ASEP9 then sleep 2.0 s
#   attempt 12 2026-09-24T16:29:46.498074+09:00 http 503 1620.2 ms gen gen_01M39543BMHETBD0BWBKKEV47B then sleep 2.0 s
#   attempt 13 2026-09-24T16:29:50.118425+09:00 http 503 1753.5 ms gen gen_01M395470DN851BFZWEWB281PN then sleep 2.0 s
#   attempt 14 2026-09-24T16:29:53.872106+09:00 http 503 1655.7 ms gen gen_01M3954AJG7WXNV4ZNZRYCDF3Y then sleep 2.0 s
#   attempt 15 2026-09-24T16:29:57.527932+09:00 http 503 1752.5 ms gen gen_01M3954E8HM4ZBBBQJV43TQSVW then sleep 2.0 s
#   attempt 16 2026-09-24T16:30:01.280602+09:00 http 503 1725.7 ms gen gen_01M3954HRX4R2BB9X0S8SDWCNP then sleep 2.0 s
#   attempt 17 2026-09-24T16:30:05.006499+09:00 http 503 1865.1 ms gen gen_01M3954NMHH3H3XTNAK3XSX97A then sleep 2.0 s
#   attempt 18 2026-09-24T16:30:08.871817+09:00 http 503 1625.7 ms gen gen_01M3954S7M3MH4YR6ZEPA653KY then sleep 2.0 s
#   attempt 19 2026-09-24T16:30:12.497696+09:00 http 503 1698.6 ms gen gen_01M3954WSS98JK6MA1N6JBPPNJ then sleep 2.0 s
#   attempt 20 2026-09-24T16:30:16.194636+09:00 http 503 1794.4 ms gen gen_01M39550GVGPGBEM7FSTGP3BZV then sleep 2.0 s
#   attempt 21 2026-09-24T16:30:19.989143+09:00 http 503 1737.2 ms gen gen_01M3955462BE06VYB221YT8KH0 then sleep 2.0 s
#   attempt 22 2026-09-24T16:30:23.726543+09:00 http 503 1770.6 ms gen gen_01M39557TX2Z5515RYSDQFPJZ7 then sleep 2.0 s
#   attempt 23 2026-09-24T16:30:27.497317+09:00 http 503 1322.4 ms gen gen_01M3955B7WZ538TNBPCH9KZ651 then sleep 2.0 s
#   attempt 24 2026-09-24T16:30:30.819964+09:00 http 503 1599.3 ms gen gen_01M3955EKBRWN3BCDYRP0GKK0W then sleep 2.0 s
#   attempt 25 2026-09-24T16:30:34.419468+09:00 http 503 1745.3 ms gen gen_01M3955J8ST4XR5HR3RB3N0MSP then sleep 2.0 s
#   attempt 26 2026-09-24T16:30:38.164934+09:00 http 503 1767.9 ms gen gen_01M3955NYHD2BPRDZGGAMZQ30N then sleep 2.0 s
#   attempt 27 2026-09-24T16:30:41.933048+09:00 http 503 1505.7 ms gen gen_01M3955SCQGTCTKAZHA6JB56KS then sleep 2.0 s
#   attempt 28 2026-09-24T16:30:45.437894+09:00 http 503 1514.9 ms gen gen_01M3955WWCQ457B6JJQ7MQN3SK then sleep 2.0 s
#   attempt 29 2026-09-24T16:30:48.952932+09:00 http 503 1747.1 ms gen gen_01M39560E8NY6SA49ZF29DT79T then sleep 2.0 s
#   attempt 30 2026-09-24T16:30:52.700247+09:00 http 503 1683.6 ms gen gen_01M395642YZ9GZNC9459KVCZRQ then sleep 2.0 s
#   attempt 31 2026-09-24T16:30:56.384027+09:00 http 503 1778.3 ms gen gen_01M39567RR4A2AV1D41DB752DP then sleep 2.0 s
#   attempt 32 2026-09-24T16:31:00.162501+09:00 http 503 1778.4 ms gen gen_01M3956BDYZCD0VPM3R3J9AWEM then sleep 2.0 s
#   attempt 33 2026-09-24T16:31:03.941110+09:00 http 503 1843.6 ms gen gen_01M3956F1H1N4XSXN253BWYQ0J then sleep 2.0 s
#   attempt 34 2026-09-24T16:31:07.784890+09:00 http 503 1590.1 ms gen gen_01M3956JQ1MYC00MTWZZKR3FM3 then sleep 2.0 s
#   attempt 35 2026-09-24T16:31:11.375134+09:00 http 503 1588.3 ms gen gen_01M3956P6T3N0DXR7QC3D47JRP then sleep 2.0 s
#   attempt 36 2026-09-24T16:31:14.961372+09:00 http 503 1607.1 ms gen gen_01M3956SQHFWC5MBGGPP0RHJ5Y then sleep 2.0 s
#   attempt 37 2026-09-24T16:31:18.568701+09:00 http 503 1362.0 ms gen gen_01M3956X29EXMTD9XD65PRKK0G then sleep 2.0 s
#   attempt 38 2026-09-24T16:31:21.930861+09:00 http 503 1237.0 ms gen gen_01M39570ARB5985VPMG3C5N45Y then sleep 2.0 s
#   attempt 39 2026-09-24T16:31:25.167996+09:00 http 429 889.3 ms gen gen_01M39573ER4GG62AEQC162VK5H retry-after 34.0 s then sleep 34.0 s
#   attempt 40 2026-09-24T16:32:00.056896+09:00 http 503 1548.0 ms gen gen_01M39585QPZ65EH6Y8KFR1GCGT then sleep 2.0 s
#   attempt 41 2026-09-24T16:32:03.605075+09:00 http 503 1697.4 ms gen gen_01M39589B4GF4JC4ZHVZ76KSP3 then sleep 2.0 s
#   attempt 42 2026-09-24T16:32:07.302690+09:00 http 503 1578.8 ms gen gen_01M3958CTPZCKJAT9ASMHADA18 then sleep 2.0 s
#   attempt 43 2026-09-24T16:32:10.881679+09:00 http 503 1633.7 ms gen gen_01M3958GCP1K81X6RVGGG088QJ then sleep 2.0 s
#   attempt 44 2026-09-24T16:32:14.515604+09:00 http 503 1570.5 ms gen gen_01M3958KTPZ8P7FFZNG9FSA8ZX then sleep 2.0 s
#   attempt 45 2026-09-24T16:32:18.085012+09:00 http 503 1609.5 ms gen gen_01M3958QBGE62ZKP810FRFFCGN then sleep 2.0 s
#   attempt 46 2026-09-24T16:32:21.694668+09:00 http 503 1337.0 ms gen gen_01M3958TSDK629E57Z6FNGFXY1 then sleep 2.0 s
#   attempt 47 2026-09-24T16:32:25.031869+09:00 http 503 1648.7 ms gen gen_01M3958Y62N70PDNCQ8X5E2W56 then sleep 2.0 s
#   attempt 48 2026-09-24T16:32:28.681125+09:00 http 503 1635.5 ms gen gen_01M39591Q8AGNSF256YCQR5E3T then sleep 2.0 s
#   attempt 49 2026-09-24T16:32:32.316854+09:00 http 503 1587.6 ms gen gen_01M39595BZZ04FH331MGX3R476 then sleep 2.0 s
#   attempt 50 2026-09-24T16:32:35.904655+09:00 http 503 1692.0 ms gen gen_01M39598V2RKCD88KBBQ6BT5ZK then sleep 2.0 s
#   attempt 51 2026-09-24T16:32:39.596779+09:00 http 200 1944.3 ms gen gen_01M3959CJCAB4Z60M6XVJHNCSR
2026-09-24T16:32:49.862225+09:00 r2 L12.B     4 200   1571.3   14328    607 0.00000000  (after 2 failed attempt(s): HTTP 503, HTTP 503)
#   request 45907 bytes sha256 e1a16cd23e481832, 3 attempt(s), 4.0 s waited
#   attempt 1 2026-09-24T16:32:41.545213+09:00 http 503 1375.5 ms gen gen_01M3959E2GEJYMTYMTMNE0G8TP then sleep 2.0 s
#   attempt 2 2026-09-24T16:32:44.919071+09:00 http 503 1371.6 ms gen gen_01M3959HGR0M8H6RDDG2114XYV then sleep 2.0 s
#   attempt 3 2026-09-24T16:32:48.290832+09:00 http 200 1571.3 ms gen gen_01M3959MQHFCF0PSCAFJD5JFWF
2026-09-24T16:32:51.618827+09:00 r2 L13.A     8 200   1753.6   14568    341 0.00000000
2026-09-24T16:32:59.722923+09:00 r2 L13.B     4 200   1612.9   10167    607 0.00000000  (after 2 failed attempt(s): HTTP 503, HTTP 503)
#   request 36994 bytes sha256 1b7ce92e63c4ba06, 3 attempt(s), 4.0 s waited
#   attempt 1 2026-09-24T16:32:51.621644+09:00 http 503 1191.0 ms gen gen_01M3959QWWWNHX4YT6GFMWYJTK then sleep 2.0 s
#   attempt 2 2026-09-24T16:32:54.812831+09:00 http 503 1296.9 ms gen gen_01M3959V45NNK0FSVSQA7B3WSD then sleep 2.0 s
#   attempt 3 2026-09-24T16:32:58.109921+09:00 http 200 1612.9 ms gen gen_01M3959YBBG2NYSSN84XB95JZW
2026-09-24T16:34:14.776502+09:00 r3 B0.A      8 200   2325.4   23630    341 0.00000000  (after 20 failed attempt(s): HTTP 503, HTTP 503, HTTP 503, HTTP 503, HTTP 503, HTTP 503, HTTP 503, HTTP 503, HTTP 503, HTTP 503, HTTP 503, HTTP 503, HTTP 503, HTTP 503, HTTP 503, HTTP 503, HTTP 503, HTTP 503, HTTP 503, HTTP 503)
#   request 65317 bytes sha256 4e94924a2e535f41, 21 attempt(s), 40.0 s waited
#   attempt 1 2026-09-24T16:32:59.726322+09:00 http 503 1380.4 ms gen gen_01M3959ZTV2AJA0KGEC52YPDJR then sleep 2.0 s
#   attempt 2 2026-09-24T16:33:03.106885+09:00 http 503 1626.4 ms gen gen_01M395A3BGFBKS3VA66TPKGJ4V then sleep 2.0 s
#   attempt 3 2026-09-24T16:33:06.733437+09:00 http 503 2006.6 ms gen gen_01M395A6ZA92K92T0B5SF3S48R then sleep 2.0 s
#   attempt 4 2026-09-24T16:33:10.740246+09:00 http 503 1574.2 ms gen gen_01M395AAX4BJB87D2QKH7XRT37 then sleep 2.0 s
#   attempt 5 2026-09-24T16:33:14.314635+09:00 http 503 1610.5 ms gen gen_01M395AEA17TCFF8S7RHETC7DZ then sleep 2.0 s
#   attempt 6 2026-09-24T16:33:17.923320+09:00 http 503 1718.1 ms gen gen_01M395AJ20C4H67WHYW9PF1KB2 then sleep 2.0 s
#   attempt 7 2026-09-24T16:33:21.641580+09:00 http 503 1716.5 ms gen gen_01M395ANH8K84Q5MK7BF8HFSQ0 then sleep 2.0 s
#   attempt 8 2026-09-24T16:33:25.358251+09:00 http 503 1754.0 ms gen gen_01M395AS1T15BXEH5ARGG4FB51 then sleep 2.0 s
#   attempt 9 2026-09-24T16:33:29.112455+09:00 http 503 1593.8 ms gen gen_01M395AWQEVPTXWGYVYKYX6PEJ then sleep 2.0 s
#   attempt 10 2026-09-24T16:33:32.706477+09:00 http 503 1558.7 ms gen gen_01M395B06ZSQKX8MDGJR1K36Y4 then sleep 2.0 s
#   attempt 11 2026-09-24T16:33:36.265336+09:00 http 503 1786.2 ms gen gen_01M395B3V1V30KH1MHWV9Q9B4T then sleep 2.0 s
#   attempt 12 2026-09-24T16:33:40.051659+09:00 http 503 1739.7 ms gen gen_01M395B7GTH9JDW1H2Q3TZ1RPP then sleep 2.0 s
#   attempt 13 2026-09-24T16:33:43.791508+09:00 http 503 1409.5 ms gen gen_01M395BB04S9TGK40XJT0MB85Y then sleep 2.0 s
#   attempt 14 2026-09-24T16:33:47.200754+09:00 http 503 1641.6 ms gen gen_01M395BEF4DVDX94VT5F66CVZB then sleep 2.0 s
#   attempt 15 2026-09-24T16:33:50.842469+09:00 http 503 1566.1 ms gen gen_01M395BHXCPHTZFE32MFZ0V7AK then sleep 2.0 s
#   attempt 16 2026-09-24T16:33:54.408846+09:00 http 503 1521.8 ms gen gen_01M395BNAJW1AZ1QMHNV7FWJGE then sleep 2.0 s
#   attempt 17 2026-09-24T16:33:57.930857+09:00 http 503 1653.3 ms gen gen_01M395BRZ31NFMM2BZBZC6A6R4 then sleep 2.0 s
#   attempt 18 2026-09-24T16:34:01.584296+09:00 http 503 1522.0 ms gen gen_01M395BWCEDHN2CSY2TN1V83TF then sleep 2.0 s
#   attempt 19 2026-09-24T16:34:05.106486+09:00 http 503 1680.0 ms gen gen_01M395BZYYPJGPTY57X71H7PW8 then sleep 2.0 s
#   attempt 20 2026-09-24T16:34:08.786607+09:00 http 503 1664.8 ms gen gen_01M395C3H7MF4KFRZAN514SSJ3 then sleep 2.0 s
#   attempt 21 2026-09-24T16:34:12.451694+09:00 http 200 2325.4 ms gen gen_01M395C74MK6Z7RSQT4Y3ZKVFK
2026-09-24T16:34:16.308477+09:00 r3 B0.B      4 200   1528.7   14196    607 0.00000000
2026-09-24T16:36:27.114243+09:00 r3 L1.B      4 200   1732.8   17716    615 0.00000000  (after 25 failed attempt(s): HTTP 503, HTTP 503, HTTP 503, HTTP 503, HTTP 503, HTTP 503, HTTP 503, HTTP 503, HTTP 503, HTTP 503, HTTP 503, HTTP 503, HTTP 503, HTTP 503, HTTP 503, HTTP 503, HTTP 503, HTTP 503, HTTP 429, HTTP 503, HTTP 503, HTTP 503, HTTP 503, HTTP 503, HTTP 503)
#   request 61919 bytes sha256 9daa0ce9e416f160, 26 attempt(s), 82.0 s waited
#   attempt 1 2026-09-24T16:34:16.311648+09:00 http 503 2134.7 ms gen gen_01M395CAZ8FTFH2D1XP55MN0QZ then sleep 2.0 s
#   attempt 2 2026-09-24T16:34:20.446507+09:00 http 503 1578.4 ms gen gen_01M395CEWCZG374HCM4G8NK0G5 then sleep 2.0 s
#   attempt 3 2026-09-24T16:34:24.025092+09:00 http 503 1760.7 ms gen gen_01M395CJH5DMM5DX7M9AP3M48B then sleep 2.0 s
#   attempt 4 2026-09-24T16:34:27.786052+09:00 http 503 1965.0 ms gen gen_01M395CP32GEFR6M5J6J4D4FJH then sleep 2.0 s
#   attempt 5 2026-09-24T16:34:31.751276+09:00 http 503 1630.2 ms gen gen_01M395CSZDCJ2F7MW3QSB22V05 then sleep 2.0 s
#   attempt 6 2026-09-24T16:34:35.381665+09:00 http 503 1690.6 ms gen gen_01M395CXGXJ7NHX8S10ZZJ5AVH then sleep 2.0 s
#   attempt 7 2026-09-24T16:34:39.072465+09:00 http 503 1427.3 ms gen gen_01M395D0WKQ7WAN89F3KHBDRE1 then sleep 2.0 s
#   attempt 8 2026-09-24T16:34:42.499960+09:00 http 503 1657.5 ms gen gen_01M395D4F692X7WKMY5KPRSTH6 then sleep 2.0 s
#   attempt 9 2026-09-24T16:34:46.156552+09:00 http 503 3556.0 ms gen gen_01M395D9BEG5G2VAQ7KT971VSV then sleep 2.0 s
#   attempt 10 2026-09-24T16:34:51.712764+09:00 http 503 1542.0 ms gen gen_01M395DD6PS5QG6YH2AEGHWJGG then sleep 2.0 s
#   attempt 11 2026-09-24T16:34:55.254957+09:00 http 503 1747.3 ms gen gen_01M395DH06BPRFG9Y7TWG91W6Z then sleep 2.0 s
#   attempt 12 2026-09-24T16:34:59.002393+09:00 http 503 1658.0 ms gen gen_01M395DMJS4NMPS0BFK2VF0NJG then sleep 2.0 s
#   attempt 13 2026-09-24T16:35:02.660611+09:00 http 503 1892.5 ms gen gen_01M395DR1SW0FQTBVWVC8B0X84 then sleep 2.0 s
#   attempt 14 2026-09-24T16:35:06.553338+09:00 http 503 1819.2 ms gen gen_01M395DW2MJD9V6K1RQ721CGPR then sleep 2.0 s
#   attempt 15 2026-09-24T16:35:10.373083+09:00 http 503 1433.0 ms gen gen_01M395DZKDM95RXDBH96HSA7KP then sleep 2.0 s
#   attempt 16 2026-09-24T16:35:13.806201+09:00 http 503 2053.7 ms gen gen_01M395E32BDQT873JWR8HC2DGZ then sleep 2.0 s
#   attempt 17 2026-09-24T16:35:17.857376+09:00 http 503 1585.5 ms gen gen_01M395E6XW37SC7Z6M7JF67BDK then sleep 2.0 s
#   attempt 18 2026-09-24T16:35:21.443096+09:00 http 503 1835.1 ms gen gen_01M395EAND3H6A1RPF9BC4N6FE then sleep 2.0 s
#   attempt 19 2026-09-24T16:35:25.278388+09:00 http 429 1187.6 ms gen gen_01M395EE64A9N391VFBK3N3ZQ0 retry-after 34.0 s then sleep 34.0 s
#   attempt 20 2026-09-24T16:36:00.464423+09:00 http 503 2728.9 ms gen gen_01M395FHPF4KWDCRV2MQYWX12H then sleep 2.0 s
#   attempt 21 2026-09-24T16:36:05.193506+09:00 http 503 1917.5 ms gen gen_01M395FNF1PEEBRGCTAT07VXNH then sleep 2.0 s
#   attempt 22 2026-09-24T16:36:09.111130+09:00 http 503 2895.0 ms gen gen_01M395FT67YP5DSEFQ3S1C2FK7 then sleep 2.0 s
#   attempt 23 2026-09-24T16:36:14.006288+09:00 http 503 1817.3 ms gen gen_01M395FXSPSB81CVVKB2RRXPN5 then sleep 2.0 s
#   attempt 24 2026-09-24T16:36:17.822333+09:00 http 503 1851.2 ms gen gen_01M395G1Q5BTXE7FKGHGEX0YF6 then sleep 2.0 s
#   attempt 25 2026-09-24T16:36:21.673648+09:00 http 503 1707.6 ms gen gen_01M395G5BVGY8CCVZ2ZFQVKR48 then sleep 2.0 s
#   attempt 26 2026-09-24T16:36:25.381373+09:00 http 200 1732.8 ms gen gen_01M395G8RHN4K2XKPY7FKMBR15
2026-09-24T16:36:36.154582+09:00 r3 L2.B      4 200   2499.0   12633    607 0.00000000  (after 2 failed attempt(s): HTTP 503, HTTP 503)
#   request 38883 bytes sha256 ead6f59c8cc48eec, 3 attempt(s), 4.0 s waited
#   attempt 1 2026-09-24T16:36:27.120939+09:00 http 503 1357.1 ms gen gen_01M395GAF8ECAN1QB85FENCK32 then sleep 2.0 s
#   attempt 2 2026-09-24T16:36:30.478358+09:00 http 503 1176.9 ms gen gen_01M395GDHZQACYS7QVB5H5K40E then sleep 2.0 s
#   attempt 3 2026-09-24T16:36:33.655487+09:00 http 200 2499.0 ms gen gen_01M395GHV3B7H8QGD8HA1FP1AH
2026-09-24T16:36:53.227900+09:00 r3 L3.B      4 200   1747.3   14110    607 0.00000000  (after 4 failed attempt(s): HTTP 503, HTTP 503, HTTP 503, HTTP 503)
#   request 45013 bytes sha256 464aee19d0432e85, 5 attempt(s), 8.0 s waited
#   attempt 1 2026-09-24T16:36:36.158344+09:00 http 503 1392.7 ms gen gen_01M395GKFMY9EV4EA8F66872TF then sleep 2.0 s
#   attempt 2 2026-09-24T16:36:39.551258+09:00 http 503 2591.3 ms gen gen_01M395GQNWC1A26TN953VC1V8H then sleep 2.0 s
#   attempt 3 2026-09-24T16:36:44.142700+09:00 http 503 1722.7 ms gen gen_01M395GV94FN8FVBK91TBCT8FN then sleep 2.0 s
#   attempt 4 2026-09-24T16:36:47.863805+09:00 http 503 1616.5 ms gen gen_01M395GYTN7X35Z8QCCXG921S6 then sleep 2.0 s
#   attempt 5 2026-09-24T16:36:51.480499+09:00 http 200 1747.3 ms gen gen_01M395H2HHDGBANR7116NFAV7N
2026-09-24T16:37:13.639580+09:00 r3 L4.B      4 200   1645.7   14196    607 0.00000000  (after 5 failed attempt(s): HTTP 503, HTTP 503, HTTP 503, HTTP 503, HTTP 503)
#   request 45299 bytes sha256 b781919c7cbbafcc, 6 attempt(s), 10.0 s waited
#   attempt 1 2026-09-24T16:36:53.231724+09:00 http 503 1740.1 ms gen gen_01M395H46CSPH8M2E1NZ70BCT3 then sleep 2.0 s
#   attempt 2 2026-09-24T16:36:56.971966+09:00 http 503 1675.7 ms gen gen_01M395H7WX9D85DPA1JG87F2NF then sleep 2.0 s
#   attempt 3 2026-09-24T16:37:00.647932+09:00 http 503 1964.2 ms gen gen_01M395HBMYSTYXDEEY2X17P4Z6 then sleep 2.0 s
#   attempt 4 2026-09-24T16:37:04.612302+09:00 http 503 1850.2 ms gen gen_01M395HFDTSMHRJ3K4EF65D6WV then sleep 2.0 s
#   attempt 5 2026-09-24T16:37:08.462609+09:00 http 503 1531.0 ms gen gen_01M395HK182C7QZ0ZEXMR6W1RP then sleep 2.0 s
#   attempt 6 2026-09-24T16:37:11.993780+09:00 http 200 1645.7 ms gen gen_01M395HPF9TTGR5TAFBXP587PA
2026-09-24T16:37:34.727759+09:00 r3 L5.B      4 200   1721.2   14791    607 0.00000000  (after 5 failed attempt(s): HTTP 503, HTTP 503, HTTP 503, HTTP 503, HTTP 503)
#   request 47232 bytes sha256 928c0f0bb35e3817, 6 attempt(s), 10.0 s waited
#   attempt 1 2026-09-24T16:37:13.644004+09:00 http 503 1571.9 ms gen gen_01M395HR479137W4NPBEJMVWSJ then sleep 2.0 s
#   attempt 2 2026-09-24T16:37:17.214466+09:00 http 503 1814.1 ms gen gen_01M395HVN0SE3C7WGPHCYZ49SV then sleep 2.0 s
#   attempt 3 2026-09-24T16:37:21.028728+09:00 http 503 1605.2 ms gen gen_01M395HZ6K7C3RDXH5EGF7849F then sleep 2.0 s
#   attempt 4 2026-09-24T16:37:24.634120+09:00 http 503 1725.1 ms gen gen_01M395J2W9HPW0Z01M7RMSXK0B then sleep 2.0 s
#   attempt 5 2026-09-24T16:37:28.359370+09:00 http 503 2646.9 ms gen gen_01M395J7CGHPQYCCBK0C9KJGSX then sleep 2.0 s
#   attempt 6 2026-09-24T16:37:33.006431+09:00 http 200 1721.2 ms gen gen_01M395JAWYW7PVK95P76R28JE0
2026-09-24T16:39:10.203182+09:00 r3 L6.A      8 200   2247.9   24374    341 0.00000000  (after 21 failed attempt(s): HTTP 503, HTTP 503, HTTP 503, HTTP 503, HTTP 503, HTTP 503, HTTP 503, HTTP 503, HTTP 503, HTTP 503, HTTP 503, HTTP 503, HTTP 503, HTTP 503, HTTP 503, HTTP 503, HTTP 503, HTTP 503, HTTP 429, HTTP 503, HTTP 503)
#   request 67601 bytes sha256 0ef27d80de1ed9c7, 22 attempt(s), 58.0 s waited
#   attempt 1 2026-09-24T16:37:34.731933+09:00 http 503 1579.8 ms gen gen_01M395JCP5F23QWFF23FZV24GH then sleep 2.0 s
#   attempt 2 2026-09-24T16:37:38.311911+09:00 http 503 1470.4 ms gen gen_01M395JFYT63849AXG9YQB0DPF then sleep 2.0 s
#   attempt 3 2026-09-24T16:37:41.782431+09:00 http 503 1784.3 ms gen gen_01M395JKMCRH26VE760VY9EJXT then sleep 2.0 s
#   attempt 4 2026-09-24T16:37:45.564964+09:00 http 503 1810.2 ms gen gen_01M395JQCH0ZWBS0TRM4F8GBZC then sleep 2.0 s
#   attempt 5 2026-09-24T16:37:49.375331+09:00 http 503 1687.0 ms gen gen_01M395JTZ8WAGYWXKZCVNKB5JR then sleep 2.0 s
#   attempt 6 2026-09-24T16:37:53.062482+09:00 http 503 1828.5 ms gen gen_01M395JYPCWT3JAB15RW0Q1VH9 then sleep 2.0 s
#   attempt 7 2026-09-24T16:37:56.891170+09:00 http 503 1670.2 ms gen gen_01M395K2EA2MEQKJ8Q98Q5P0DH then sleep 2.0 s
#   attempt 8 2026-09-24T16:38:00.561577+09:00 http 503 1584.4 ms gen gen_01M395K5SYGXH4AAJ5TPR16V7C then sleep 2.0 s
#   attempt 9 2026-09-24T16:38:04.146189+09:00 http 503 1630.1 ms gen gen_01M395K9B9A4W34B8HRC70JGCR then sleep 2.0 s
#   attempt 10 2026-09-24T16:38:07.776411+09:00 http 503 1758.4 ms gen gen_01M395KD0FWAHGGFXZ0R7XKYSW then sleep 2.0 s
#   attempt 11 2026-09-24T16:38:11.534995+09:00 http 503 1794.1 ms gen gen_01M395KGQ6H5YP3RRWSNAY3GKS then sleep 2.0 s
#   attempt 12 2026-09-24T16:38:15.327771+09:00 http 503 1865.7 ms gen gen_01M395KMEHP784PRZWXAEM2SNY then sleep 2.0 s
#   attempt 13 2026-09-24T16:38:19.193613+09:00 http 503 1484.0 ms gen gen_01M395KQXKNRBBZ7MEHQ7NK6P8 then sleep 2.0 s
#   attempt 14 2026-09-24T16:38:22.677788+09:00 http 503 1894.7 ms gen gen_01M395KVDQZ6V4GA0KFRYDVNDZ then sleep 2.0 s
#   attempt 15 2026-09-24T16:38:26.572632+09:00 http 503 1516.6 ms gen gen_01M395KZ4BB0ZSY5Q5H6ZNHH03 then sleep 2.0 s
#   attempt 16 2026-09-24T16:38:30.089429+09:00 http 503 1708.5 ms gen gen_01M395M2RNH7T31KY0RAC8EJ46 then sleep 2.0 s
#   attempt 17 2026-09-24T16:38:33.798129+09:00 http 503 1693.5 ms gen gen_01M395M6AQCYJWSDKE7HPVV280 then sleep 2.0 s
#   attempt 18 2026-09-24T16:38:37.491864+09:00 http 503 1832.8 ms gen gen_01M395MA3NHJJT50GDZER2M970 then sleep 2.0 s
#   attempt 19 2026-09-24T16:38:41.324859+09:00 http 429 1232.4 ms gen gen_01M395MDN7H4E8379D38HCJ2H2 retry-after 18.0 s then sleep 18.0 s
#   attempt 20 2026-09-24T16:39:00.556141+09:00 http 503 1781.9 ms gen gen_01M395N0JW3CC85NWQC7A9KKKB then sleep 2.0 s
#   attempt 21 2026-09-24T16:39:04.338387+09:00 http 503 1616.6 ms gen gen_01M395N449A6XSETYARWB4B5ZF then sleep 2.0 s
#   attempt 22 2026-09-24T16:39:07.955251+09:00 http 200 2247.9 ms gen gen_01M395N7PG9BQZ981B14CKMJKK
2026-09-24T16:40:30.826269+09:00 r3 L6.B      4 200   1591.0   15208    607 0.00000000  (after 11 failed attempt(s): HTTP 503, HTTP 503, HTTP 429, HTTP 503, HTTP 503, HTTP 503, HTTP 503, HTTP 503, HTTP 503, HTTP 503, HTTP 503)
#   request 49191 bytes sha256 6a04e32f7af07c96, 12 attempt(s), 62.0 s waited
#   attempt 1 2026-09-24T16:39:10.208014+09:00 http 503 1594.0 ms gen gen_01M395N9V5TWE28NYY1C123G5Q then sleep 2.0 s
#   attempt 2 2026-09-24T16:39:13.802318+09:00 http 503 1640.9 ms gen gen_01M395NDBK88691S745NAZT18C then sleep 2.0 s
#   attempt 3 2026-09-24T16:39:17.440948+09:00 http 429 1313.8 ms gen gen_01M395NH1AV71Y5SSJWEAF9WWF retry-after 42.0 s then sleep 42.0 s
#   attempt 4 2026-09-24T16:40:00.753915+09:00 http 503 1574.7 ms gen gen_01M395PV3WF5HHSHP7T9YGK2B8 then sleep 2.0 s
#   attempt 5 2026-09-24T16:40:04.328791+09:00 http 503 1604.6 ms gen gen_01M395PYNDMW644T97PEX3HDA2 then sleep 2.0 s
#   attempt 6 2026-09-24T16:40:07.933632+09:00 http 503 1410.3 ms gen gen_01M395Q26AEXHBAXQBET3WH17X then sleep 2.0 s
#   attempt 7 2026-09-24T16:40:11.344135+09:00 http 503 1668.2 ms gen gen_01M395Q5K42K9V58QQEVRPCS14 then sleep 2.0 s
#   attempt 8 2026-09-24T16:40:15.010665+09:00 http 503 1666.1 ms gen gen_01M395Q95SWF58M9HT02QM5Z2S then sleep 2.0 s
#   attempt 9 2026-09-24T16:40:18.676963+09:00 http 503 1704.8 ms gen gen_01M395QCTF3646TDAC5TJXPJPK then sleep 2.0 s
#   attempt 10 2026-09-24T16:40:22.382012+09:00 http 503 1257.3 ms gen gen_01M395QG4N1W8WBANWRJD3AD42 then sleep 2.0 s
#   attempt 11 2026-09-24T16:40:25.639478+09:00 http 503 1595.6 ms gen gen_01M395QKFB9B6SA0VEC5BWC1J5 then sleep 2.0 s
#   attempt 12 2026-09-24T16:40:29.235234+09:00 http 200 1591.0 ms gen gen_01M395QPWT1VYB88SHG5KWHWT4
2026-09-24T16:42:19.898971+09:00 r3 L7.A.c0   7 200   1806.1   22142    116 0.00000000  (after 14 failed attempt(s): HTTP 429, HTTP 503, HTTP 503, HTTP 503, HTTP 503, HTTP 503, HTTP 503, HTTP 503, HTTP 429, HTTP 503, HTTP 503, HTTP 503, HTTP 503, HTTP 503)
#   request 58751 bytes sha256 c0f5b0940b5a1d16, 15 attempt(s), 85.0 s waited
#   attempt 1 2026-09-24T16:40:30.830235+09:00 http 429 1299.4 ms gen gen_01M395QRP3NR02HFGM31P853AE retry-after 28.0 s then sleep 28.0 s
#   attempt 2 2026-09-24T16:41:00.128311+09:00 http 503 1372.6 ms gen gen_01M395RMZ05D5NFQ58MSQ3KTEG then sleep 2.0 s
#   attempt 3 2026-09-24T16:41:03.501138+09:00 http 503 1590.2 ms gen gen_01M395RRDFJGH66N1PB58327GA then sleep 2.0 s
#   attempt 4 2026-09-24T16:41:07.091507+09:00 http 503 2218.3 ms gen gen_01M395RVYEM6577VXX64Y361Z7 then sleep 2.0 s
#   attempt 5 2026-09-24T16:41:11.310009+09:00 http 503 1380.5 ms gen gen_01M395S0198AP9XQH9Q52FTPRV then sleep 2.0 s
#   attempt 6 2026-09-24T16:41:14.689014+09:00 http 503 1696.8 ms gen gen_01M395S3GQ1DCSVCSPV1XA5QSA then sleep 2.0 s
#   attempt 7 2026-09-24T16:41:18.385971+09:00 http 503 1713.9 ms gen gen_01M395S6YJN8384GW0G89M193A then sleep 2.0 s
#   attempt 8 2026-09-24T16:41:22.100065+09:00 http 503 1577.9 ms gen gen_01M395SAMF0TGYMCQ4MR81B4MC then sleep 2.0 s
#   attempt 9 2026-09-24T16:41:25.678156+09:00 http 429 1319.2 ms gen gen_01M395SE9A7W19AB09KYG1T4RW retry-after 33.0 s then sleep 33.0 s
#   attempt 10 2026-09-24T16:41:59.995745+09:00 http 503 1465.9 ms gen gen_01M395TFMPXBZQ9YV19ZNBX4KH then sleep 2.0 s
#   attempt 11 2026-09-24T16:42:03.461826+09:00 http 503 1516.6 ms gen gen_01M395TJZ8V688GK54AYFKJ8T9 then sleep 2.0 s
#   attempt 12 2026-09-24T16:42:06.978692+09:00 http 503 1635.3 ms gen gen_01M395TPH0RD6GSC8QJGF02470 then sleep 2.0 s
#   attempt 13 2026-09-24T16:42:10.614135+09:00 http 503 1917.7 ms gen gen_01M395TT5GEA98R0SNWVS3DRNS then sleep 2.0 s
#   attempt 14 2026-09-24T16:42:14.532080+09:00 http 503 1562.1 ms gen gen_01M395TXZA6X25PHAXKEMF2BSQ then sleep 2.0 s
#   attempt 15 2026-09-24T16:42:18.092770+09:00 http 200 1806.1 ms gen gen_01M395V1BH4YHXA7DAVMPYJG6N
2026-09-24T16:42:22.041178+09:00 r3 L7.A.c1   7 200   2140.8   22214    116 0.00000000
2026-09-24T16:42:38.580876+09:00 r3 L7.A.c2   7 200   1752.8   22203    116 0.00000000  (after 4 failed attempt(s): HTTP 503, HTTP 503, HTTP 503, HTTP 503)
#   request 58920 bytes sha256 171a32c7044ff803, 5 attempt(s), 8.0 s waited
#   attempt 1 2026-09-24T16:42:22.041906+09:00 http 503 1869.1 ms gen gen_01M395V5EV6QNBVZ6YVEX9SAWA then sleep 2.0 s
#   attempt 2 2026-09-24T16:42:25.911162+09:00 http 503 1831.1 ms gen gen_01M395V8YBCY9VZYK8B1XNK2WE then sleep 2.0 s
#   attempt 3 2026-09-24T16:42:29.742506+09:00 http 503 1603.2 ms gen gen_01M395VCQEXZ1PMERMBQGYN1B7 then sleep 2.0 s
#   attempt 4 2026-09-24T16:42:33.345874+09:00 http 503 1481.9 ms gen gen_01M395VG4GFPWE4F1YCATEJAG6 then sleep 2.0 s
#   attempt 5 2026-09-24T16:42:36.827960+09:00 http 200 1752.8 ms gen gen_01M395VKM6R0K1WMH7070ZV6JD
2026-09-24T16:42:43.641816+09:00 r3 L7.A.c3   3 200   1528.0   19749     52 0.00000000  (after 1 failed attempt(s): HTTP 503)
#   request 49565 bytes sha256 474e0a34dc8bec1c, 2 attempt(s), 2.0 s waited
#   attempt 1 2026-09-24T16:42:38.581484+09:00 http 503 1532.1 ms gen gen_01M395VNABRFHGPC0NM6QBRF6F then sleep 2.0 s
#   attempt 2 2026-09-24T16:42:42.113779+09:00 http 200 1528.0 ms gen gen_01M395VRJWRQY4GCZJFM2SPA2W
2026-09-24T16:44:49.039993+09:00 r3 L7.B.c0  11 200   1878.8   17768    181 0.00000000  (after 35 failed attempt(s): HTTP 503, HTTP 503, HTTP 503, HTTP 503, HTTP 503, HTTP 503, HTTP 503, HTTP 503, HTTP 503, HTTP 503, HTTP 503, HTTP 503, HTTP 503, HTTP 503, HTTP 503, HTTP 503, HTTP 503, HTTP 503, HTTP 503, HTTP 503, HTTP 503, HTTP 503, HTTP 503, HTTP 503, HTTP 503, HTTP 503, HTTP 503, HTTP 503, HTTP 503, HTTP 503, HTTP 503, HTTP 503, HTTP 503, HTTP 503, HTTP 503)
#   request 59515 bytes sha256 8db167ce996c12a5, 36 attempt(s), 70.0 s waited
#   attempt 1 2026-09-24T16:42:43.646107+09:00 http 503 1512.7 ms gen gen_01M395VT6PQ876N0XM615JF566 then sleep 2.0 s
#   attempt 2 2026-09-24T16:42:47.157330+09:00 http 503 1535.7 ms gen gen_01M395VXP09RNXTW2M8V5K5616 then sleep 2.0 s
#   attempt 3 2026-09-24T16:42:50.693259+09:00 http 503 1572.4 ms gen gen_01M395W146D3E382QCS6GFRBED then sleep 2.0 s
#   attempt 4 2026-09-24T16:42:54.265888+09:00 http 503 1732.6 ms gen gen_01M395W4RFWCNA61E60RYBBF2Q then sleep 2.0 s
#   attempt 5 2026-09-24T16:42:57.998682+09:00 http 503 1558.5 ms gen gen_01M395W88S71RDXVFKM1QFK7AQ then sleep 2.0 s
#   attempt 6 2026-09-24T16:43:01.557364+09:00 http 503 1539.0 ms gen gen_01M395WBPJ675QSZJKHA51T2A1 then sleep 2.0 s
#   attempt 7 2026-09-24T16:43:05.096557+09:00 http 503 1583.2 ms gen gen_01M395WF741WGQZXKRSY3HQVE4 then sleep 2.0 s
#   attempt 8 2026-09-24T16:43:08.680004+09:00 http 503 1549.5 ms gen gen_01M395WJTEVA4VJ4054FH84JT7 then sleep 2.0 s
#   attempt 9 2026-09-24T16:43:12.229640+09:00 http 503 1361.8 ms gen gen_01M395WP3Q4NRGPZZVJX7SFNE5 then sleep 2.0 s
#   attempt 10 2026-09-24T16:43:15.590459+09:00 http 503 1632.1 ms gen gen_01M395WSEGRJ2PDFWK4B13C0D8 then sleep 2.0 s
#   attempt 11 2026-09-24T16:43:19.222764+09:00 http 503 1653.0 ms gen gen_01M395WX1ZDEFSZRQT3EZVFS73 then sleep 2.0 s
#   attempt 12 2026-09-24T16:43:22.875950+09:00 http 503 1398.7 ms gen gen_01M395X0CMH85FBKTY048WWSQY then sleep 2.0 s
#   attempt 13 2026-09-24T16:43:26.274802+09:00 http 503 1624.2 ms gen gen_01M395X3Y723C5B182B1AZD4XK then sleep 2.0 s
#   attempt 14 2026-09-24T16:43:29.899199+09:00 http 503 1416.0 ms gen gen_01M395X78Z70563ES0H2KECJMN then sleep 2.0 s
#   attempt 15 2026-09-24T16:43:33.315417+09:00 http 503 1269.3 ms gen gen_01M395XAS3AJ07B6SWR6THP9JQ then sleep 2.0 s
#   attempt 16 2026-09-24T16:43:36.584941+09:00 http 503 1452.7 ms gen gen_01M395XDVBSK90287EECW1MCQA then sleep 2.0 s
#   attempt 17 2026-09-24T16:43:40.037903+09:00 http 503 1289.5 ms gen gen_01M395XH2KV519SQHTJF502H91 then sleep 2.0 s
#   attempt 18 2026-09-24T16:43:43.327595+09:00 http 503 1587.4 ms gen gen_01M395XMHPDWX9XR2R55ZVJWHJ then sleep 2.0 s
#   attempt 19 2026-09-24T16:43:46.913133+09:00 http 503 1367.3 ms gen gen_01M395XQTPQ1KRG6T51BF3040G then sleep 2.0 s
#   attempt 20 2026-09-24T16:43:50.280671+09:00 http 503 1614.2 ms gen gen_01M395XVD1D2X6D5E0K6XP3YQ0 then sleep 2.0 s
#   attempt 21 2026-09-24T16:43:53.895053+09:00 http 503 1398.9 ms gen gen_01M395XYPVKP5W4QN6CTK5Z6Y4 then sleep 2.0 s
#   attempt 22 2026-09-24T16:43:57.294114+09:00 http 503 1225.1 ms gen gen_01M395Y1ZAA84EGFYZ5PS6H5C2 then sleep 2.0 s
#   attempt 23 2026-09-24T16:44:00.519452+09:00 http 503 1655.4 ms gen gen_01M395Y5EAW4GXZR253ZT5KRPW then sleep 2.0 s
#   attempt 24 2026-09-24T16:44:04.175057+09:00 http 503 1556.8 ms gen gen_01M395Y8V4KNP2V07DM2G9WM72 then sleep 2.0 s
#   attempt 25 2026-09-24T16:44:07.732071+09:00 http 503 1508.6 ms gen gen_01M395YCB8TYZBKH2KRF78XF7H then sleep 2.0 s
#   attempt 26 2026-09-24T16:44:11.240848+09:00 http 503 1640.6 ms gen gen_01M395YFV5NY1HWD011R75DA52 then sleep 2.0 s
#   attempt 27 2026-09-24T16:44:14.880061+09:00 http 503 1522.6 ms gen gen_01M395YKAT8VAR9WQ60WVHX4SM then sleep 2.0 s
#   attempt 28 2026-09-24T16:44:18.402803+09:00 http 503 1668.6 ms gen gen_01M395YPWHG0TKC04CXGNNG5N5 then sleep 2.0 s
#   attempt 29 2026-09-24T16:44:22.071622+09:00 http 503 1664.8 ms gen gen_01M395YTEGBV80PYG5JP3N79AQ then sleep 2.0 s
#   attempt 30 2026-09-24T16:44:25.736630+09:00 http 503 1721.4 ms gen gen_01M395YY2324DNPJCXM1BFAW4B then sleep 2.0 s
#   attempt 31 2026-09-24T16:44:29.458222+09:00 http 503 1596.7 ms gen gen_01M395Z1KH691VZ36GDG76C1V7 then sleep 2.0 s
#   attempt 32 2026-09-24T16:44:33.055090+09:00 http 503 1598.1 ms gen gen_01M395Z51V6GADB5AQX0SC6E5X then sleep 2.0 s
#   attempt 33 2026-09-24T16:44:36.653375+09:00 http 503 1298.1 ms gen gen_01M395Z8BXVGSRN9G4W7WXHQAA then sleep 2.0 s
#   attempt 34 2026-09-24T16:44:39.951687+09:00 http 503 1609.8 ms gen gen_01M395ZBVB2SAW0Z8GEEAMA493 then sleep 2.0 s
#   attempt 35 2026-09-24T16:44:43.561705+09:00 http 503 1600.4 ms gen gen_01M395ZFA95GJ4BY8S93WZ47EZ then sleep 2.0 s
#   attempt 36 2026-09-24T16:44:47.161057+09:00 http 200 1878.8 ms gen gen_01M395ZK0MWA7GFZMSF940YPE9
2026-09-24T16:45:36.772196+09:00 r3 L7.B.c1  11 200   1571.0   17788    181 0.00000000  (after 13 failed attempt(s): HTTP 503, HTTP 503, HTTP 503, HTTP 503, HTTP 503, HTTP 503, HTTP 503, HTTP 503, HTTP 503, HTTP 503, HTTP 503, HTTP 503, HTTP 503)
#   request 59531 bytes sha256 64467d12cd478317, 14 attempt(s), 26.0 s waited
#   attempt 1 2026-09-24T16:44:49.041541+09:00 http 503 1918.0 ms gen gen_01M395ZN1F9EFPFSMDS90Y9FFQ then sleep 2.0 s
#   attempt 2 2026-09-24T16:44:52.959729+09:00 http 503 1657.2 ms gen gen_01M395ZRJ8SD56TCHBH82DV62X then sleep 2.0 s
#   attempt 3 2026-09-24T16:44:56.617152+09:00 http 503 1597.8 ms gen gen_01M395ZW9DJGFNH3M906BF6TAD then sleep 2.0 s
#   attempt 4 2026-09-24T16:45:00.215103+09:00 http 503 1509.8 ms gen gen_01M395ZZJ0H7Y2TDSX85H40XJW then sleep 2.0 s
#   attempt 5 2026-09-24T16:45:03.725037+09:00 http 503 1564.0 ms gen gen_01M396031C016Z2HY114AHG894 then sleep 2.0 s
#   attempt 6 2026-09-24T16:45:07.289226+09:00 http 503 1359.8 ms gen gen_01M39606ARPFN98CE947CF116H then sleep 2.0 s
#   attempt 7 2026-09-24T16:45:10.649231+09:00 http 503 1514.1 ms gen gen_01M39609RC3KFK2P71E26NFN88 then sleep 2.0 s
#   attempt 8 2026-09-24T16:45:14.163470+09:00 http 503 1637.0 ms gen gen_01M3960DBHE3EKCAK0Z3FHZ276 then sleep 2.0 s
#   attempt 9 2026-09-24T16:45:17.797774+09:00 http 503 1492.3 ms gen gen_01M3960GQM2QR3BANVCB9J9TNP then sleep 2.0 s
#   attempt 10 2026-09-24T16:45:21.290474+09:00 http 503 1453.9 ms gen gen_01M3960M7VEM7WM7T59KT6FQMP then sleep 2.0 s
#   attempt 11 2026-09-24T16:45:24.744592+09:00 http 503 1370.1 ms gen gen_01M3960QCRR0JR921K3AY1H3YT then sleep 2.0 s
#   attempt 12 2026-09-24T16:45:28.115145+09:00 http 503 1397.5 ms gen gen_01M3960TQ1NJAGXE68YZT70B4W then sleep 2.0 s
#   attempt 13 2026-09-24T16:45:31.512835+09:00 http 503 1688.0 ms gen gen_01M3960Y8FMATDTHA7HAFC4MH7 then sleep 2.0 s
#   attempt 14 2026-09-24T16:45:35.201050+09:00 http 200 1571.0 ms gen gen_01M39611Y29HW3TWY7GGXFM70E
2026-09-24T16:45:38.472347+09:00 r3 L7.B.c2  11 200   1699.3   17504    182 0.00000000
2026-09-24T16:45:57.702674+09:00 r3 L7.B.c3  12 200   1667.8   17545    198 0.00000000  (after 5 failed attempt(s): HTTP 503, HTTP 503, HTTP 503, HTTP 503, HTTP 503)
#   request 59616 bytes sha256 94cd5a84fc0c9d29, 6 attempt(s), 10.0 s waited
#   attempt 1 2026-09-24T16:45:38.472947+09:00 http 503 1441.7 ms gen gen_01M39614VH7D50D1SGETMYXB85 then sleep 2.0 s
#   attempt 2 2026-09-24T16:45:41.914863+09:00 http 503 1535.2 ms gen gen_01M39618EZ8TMS7QQAFST9RFEN then sleep 2.0 s
#   attempt 3 2026-09-24T16:45:45.449251+09:00 http 503 1643.6 ms gen gen_01M3961BMZ5MG7PDEMDF69ZKNW then sleep 2.0 s
#   attempt 4 2026-09-24T16:45:49.093050+09:00 http 503 1493.0 ms gen gen_01M3961F8KFKQ2D49FATDAPE7Q then sleep 2.0 s
#   attempt 5 2026-09-24T16:45:52.586253+09:00 http 503 1448.3 ms gen gen_01M3961JNDMZ4AASBH29VS7SAX then sleep 2.0 s
#   attempt 6 2026-09-24T16:45:56.034747+09:00 http 200 1667.8 ms gen gen_01M3961P39NCP1DDNKNAHA2VGY
2026-09-24T16:46:05.568308+09:00 r3 L7.B.c4   3 200   1213.0   10372     54 0.00000000  (after 2 failed attempt(s): HTTP 503, HTTP 503)
#   request 31563 bytes sha256 4e077f52bd17fdfa, 3 attempt(s), 4.0 s waited
#   attempt 1 2026-09-24T16:45:57.703233+09:00 http 503 1178.7 ms gen gen_01M3961QHV2AW7RA5GD8ET5G6R then sleep 2.0 s
#   attempt 2 2026-09-24T16:46:00.882120+09:00 http 503 1472.9 ms gen gen_01M3961TKMR35ZTKQDXC30RWW3 then sleep 2.0 s
#   attempt 3 2026-09-24T16:46:04.355181+09:00 http 200 1213.0 ms gen gen_01M3961XZVJVQWRKKHRMRHH8PP
2026-09-24T16:46:38.885682+09:00 r3 L8.A.step1   8 200   1524.7   21918    259 0.00000000  (after 9 failed attempt(s): HTTP 503, HTTP 503, HTTP 503, HTTP 503, HTTP 503, HTTP 503, HTTP 503, HTTP 503, HTTP 503)
#   request 57301 bytes sha256 55335666718f3c72, 10 attempt(s), 18.0 s waited
#   attempt 1 2026-09-24T16:46:05.571892+09:00 http 503 1536.5 ms gen gen_01M3961ZEASPW9FEK253D3RWN3 then sleep 2.0 s
#   attempt 2 2026-09-24T16:46:09.108534+09:00 http 503 1588.1 ms gen gen_01M39622Y9AE8P1EBFNNWFB3SH then sleep 2.0 s
#   attempt 3 2026-09-24T16:46:12.696762+09:00 http 503 1511.6 ms gen gen_01M39626BMTEBVHKDJP92RPA1T then sleep 2.0 s
#   attempt 4 2026-09-24T16:46:16.206806+09:00 http 503 1340.3 ms gen gen_01M39629MW1Y03JBPG4YMFFMXZ then sleep 2.0 s
#   attempt 5 2026-09-24T16:46:19.547306+09:00 http 503 1605.7 ms gen gen_01M3962D4FTJE798E566VED66F then sleep 2.0 s
#   attempt 6 2026-09-24T16:46:23.153452+09:00 http 503 1452.0 ms gen gen_01M3962GFHBE8ETPS1Q200WE78 then sleep 2.0 s
#   attempt 7 2026-09-24T16:46:26.605637+09:00 http 503 1855.0 ms gen gen_01M3962KYBPCPMWK69JHAWQ2RM then sleep 2.0 s
#   attempt 8 2026-09-24T16:46:30.460861+09:00 http 503 1550.5 ms gen gen_01M3962QRD874HHXZJERHPWGNZ then sleep 2.0 s
#   attempt 9 2026-09-24T16:46:34.011541+09:00 http 503 1349.2 ms gen gen_01M3962V1CXKFGM3AC07E7SEP7 then sleep 2.0 s
#   attempt 10 2026-09-24T16:46:37.360939+09:00 http 200 1524.7 ms gen gen_01M3962YA6NQV7X4HXCTMZ3EPH
2026-09-24T16:46:40.582187+09:00 r3 L8.A.step2   8 200   1695.8   22974    283 0.00000000
2026-09-24T16:46:41.974628+09:00 r3 L8.B.step1   4 200   1389.3   11160    131 0.00000000
2026-09-24T16:46:53.703204+09:00 r3 L8.B.step2   4 200   1477.6   14032    587 0.00000000  (after 3 failed attempt(s): HTTP 503, HTTP 503, HTTP 503)
#   request 44743 bytes sha256 7020aeaac6cc037a, 4 attempt(s), 6.0 s waited
#   attempt 1 2026-09-24T16:46:41.975048+09:00 http 503 1573.0 ms gen gen_01M396331EN1Q02426D8MVDBJ3 then sleep 2.0 s
#   attempt 2 2026-09-24T16:46:45.546933+09:00 http 503 1563.2 ms gen gen_01M39636GGMD4BYFW0JF86Q1FX then sleep 2.0 s
#   attempt 3 2026-09-24T16:46:49.110318+09:00 http 503 1115.0 ms gen gen_01M39639TRG0W618MVVS60M89K then sleep 2.0 s
#   attempt 4 2026-09-24T16:46:52.225543+09:00 http 200 1477.6 ms gen gen_01M3963CZCXY74NYGBF94ER146
2026-09-24T16:48:54.049469+09:00 r3 L9.A      8 200   1813.3   22918    283 0.00000000  (after 27 failed attempt(s): HTTP 503, HTTP 503, HTTP 503, HTTP 503, HTTP 503, HTTP 503, HTTP 503, HTTP 503, HTTP 503, HTTP 503, HTTP 503, HTTP 503, HTTP 429, HTTP 503, HTTP 503, HTTP 503, HTTP 503, HTTP 503, HTTP 503, HTTP 503, HTTP 503, HTTP 503, HTTP 503, HTTP 503, HTTP 503, HTTP 503, HTTP 503)
#   request 61973 bytes sha256 d24473ad35e45922, 28 attempt(s), 75.0 s waited
#   attempt 1 2026-09-24T16:46:53.706491+09:00 http 503 1590.8 ms gen gen_01M3963EFZ4QQQ3S6N92T5BBMJ then sleep 2.0 s
#   attempt 2 2026-09-24T16:46:57.297523+09:00 http 503 1392.3 ms gen gen_01M3963HSC9C0Q4PZDDBHA1ZXN then sleep 2.0 s
#   attempt 3 2026-09-24T16:47:00.690153+09:00 http 503 1495.0 ms gen gen_01M3963N7ETG4NRE53JH5PG1D0 then sleep 2.0 s
#   attempt 4 2026-09-24T16:47:04.185458+09:00 http 503 1353.9 ms gen gen_01M3963RG2H1CSR2TWJGXN5EP4 then sleep 2.0 s
#   attempt 5 2026-09-24T16:47:07.539610+09:00 http 503 1387.6 ms gen gen_01M3963VY8PD9YJ9C6P873Q9CC then sleep 2.0 s
#   attempt 6 2026-09-24T16:47:10.927505+09:00 http 503 1368.6 ms gen gen_01M3963Z3QPCBGR1RGX3R8XJ15 then sleep 2.0 s
#   attempt 7 2026-09-24T16:47:14.296326+09:00 http 503 1615.5 ms gen gen_01M39642ME07TFK6F109DB4ZB4 then sleep 2.0 s
#   attempt 8 2026-09-24T16:47:17.909651+09:00 http 503 1717.8 ms gen gen_01M396466VZKYQ9P3EPNJQCRQC then sleep 2.0 s
#   attempt 9 2026-09-24T16:47:21.627644+09:00 http 503 1439.9 ms gen gen_01M39649QEYQZ5WD7NVF05V4W4 then sleep 2.0 s
#   attempt 10 2026-09-24T16:47:25.067718+09:00 http 503 1488.1 ms gen gen_01M3964D05E917ZDPJS92M0EAA then sleep 2.0 s
#   attempt 11 2026-09-24T16:47:28.555977+09:00 http 503 1717.6 ms gen gen_01M3964GENS40QCVME5CQPTB5Y then sleep 2.0 s
#   attempt 12 2026-09-24T16:47:32.273749+09:00 http 503 1532.6 ms gen gen_01M3964M2RVRWH75ZHAB42KP94 then sleep 2.0 s
#   attempt 13 2026-09-24T16:47:35.806511+09:00 http 429 1064.4 ms gen gen_01M3964QH4BV7HKP2FWRAKDXSX retry-after 23.0 s then sleep 23.0 s
#   attempt 14 2026-09-24T16:47:59.870001+09:00 http 503 1757.9 ms gen gen_01M3965F6JXMXD7KD07RQXK3BV then sleep 2.0 s
#   attempt 15 2026-09-24T16:48:03.628107+09:00 http 503 1677.3 ms gen gen_01M3965JTEB5JH1ZAVVX2YYF9R then sleep 2.0 s
#   attempt 16 2026-09-24T16:48:07.305569+09:00 http 503 1876.2 ms gen gen_01M3965PBGB5PC1F0HQ31XHSBC then sleep 2.0 s
#   attempt 17 2026-09-24T16:48:11.181948+09:00 http 503 1534.6 ms gen gen_01M3965T2P4JQ5NWPDDAWBY7FW then sleep 2.0 s
#   attempt 18 2026-09-24T16:48:14.714800+09:00 http 503 1687.6 ms gen gen_01M3965XMC25R978B9WDCC45AA then sleep 2.0 s
#   attempt 19 2026-09-24T16:48:18.402591+09:00 http 503 1762.8 ms gen gen_01M39661C1QRRESYJ89XJ11E5R then sleep 2.0 s
#   attempt 20 2026-09-24T16:48:22.165555+09:00 http 503 1608.0 ms gen gen_01M39665019NBCQ1PHEWSB58Q7 then sleep 2.0 s
#   attempt 21 2026-09-24T16:48:25.773726+09:00 http 503 2075.7 ms gen gen_01M39668GFBZ0DNP6AVVVS5K7Z then sleep 2.0 s
#   attempt 22 2026-09-24T16:48:29.849609+09:00 http 503 2091.0 ms gen gen_01M3966CCG33NRJSKQ7MHWN3QG then sleep 2.0 s
#   attempt 23 2026-09-24T16:48:33.940864+09:00 http 503 1557.3 ms gen gen_01M3966GA1PF00EV044C3STKY6 then sleep 2.0 s
#   attempt 24 2026-09-24T16:48:37.498343+09:00 http 503 1584.7 ms gen gen_01M3966KTG1H4NG21FFMDKPYMW then sleep 2.0 s
#   attempt 25 2026-09-24T16:48:41.083199+09:00 http 503 2133.8 ms gen gen_01M3966QBGWSFS1D74JK74QTSR then sleep 2.0 s
#   attempt 26 2026-09-24T16:48:45.215621+09:00 http 503 1395.6 ms gen gen_01M3966V649A09S23D7RETFABE then sleep 2.0 s
#   attempt 27 2026-09-24T16:48:48.611333+09:00 http 503 1624.6 ms gen gen_01M3966YQ65N2423KKMZY2KX2B then sleep 2.0 s
#   attempt 28 2026-09-24T16:48:52.236062+09:00 http 200 1813.3 ms gen gen_01M39672A8ZTGMZ7KD0X2TAZ0E
2026-09-24T16:48:55.915838+09:00 r3 L9.B      4 200   1862.3   14004    591 0.00000000
2026-09-24T16:48:57.080966+09:00 r3 L10.A.fn:hbkernels::k1_step   1 200   1161.4    3864     45 0.00000000
2026-09-24T16:48:58.476717+09:00 r3 L10.A.fn:hbkernels::k2_mix   1 200   1395.4    4321     46 0.00000000
2026-09-24T16:48:59.635415+09:00 r3 L10.A.fn:hbkernels::k3_fill_run   1 200   1158.3    4243     45 0.00000000
2026-09-24T16:49:00.584663+09:00 r3 L10.A.fn:hbkernels::k4_count_bytes   1 200    948.9    3921     45 0.00000000
2026-09-24T16:49:01.394944+09:00 r3 L10.A.fn:hbkernels::k5_mul_reduce   1 200    809.9    4794     45 0.00000000
2026-09-24T16:49:02.341495+09:00 r3 L10.A.fn:hbkernels::k6_hot_loop   1 200    946.1    4832     46 0.00000000
2026-09-24T16:49:03.384347+09:00 r3 L10.A.fn:hbkernels::k7_error_path   1 200   1041.7    4691     45 0.00000000
2026-09-24T16:49:07.050454+09:00 r3 L10.A.fn:hbkernels::k8_scale_add   1 200    970.0    3744     45 0.00000000  (after 1 failed attempt(s): HTTP 503)
#   request 11005 bytes sha256 066e74ee36bcb6d8, 2 attempt(s), 2.0 s waited
#   attempt 1 2026-09-24T16:49:03.384726+09:00 http 503 695.5 ms gen gen_01M3967CH1HWND73JBAVG701X4 then sleep 2.0 s
#   attempt 2 2026-09-24T16:49:06.080441+09:00 http 200 970.0 ms gen gen_01M3967FD422E4JR56RQ5FJDRK
2026-09-24T16:49:08.303970+09:00 r3 L10.B.hbkernels::k5_mul_reduce@macros.rs:180:28#d2   1 200   1250.2    4943    154 0.00000000
2026-09-24T16:49:09.484545+09:00 r3 L10.B.hbkernels::k4_count_bytes@macros.rs:180:28#d2   1 200   1180.1    4722    154 0.00000000
2026-09-24T16:50:01.800561+09:00 r3 L10.B.hbkernels::k8_scale_add@range.rs:1103:12#d2   1 200   1389.2    4380    154 0.00000000  (after 1 failed attempt(s): HTTP 429)
#   request 14061 bytes sha256 b7c73fa74624a273, 2 attempt(s), 50.0 s waited
#   attempt 1 2026-09-24T16:49:09.484960+09:00 http 429 929.2 ms gen gen_01M3967JWFRS1M3FMN189P4W7T retry-after 50.0 s then sleep 50.0 s
#   attempt 2 2026-09-24T16:50:00.411281+09:00 http 200 1389.2 ms gen gen_01M39694Q1HDSGSWFSF4EQMCPE
2026-09-24T16:50:06.313287+09:00 r3 L10.B.hbkernels::k3_fill_run@lib.rs:174:9#d3   1 200   1289.1    4771    154 0.00000000  (after 1 failed attempt(s): HTTP 503)
#   request 14501 bytes sha256 b054eb754bf34a95, 2 attempt(s), 2.0 s waited
#   attempt 1 2026-09-24T16:50:01.801488+09:00 http 503 1222.4 ms gen gen_01M39695ZQ4MRAD91T68VE8AC1 then sleep 2.0 s
#   attempt 2 2026-09-24T16:50:05.024039+09:00 http 200 1289.1 ms gen gen_01M396993EP35MAZ6K0DKQNZEM
2026-09-24T16:50:40.888026+09:00 r3 L11.A     8 200   1926.8   23630    341 0.00000000  (after 9 failed attempt(s): HTTP 503, HTTP 503, HTTP 503, HTTP 503, HTTP 503, HTTP 503, HTTP 503, HTTP 503, HTTP 503)
#   request 65317 bytes sha256 a44283d85de67e23, 10 attempt(s), 18.0 s waited
#   attempt 1 2026-09-24T16:50:06.316611+09:00 http 503 1460.7 ms gen gen_01M3969AK1CV3FP3T0YRP3DGNY then sleep 2.0 s
#   attempt 2 2026-09-24T16:50:09.777464+09:00 http 503 1552.0 ms gen gen_01M3969DX2XMBSXW4EQPYHTDKS then sleep 2.0 s
#   attempt 3 2026-09-24T16:50:13.329967+09:00 http 503 1531.5 ms gen gen_01M3969HDX8YF9941GBFVSTAP8 then sleep 2.0 s
#   attempt 4 2026-09-24T16:50:16.860141+09:00 http 503 1719.2 ms gen gen_01M3969MZVPZHZB22QC1CPAE9P then sleep 2.0 s
#   attempt 5 2026-09-24T16:50:20.579539+09:00 http 503 1620.6 ms gen gen_01M3969RH4BE9J2Y61PVVS220K then sleep 2.0 s
#   attempt 6 2026-09-24T16:50:24.200342+09:00 http 503 1571.5 ms gen gen_01M3969W11203T1M4CKYT7X5KN then sleep 2.0 s
#   attempt 7 2026-09-24T16:50:27.772077+09:00 http 503 1665.1 ms gen gen_01M3969ZHVY5WDZBGJW3S21GE1 then sleep 2.0 s
#   attempt 8 2026-09-24T16:50:31.437402+09:00 http 503 1661.1 ms gen gen_01M396A35CSJ3WKEJ23DV0ED5P then sleep 2.0 s
#   attempt 9 2026-09-24T16:50:35.098719+09:00 http 503 1862.2 ms gen gen_01M396A6XGVRM2E8Y5W1J62SHK then sleep 2.0 s
#   attempt 10 2026-09-24T16:50:38.961069+09:00 http 200 1926.8 ms gen gen_01M396AAK15B7MQV6FV73YG0GJ
2026-09-24T16:52:01.818460+09:00 r3 L11.B     4 200   1661.2   14196    607 0.00000000  (after 19 failed attempt(s): HTTP 503, HTTP 429, HTTP 503, HTTP 503, HTTP 503, HTTP 503, HTTP 503, HTTP 503, HTTP 503, HTTP 503, HTTP 503, HTTP 503, HTTP 503, HTTP 503, HTTP 503, HTTP 503, HTTP 503, HTTP 503, HTTP 503)
#   request 45299 bytes sha256 feed9e801290ed03, 20 attempt(s), 51.0 s waited
#   attempt 1 2026-09-24T16:50:40.891449+09:00 http 503 1438.0 ms gen gen_01M396ACBFWFV43YRSJNDJYESS then sleep 2.0 s
#   attempt 2 2026-09-24T16:50:44.329631+09:00 http 429 1107.2 ms gen gen_01M396AFN8Y41W4T9R4GW340G5 retry-after 15.0 s then sleep 15.0 s
#   attempt 3 2026-09-24T16:51:00.434796+09:00 http 503 2167.3 ms gen gen_01M396AZF2YQXQWC2VK139382M then sleep 2.0 s
#   attempt 4 2026-09-24T16:51:04.602314+09:00 http 503 1740.6 ms gen gen_01M396B3KWRAV09BC8VRCJAAQ3 then sleep 2.0 s
#   attempt 5 2026-09-24T16:51:08.343085+09:00 http 503 1695.5 ms gen gen_01M396B78R7SD0WZKQY2KBJ7Z4 then sleep 2.0 s
#   attempt 6 2026-09-24T16:51:12.038822+09:00 http 503 1181.0 ms gen gen_01M396BAN183TDXMF9BXKF81VB then sleep 2.0 s
#   attempt 7 2026-09-24T16:51:15.218975+09:00 http 503 1406.0 ms gen gen_01M396BDVQ7BJPE3T0S26819SW then sleep 2.0 s
#   attempt 8 2026-09-24T16:51:18.625157+09:00 http 503 1285.8 ms gen gen_01M396BH1SJMJA4GRRD9BMC87S then sleep 2.0 s
#   attempt 9 2026-09-24T16:51:21.911462+09:00 http 503 1675.0 ms gen gen_01M396BME2BVME0N67QJKJP39X then sleep 2.0 s
#   attempt 10 2026-09-24T16:51:25.586615+09:00 http 503 1455.8 ms gen gen_01M396BR010R30C70FBDR68T0J then sleep 2.0 s
#   attempt 11 2026-09-24T16:51:29.042627+09:00 http 503 1531.1 ms gen gen_01M396BVEJYE3K4HGV0H5CQ3PG then sleep 2.0 s
#   attempt 12 2026-09-24T16:51:32.573898+09:00 http 503 1760.5 ms gen gen_01M396BYYCCZP7GFKQMJ9RHM5K then sleep 2.0 s
#   attempt 13 2026-09-24T16:51:36.334558+09:00 http 503 1623.9 ms gen gen_01M396C2G6HV8JEP1SVAZV88EV then sleep 2.0 s
#   attempt 14 2026-09-24T16:51:39.958681+09:00 http 503 1407.5 ms gen gen_01M396C5WGK5MVGT4E4BX3VV6N then sleep 2.0 s
#   attempt 15 2026-09-24T16:51:43.366353+09:00 http 503 1350.5 ms gen gen_01M396C93RAVQ0EW3YGDZKE96V then sleep 2.0 s
#   attempt 16 2026-09-24T16:51:46.715418+09:00 http 503 1452.6 ms gen gen_01M396CCGFC137HFRSNZD1JMPX then sleep 2.0 s
#   attempt 17 2026-09-24T16:51:50.168229+09:00 http 503 1256.9 ms gen gen_01M396CFV7KX3HW1EESXK0ZQM9 then sleep 2.0 s
#   attempt 18 2026-09-24T16:51:53.425371+09:00 http 503 1411.1 ms gen gen_01M396CJZFK5PECT3NVH7JR5R7 then sleep 2.0 s
#   attempt 19 2026-09-24T16:51:56.836597+09:00 http 503 1320.4 ms gen gen_01M396CPDCDRHPH8FGSNH561Q7 then sleep 2.0 s
#   attempt 20 2026-09-24T16:52:00.157192+09:00 http 200 1661.2 ms gen gen_01M396CSPP4G7GGEWANZ4A0ZWC
2026-09-24T16:53:01.957616+09:00 r3 L12.A     8 200   1793.4   23894    341 0.00000000  (after 8 failed attempt(s): HTTP 503, HTTP 503, HTTP 503, HTTP 503, HTTP 503, HTTP 503, HTTP 503, HTTP 429)
#   request 66533 bytes sha256 83d83d40e89bea4d, 9 attempt(s), 46.0 s waited
#   attempt 1 2026-09-24T16:52:01.822517+09:00 http 503 2072.7 ms gen gen_01M396CVDTRC8ATG3C80K602CW then sleep 2.0 s
#   attempt 2 2026-09-24T16:52:05.895639+09:00 http 503 1541.8 ms gen gen_01M396CZA04PYYWC9395XHH8MD then sleep 2.0 s
#   attempt 3 2026-09-24T16:52:09.437583+09:00 http 503 1373.1 ms gen gen_01M396D2M8GJ87A625WFMT0C7J then sleep 2.0 s
#   attempt 4 2026-09-24T16:52:12.810875+09:00 http 503 1482.9 ms gen gen_01M396D5Z6X4YA7YJVBTNRCVV6 then sleep 2.0 s
#   attempt 5 2026-09-24T16:52:16.292574+09:00 http 503 1654.9 ms gen gen_01M396D9JR2HTS6273T0CG737V then sleep 2.0 s
#   attempt 6 2026-09-24T16:52:19.947673+09:00 http 503 1501.7 ms gen gen_01M396DD16QAX94RHPTYK9FXKE then sleep 2.0 s
#   attempt 7 2026-09-24T16:52:23.449629+09:00 http 503 1529.8 ms gen gen_01M396DGE8CVVFBJV3R7YWTM0C then sleep 2.0 s
#   attempt 8 2026-09-24T16:52:26.979623+09:00 http 429 1185.8 ms gen gen_01M396DKZJX9JRVAPE8VS8W2PX retry-after 32.0 s then sleep 32.0 s
#   attempt 9 2026-09-24T16:53:00.164180+09:00 http 200 1793.4 ms gen gen_01M396EMBBK40EPFF5BYJNZ64W
2026-09-24T16:53:13.715953+09:00 r3 L12.B     4 200   1654.6   14328    607 0.00000000  (after 3 failed attempt(s): HTTP 503, HTTP 503, HTTP 503)
#   request 45907 bytes sha256 e1a16cd23e481832, 4 attempt(s), 6.0 s waited
#   attempt 1 2026-09-24T16:53:01.960841+09:00 http 503 1375.6 ms gen gen_01M396EP1JQ6T4V2AF5CEQWHS1 then sleep 2.0 s
#   attempt 2 2026-09-24T16:53:05.336655+09:00 http 503 1230.1 ms gen gen_01M396ESBDEA1MDB7SSCVWYWT2 then sleep 2.0 s
#   attempt 3 2026-09-24T16:53:08.566932+09:00 http 503 1493.9 ms gen gen_01M396EWG9NG9S0E1C6MJBXN3F then sleep 2.0 s
#   attempt 4 2026-09-24T16:53:12.061239+09:00 http 200 1654.6 ms gen gen_01M396EZXHBJMQ834KPV1GKQVN
2026-09-24T16:54:13.366100+09:00 r3 L13.A     8 200   1768.1   14568    341 0.00000000  (after 4 failed attempt(s): HTTP 429, HTTP 503, HTTP 503, HTTP 503)
#   request 46256 bytes sha256 96f155e1a0931ccc, 5 attempt(s), 52.0 s waited
#   attempt 1 2026-09-24T16:53:13.718853+09:00 http 429 991.4 ms gen gen_01M396F1EQ1GEJXN838QY8RKGB retry-after 46.0 s then sleep 46.0 s
#   attempt 2 2026-09-24T16:54:00.707426+09:00 http 503 1616.0 ms gen gen_01M396GFF6WQXKK8M0M16ZSDYH then sleep 2.0 s
#   attempt 3 2026-09-24T16:54:04.323593+09:00 http 503 1904.9 ms gen gen_01M396GK91556XYFNE63YGDGSR then sleep 2.0 s
#   attempt 4 2026-09-24T16:54:08.228635+09:00 http 503 1369.1 ms gen gen_01M396GPKP074Q94Z285F7ADCP then sleep 2.0 s
#   attempt 5 2026-09-24T16:54:11.597963+09:00 http 200 1768.1 ms gen gen_01M396GT34CMRW20F1DH226F1X
2026-09-24T16:54:14.647303+09:00 r3 L13.B     4 200   1278.2   10167    612 0.00000000

# totals for run ps2-hintbench
# http requests      117
# choice questions   556
# latency total/avg/max ms  193689.9 / 1655.5 / 2998.3
# tokens in/out      1586608 / 31354
# cost usd           0.00000000
# wall clock of the run s   5378.9
# jev share of the run      3.6009%
# prompt-study-2-2026-09-24, target hintbench, vocab v6-2026-09-23, state state-v6.0-2026-09-23, leak check clean
2026-09-24T16:54:17.173878+09:00 r1 H1.A      8 200   1679.9   24502    339 0.00000000
2026-09-24T16:55:05.379212+09:00 r1 H1.B      4 200   1880.0   16708    607 0.00000000  (after 4 failed attempt(s): HTTP 503, HTTP 503, HTTP 429, HTTP 503)
#   request 56963 bytes sha256 9f3b68ac4518e11e, 5 attempt(s), 41.0 s waited
#   attempt 1 2026-09-24T16:54:17.177151+09:00 http 503 1625.0 ms gen gen_01M396GZK3RVHK07YZ3KNS7Q19 then sleep 2.0 s
#   attempt 2 2026-09-24T16:54:20.802321+09:00 http 503 1307.4 ms gen gen_01M396H2ZKX3E18M589Y1XADF7 then sleep 2.0 s
#   attempt 3 2026-09-24T16:54:24.109881+09:00 http 429 989.4 ms gen gen_01M396H66S8JEZGKXC0MCVKCMA retry-after 35.0 s then sleep 35.0 s
#   attempt 4 2026-09-24T16:55:00.098888+09:00 http 503 1400.1 ms gen gen_01M396J9A062Q8KS6Q2G5ZG29Y then sleep 2.0 s
#   attempt 5 2026-09-24T16:55:03.499159+09:00 http 200 1880.0 ms gen gen_01M396JCT1F6D5WBRVS5TEM0N1
2026-09-24T16:57:29.814668+09:00 r1 H2.A      8 200   1580.2   24041    339 0.00000000  (after 32 failed attempt(s): HTTP 503, HTTP 503, HTTP 503, HTTP 503, HTTP 503, HTTP 503, HTTP 429, HTTP 503, HTTP 503, HTTP 503, HTTP 503, HTTP 503, HTTP 503, HTTP 503, HTTP 503, HTTP 503, HTTP 503, HTTP 503, HTTP 503, HTTP 503, HTTP 503, HTTP 503, HTTP 503, HTTP 503, HTTP 503, HTTP 503, HTTP 503, HTTP 503, HTTP 503, HTTP 503, HTTP 503, HTTP 503)
#   request 66977 bytes sha256 76bd479ae14032a9, 33 attempt(s), 95.0 s waited
#   attempt 1 2026-09-24T16:55:05.382497+09:00 http 503 1573.6 ms gen gen_01M396JENQ981YY8VGJKEATYGB then sleep 2.0 s
#   attempt 2 2026-09-24T16:55:08.956314+09:00 http 503 1485.8 ms gen gen_01M396JJ207NJ96HTWCQTAHXQX then sleep 2.0 s
#   attempt 3 2026-09-24T16:55:12.442301+09:00 http 503 1191.6 ms gen gen_01M396JN5JEPRVC0XFANABK8JY then sleep 2.0 s
#   attempt 4 2026-09-24T16:55:15.632440+09:00 http 503 1577.1 ms gen gen_01M396JRNS578K6VXNS03D3TXM then sleep 2.0 s
#   attempt 5 2026-09-24T16:55:19.209773+09:00 http 503 1359.1 ms gen gen_01M396JVYNQGRDWPMJWCXVBRPF then sleep 2.0 s
#   attempt 6 2026-09-24T16:55:22.569118+09:00 http 503 1510.3 ms gen gen_01M396JZCA06KZ80CSHNJJN8Q6 then sleep 2.0 s
#   attempt 7 2026-09-24T16:55:26.079603+09:00 http 429 851.4 ms gen gen_01M396K2KSEQYSXYYZ6YED8JCT retry-after 33.0 s then sleep 33.0 s
#   attempt 8 2026-09-24T16:55:59.929523+09:00 http 503 1801.9 ms gen gen_01M396M3XSYVQJT9PKFDEXJ6V8 then sleep 2.0 s
#   attempt 9 2026-09-24T16:56:03.731585+09:00 http 503 1884.5 ms gen gen_01M396M7S5E71Y81776X8B7WPR then sleep 2.0 s
#   attempt 10 2026-09-24T16:56:07.616260+09:00 http 503 1616.8 ms gen gen_01M396MBEAXA2QH1VEYVM4GKCH then sleep 2.0 s
#   attempt 11 2026-09-24T16:56:11.233234+09:00 http 503 1507.5 ms gen gen_01M396MEZZQ1YC04H2095K93DB then sleep 2.0 s
#   attempt 12 2026-09-24T16:56:14.739765+09:00 http 503 1459.7 ms gen gen_01M396MJ8B8PWN2QW41Z614DDN then sleep 2.0 s
#   attempt 13 2026-09-24T16:56:18.199582+09:00 http 503 1391.2 ms gen gen_01M396MNJYVHBZ260CDZ5Z390B then sleep 2.0 s
#   attempt 14 2026-09-24T16:56:21.590926+09:00 http 503 1355.4 ms gen gen_01M396MRZBKAPBTK3EJMDD0KYE then sleep 2.0 s
#   attempt 15 2026-09-24T16:56:24.946502+09:00 http 503 1559.8 ms gen gen_01M396MWAXQQP5BFDGY0PKMVKE then sleep 2.0 s
#   attempt 16 2026-09-24T16:56:28.506494+09:00 http 503 1495.1 ms gen gen_01M396MZR8QWNN5XDT4VWHJHFF then sleep 2.0 s
#   attempt 17 2026-09-24T16:56:32.001806+09:00 http 503 1513.7 ms gen gen_01M396N35RHECA9NHKSTGV8JGF then sleep 2.0 s
#   attempt 18 2026-09-24T16:56:35.515648+09:00 http 503 1656.3 ms gen gen_01M396N6QA7XRQ914NHHQ05M3K then sleep 2.0 s
#   attempt 19 2026-09-24T16:56:39.172178+09:00 http 503 1513.6 ms gen gen_01M396NA690DEM22EPAEDQD706 then sleep 2.0 s
#   attempt 20 2026-09-24T16:56:42.686242+09:00 http 503 1626.0 ms gen gen_01M396NDPYSG2RNHBCX3NYB4JJ then sleep 2.0 s
#   attempt 21 2026-09-24T16:56:46.310990+09:00 http 503 1524.3 ms gen gen_01M396NH59N6EKNCBQGMW7ZBQS then sleep 2.0 s
#   attempt 22 2026-09-24T16:56:49.835417+09:00 http 503 1435.1 ms gen gen_01M396NMFQXTST70HJ2DN5DDF0 then sleep 2.0 s
#   attempt 23 2026-09-24T16:56:53.270690+09:00 http 503 1746.8 ms gen gen_01M396NR4FA4QYHTYA2RCJREDY then sleep 2.0 s
#   attempt 24 2026-09-24T16:56:57.017651+09:00 http 503 1451.9 ms gen gen_01M396NVGWRR7012DXMNNKJ9SZ then sleep 2.0 s
#   attempt 25 2026-09-24T16:57:00.469725+09:00 http 503 1372.7 ms gen gen_01M396NYSY092RRYND34PRWJX9 then sleep 2.0 s
#   attempt 26 2026-09-24T16:57:03.842579+09:00 http 503 1496.5 ms gen gen_01M396P2760AC7XNCZCQ8PJSDR then sleep 2.0 s
#   attempt 27 2026-09-24T16:57:07.339234+09:00 http 503 2034.4 ms gen gen_01M396P66XXEB7FRPKZRCNS0VV then sleep 2.0 s
#   attempt 28 2026-09-24T16:57:11.373878+09:00 http 503 1489.6 ms gen gen_01M396P9KSQNADK4C7S8J531N4 then sleep 2.0 s
#   attempt 29 2026-09-24T16:57:14.862226+09:00 http 503 1318.9 ms gen gen_01M396PCV2AP3D5QAF7NVRFDRV then sleep 2.0 s
#   attempt 30 2026-09-24T16:57:18.181259+09:00 http 503 1462.2 ms gen gen_01M396PG8ETE6WER4BJXXWDG5Y then sleep 2.0 s
#   attempt 31 2026-09-24T16:57:21.643631+09:00 http 503 1091.3 ms gen gen_01M396PKH8V19V7DKKHH5Q40HX then sleep 2.0 s
#   attempt 32 2026-09-24T16:57:24.735068+09:00 http 503 1499.2 ms gen gen_01M396PPNFPGAK391FZ09S80R3 then sleep 2.0 s
#   attempt 33 2026-09-24T16:57:28.234400+09:00 http 200 1580.2 ms gen gen_01M396PSYMYWF72Z81RD5N57AY
2026-09-24T16:57:41.822938+09:00 r1 H2.B      4 200   1481.8   14539    607 0.00000000  (after 3 failed attempt(s): HTTP 503, HTTP 503, HTTP 503)
#   request 46551 bytes sha256 dba88bbb9626ba24, 4 attempt(s), 6.0 s waited
#   attempt 1 2026-09-24T16:57:29.818478+09:00 http 503 1420.8 ms gen gen_01M396PVHVRAHFPTTVH15FDM70 then sleep 2.0 s
#   attempt 2 2026-09-24T16:57:33.239456+09:00 http 503 1546.3 ms gen gen_01M396PZ0AF6R360JJ5PZXNQFZ then sleep 2.0 s
#   attempt 3 2026-09-24T16:57:36.785930+09:00 http 503 1554.9 ms gen gen_01M396Q2EX5S14AA8H395HFSK1 then sleep 2.0 s
#   attempt 4 2026-09-24T16:57:40.340996+09:00 http 200 1481.8 ms gen gen_01M396Q5S1GBTCA1JJB3PD723H
2026-09-24T16:59:09.359016+09:00 r1 H3.A      8 200   1794.9   23750    339 0.00000000  (after 15 failed attempt(s): HTTP 503, HTTP 503, HTTP 503, HTTP 503, HTTP 503, HTTP 503, HTTP 503, HTTP 503, HTTP 503, HTTP 503, HTTP 503, HTTP 503, HTTP 429, HTTP 503, HTTP 503)
#   request 65821 bytes sha256 4332e77b6eacdf20, 16 attempt(s), 64.0 s waited
#   attempt 1 2026-09-24T16:57:41.826052+09:00 http 503 1342.1 ms gen gen_01M396Q763P0GZKQ9Y8EW42A8Y then sleep 2.0 s
#   attempt 2 2026-09-24T16:57:45.167160+09:00 http 503 1385.3 ms gen gen_01M396QAGQ1TS343KC2B2CFBBP then sleep 2.0 s
#   attempt 3 2026-09-24T16:57:48.552645+09:00 http 503 1483.3 ms gen gen_01M396QDXBX92QGNNPFVDGRZHV then sleep 2.0 s
#   attempt 4 2026-09-24T16:57:52.036159+09:00 http 503 1539.8 ms gen gen_01M396QHCDPMMXGGEDKDR2CCSX then sleep 2.0 s
#   attempt 5 2026-09-24T16:57:55.576134+09:00 http 503 1502.1 ms gen gen_01M396QMQX3NSN98Y0JC19R600 then sleep 2.0 s
#   attempt 6 2026-09-24T16:57:59.078470+09:00 http 503 1454.6 ms gen gen_01M396QR4Z00DJTPAW1WRRMA5P then sleep 2.0 s
#   attempt 7 2026-09-24T16:58:02.533295+09:00 http 503 1573.9 ms gen gen_01M396QVMYCJ46RXPWB1PMDFX1 then sleep 2.0 s
#   attempt 8 2026-09-24T16:58:06.107384+09:00 http 503 1507.0 ms gen gen_01M396QZ2K1WM9ACAYXVQJYTYB then sleep 2.0 s
#   attempt 9 2026-09-24T16:58:09.614605+09:00 http 503 1388.8 ms gen gen_01M396R2BQPB01ZFA16H3SWB4N then sleep 2.0 s
#   attempt 10 2026-09-24T16:58:13.003552+09:00 http 503 1314.2 ms gen gen_01M396R5M20P5S5D1YBCCGBF29 then sleep 2.0 s
#   attempt 11 2026-09-24T16:58:16.315955+09:00 http 503 1541.2 ms gen gen_01M396R925DFJP25FB8V3Z21PV then sleep 2.0 s
#   attempt 12 2026-09-24T16:58:19.857294+09:00 http 503 1528.6 ms gen gen_01M396RCGFDKJ2YEAV1GZ0CMXD then sleep 2.0 s
#   attempt 13 2026-09-24T16:58:23.386114+09:00 http 429 1126.0 ms gen gen_01M396RG0H1MTE6F190TNWZC71 retry-after 36.0 s then sleep 36.0 s
#   attempt 14 2026-09-24T16:59:00.511235+09:00 http 503 1464.4 ms gen gen_01M396SM5C6KT0AD6KJEAAGHGF then sleep 2.0 s
#   attempt 15 2026-09-24T16:59:03.975801+09:00 http 503 1588.0 ms gen gen_01M396SQNZZ9N3Q757RKB5BP52 then sleep 2.0 s
#   attempt 16 2026-09-24T16:59:07.564034+09:00 http 200 1794.9 ms gen gen_01M396SV5D200BS2BGC220WY4J
2026-09-24T16:59:10.844469+09:00 r1 H3.B      4 200   1482.4   14256    607 0.00000000
2026-09-24T17:01:37.489710+09:00 r2 H1.A      8 200   1867.4   24502    339 0.00000000  (after 28 failed attempt(s): HTTP 503, HTTP 503, HTTP 503, HTTP 503, HTTP 503, HTTP 503, HTTP 503, HTTP 503, HTTP 503, HTTP 503, HTTP 503, HTTP 503, HTTP 503, HTTP 503, HTTP 503, HTTP 503, HTTP 503, HTTP 429, HTTP 503, HTTP 503, HTTP 503, HTTP 503, HTTP 503, HTTP 503, HTTP 503, HTTP 503, HTTP 503, HTTP 503)
#   request 69549 bytes sha256 2815ba115df2bcb7, 29 attempt(s), 103.0 s waited
#   attempt 1 2026-09-24T16:59:10.848358+09:00 http 503 1506.3 ms gen gen_01M396SY42JNW9YK0N7SSEGAA2 then sleep 2.0 s
#   attempt 2 2026-09-24T16:59:14.354917+09:00 http 503 1376.5 ms gen gen_01M396T1J9N5G8HWTDQ9BFGG8Y then sleep 2.0 s
#   attempt 3 2026-09-24T16:59:17.730019+09:00 http 503 1530.9 ms gen gen_01M396T50GS354JTZJFPAJF93W then sleep 2.0 s
#   attempt 4 2026-09-24T16:59:21.261045+09:00 http 503 1446.4 ms gen gen_01M396T8DJRY2CPJ5M518SZX6Z then sleep 2.0 s
#   attempt 5 2026-09-24T16:59:24.707672+09:00 http 503 1328.1 ms gen gen_01M396TBN5223Z1D0746AS32G7 then sleep 2.0 s
#   attempt 6 2026-09-24T16:59:28.035956+09:00 http 503 1271.3 ms gen gen_01M396TEZGMBMZJS22A0MDRKW1 then sleep 2.0 s
#   attempt 7 2026-09-24T16:59:31.307448+09:00 http 503 1658.6 ms gen gen_01M396TJ9D3J7EGG8EDSEJ2CTY then sleep 2.0 s
#   attempt 8 2026-09-24T16:59:34.966214+09:00 http 503 1485.6 ms gen gen_01M396TNV4PQ8CVA0JPHBNAR2P then sleep 2.0 s
#   attempt 9 2026-09-24T16:59:38.452023+09:00 http 503 1534.7 ms gen gen_01M396TS8N3F9KNTNFGKXK8KHJ then sleep 2.0 s
#   attempt 10 2026-09-24T16:59:41.986932+09:00 http 503 1701.9 ms gen gen_01M396TWW52BGWEVKQZRCP703J then sleep 2.0 s
#   attempt 11 2026-09-24T16:59:45.687544+09:00 http 503 1569.5 ms gen gen_01M396V0AZKVSPE1JSRGQ2KQ7F then sleep 2.0 s
#   attempt 12 2026-09-24T16:59:49.257189+09:00 http 503 1616.3 ms gen gen_01M396V3VV8808DJQTDCRP6BAF then sleep 2.0 s
#   attempt 13 2026-09-24T16:59:52.873664+09:00 http 503 1452.2 ms gen gen_01M396V7A0E7CF6R7FW50EBKRD then sleep 2.0 s
#   attempt 14 2026-09-24T16:59:56.326097+09:00 http 503 1547.2 ms gen gen_01M396VAR30BV20CV8T33BYVSY then sleep 2.0 s
#   attempt 15 2026-09-24T16:59:59.873670+09:00 http 503 1518.8 ms gen gen_01M396VE5H0DSYSTFJZ6G40K4P then sleep 2.0 s
#   attempt 16 2026-09-24T17:00:03.392751+09:00 http 503 1420.7 ms gen gen_01M396VHG62D24KKG1D71NHM25 then sleep 2.0 s
#   attempt 17 2026-09-24T17:00:06.813659+09:00 http 503 1487.0 ms gen gen_01M396VMWT2Q17HE2MFSBZA0MH then sleep 2.0 s
#   attempt 18 2026-09-24T17:00:10.301087+09:00 http 429 1043.0 ms gen gen_01M396VRATXSPD3HKSG0HXR42P retry-after 49.0 s then sleep 49.0 s
#   attempt 19 2026-09-24T17:01:00.341510+09:00 http 503 1464.7 ms gen gen_01M396X96PDGB5CW5GXD6SY4V6 then sleep 2.0 s
#   attempt 20 2026-09-24T17:01:03.806422+09:00 http 503 1488.8 ms gen gen_01M396XCKPT3WJPECKMM3688G9 then sleep 2.0 s
#   attempt 21 2026-09-24T17:01:07.295576+09:00 http 503 1624.4 ms gen gen_01M396XG3GPE4BPH676NE7KP3V then sleep 2.0 s
#   attempt 22 2026-09-24T17:01:10.920170+09:00 http 503 1910.7 ms gen gen_01M396XKY94FJ5067E9MDZVJNA then sleep 2.0 s
#   attempt 23 2026-09-24T17:01:14.829477+09:00 http 503 1664.8 ms gen gen_01M396XQA34D3RSY98XBZN1QT2 then sleep 2.0 s
#   attempt 24 2026-09-24T17:01:18.494492+09:00 http 503 1448.1 ms gen gen_01M396XV0RX1H2AGW34XGWPB0A then sleep 2.0 s
#   attempt 25 2026-09-24T17:01:21.942764+09:00 http 503 1227.0 ms gen gen_01M396XY5VP0MN9FBHJPEKQPAE then sleep 2.0 s
#   attempt 26 2026-09-24T17:01:25.169888+09:00 http 503 1417.0 ms gen gen_01M396Y1CTRQAM2SCSXZ8JPQ37 then sleep 2.0 s
#   attempt 27 2026-09-24T17:01:28.587365+09:00 http 503 1495.2 ms gen gen_01M396Y4SF9WXP57CD8HBP8N7M then sleep 2.0 s
#   attempt 28 2026-09-24T17:01:32.082775+09:00 http 503 1539.3 ms gen gen_01M396Y88V46XF3W8X6P29RSBW then sleep 2.0 s
#   attempt 29 2026-09-24T17:01:35.622263+09:00 http 200 1867.4 ms gen gen_01M396YBT2N3Y6CYB3V9SV85NM
2026-09-24T17:01:42.651405+09:00 r2 H1.B      4 200   1745.1   16708    607 0.00000000  (after 1 failed attempt(s): HTTP 503)
#   request 56963 bytes sha256 9f3b68ac4518e11e, 2 attempt(s), 2.0 s waited
#   attempt 1 2026-09-24T17:01:37.493406+09:00 http 503 1412.7 ms gen gen_01M396YDCMZHDDYBFKWD1ZVJZ2 then sleep 2.0 s
#   attempt 2 2026-09-24T17:01:40.906232+09:00 http 200 1745.1 ms gen gen_01M396YGY2Q64B85DTMKDZ1G96
2026-09-24T17:03:02.417110+09:00 r2 H2.A      8 200   1734.4   24041    339 0.00000000  (after 6 failed attempt(s): HTTP 503, HTTP 503, HTTP 503, HTTP 503, HTTP 503, HTTP 429)
#   request 66977 bytes sha256 76bd479ae14032a9, 7 attempt(s), 69.0 s waited
#   attempt 1 2026-09-24T17:01:42.655044+09:00 http 503 1546.6 ms gen gen_01M396YJK3KCXJRYWHA74R21TH then sleep 2.0 s
#   attempt 2 2026-09-24T17:01:46.200763+09:00 http 503 1689.9 ms gen gen_01M396YP3XQXD1E77MGQ684VFK then sleep 2.0 s
#   attempt 3 2026-09-24T17:01:49.890802+09:00 http 503 1464.4 ms gen gen_01M396YSMVWS27KYJF1FP6XJ4B then sleep 2.0 s
#   attempt 4 2026-09-24T17:01:53.355384+09:00 http 503 1654.0 ms gen gen_01M396YX3RDZYAD167M0TCD3K1 then sleep 2.0 s
#   attempt 5 2026-09-24T17:01:57.009563+09:00 http 503 1496.2 ms gen gen_01M396Z0N93FMXJ64KKN684035 then sleep 2.0 s
#   attempt 6 2026-09-24T17:02:00.505903+09:00 http 429 1179.8 ms gen gen_01M396Z41RK0A5SMFPV3B35TP5 retry-after 59.0 s then sleep 59.0 s
#   attempt 7 2026-09-24T17:03:00.682684+09:00 http 200 1734.4 ms gen gen_01M3970YR3BRNZ89TTHSAXP3F1
2026-09-24T17:03:14.708409+09:00 r2 H2.B      4 200   1696.0   14539    607 0.00000000  (after 3 failed attempt(s): HTTP 503, HTTP 503, HTTP 503)
#   request 46551 bytes sha256 dba88bbb9626ba24, 4 attempt(s), 6.0 s waited
#   attempt 1 2026-09-24T17:03:02.420253+09:00 http 503 1590.1 ms gen gen_01M39710H7K7GPRA7F5VW9XCX5 then sleep 2.0 s
#   attempt 2 2026-09-24T17:03:06.010816+09:00 http 503 1621.8 ms gen gen_01M397140D1T4S8QNV02PAYPM2 then sleep 2.0 s
#   attempt 3 2026-09-24T17:03:09.632808+09:00 http 503 1379.1 ms gen gen_01M39717AJ0GWNJ4F4JCBD9NTW then sleep 2.0 s
#   attempt 4 2026-09-24T17:03:13.012334+09:00 http 200 1696.0 ms gen gen_01M3971ATNW9NEF3H4BH21KDNS
2026-09-24T17:03:41.293134+09:00 r2 H3.A      8 200   1536.2   23750    339 0.00000000  (after 7 failed attempt(s): HTTP 503, HTTP 503, HTTP 503, HTTP 503, HTTP 503, HTTP 503, HTTP 503)
#   request 65821 bytes sha256 4332e77b6eacdf20, 8 attempt(s), 14.0 s waited
#   attempt 1 2026-09-24T17:03:14.711654+09:00 http 503 1594.0 ms gen gen_01M3971CGGDE4Z23YECGHJ0DCX then sleep 2.0 s
#   attempt 2 2026-09-24T17:03:18.304311+09:00 http 503 1751.6 ms gen gen_01M3971G1CDXSVX0RYVZY3THW0 then sleep 2.0 s
#   attempt 3 2026-09-24T17:03:22.056103+09:00 http 503 1604.6 ms gen gen_01M3971KN72986M2K9BHSX7CDW then sleep 2.0 s
#   attempt 4 2026-09-24T17:03:25.660922+09:00 http 503 1417.7 ms gen gen_01M3971Q0VNMYG961XEHDM1YVS then sleep 2.0 s
#   attempt 5 2026-09-24T17:03:29.078795+09:00 http 503 1610.4 ms gen gen_01M3971TJ4GKXCD8TJRGNS964K then sleep 2.0 s
#   attempt 6 2026-09-24T17:03:32.689369+09:00 http 503 1491.5 ms gen gen_01M3971XZBSY0T7941DMQ2NPP4 then sleep 2.0 s
#   attempt 7 2026-09-24T17:03:36.180988+09:00 http 503 1575.7 ms gen gen_01M39721DYNJQG3CKY0JMNC5QJ then sleep 2.0 s
#   attempt 8 2026-09-24T17:03:39.756837+09:00 http 200 1536.2 ms gen gen_01M39724SCJWCS1D8GRXF45DQ2
2026-09-24T17:03:42.789547+09:00 r2 H3.B      4 200   1493.4   14256    607 0.00000000
2026-09-24T17:05:20.311238+09:00 r3 H1.A      8 200   1843.5   24502    339 0.00000000  (after 16 failed attempt(s): HTTP 503, HTTP 429, HTTP 503, HTTP 503, HTTP 503, HTTP 503, HTTP 503, HTTP 503, HTTP 503, HTTP 503, HTTP 429, HTTP 503, HTTP 503, HTTP 503, HTTP 503, HTTP 503)
#   request 69549 bytes sha256 2815ba115df2bcb7, 17 attempt(s), 72.0 s waited
#   attempt 1 2026-09-24T17:03:42.792673+09:00 http 503 1588.7 ms gen gen_01M39727YM9VFKQXWTF9ZJ0SQJ then sleep 2.0 s
#   attempt 2 2026-09-24T17:03:46.380708+09:00 http 429 887.8 ms gen gen_01M3972B73JVGSDVE4F9JSR289 retry-after 13.0 s then sleep 13.0 s
#   attempt 3 2026-09-24T17:04:00.268720+09:00 http 503 1555.6 ms gen gen_01M3972RYQRRH890E6D3E9P5VK then sleep 2.0 s
#   attempt 4 2026-09-24T17:04:03.824544+09:00 http 503 1400.9 ms gen gen_01M3972W8HYKXVJ98YX1DGQT9H then sleep 2.0 s
#   attempt 5 2026-09-24T17:04:07.225656+09:00 http 503 1717.6 ms gen gen_01M3972ZS7H6ZYX1467JM8BED1 then sleep 2.0 s
#   attempt 6 2026-09-24T17:04:10.943397+09:00 http 503 1754.5 ms gen gen_01M39733JWAHB947ZGY26AWSXG then sleep 2.0 s
#   attempt 7 2026-09-24T17:04:14.698095+09:00 http 503 1372.7 ms gen gen_01M39736VQH6DA3369EE53BDCG then sleep 2.0 s
#   attempt 8 2026-09-24T17:04:18.069055+09:00 http 503 1366.7 ms gen gen_01M3973A5ZYDMTDVSSJZ05Y5H8 then sleep 2.0 s
#   attempt 9 2026-09-24T17:04:21.435966+09:00 http 503 1574.6 ms gen gen_01M3973DNJ48MNBTDXD04EVHVS then sleep 2.0 s
#   attempt 10 2026-09-24T17:04:25.010760+09:00 http 503 1476.4 ms gen gen_01M3973H2T97HH0TKD3QY2TMPW then sleep 2.0 s
#   attempt 11 2026-09-24T17:04:28.487382+09:00 http 429 1070.7 ms gen gen_01M3973MG0FX2FKDHQC4WNV9MC retry-after 31.0 s then sleep 31.0 s
#   attempt 12 2026-09-24T17:05:00.557439+09:00 http 503 1536.1 ms gen gen_01M3974KSWW4F0P9PWYWC2P9JN then sleep 2.0 s
#   attempt 13 2026-09-24T17:05:04.093781+09:00 http 503 1660.2 ms gen gen_01M3974QBM2JPH3ZQF34T9FD41 then sleep 2.0 s
#   attempt 14 2026-09-24T17:05:07.754176+09:00 http 503 1735.7 ms gen gen_01M3974V113CJY601FA6WNJ4PR then sleep 2.0 s
#   attempt 15 2026-09-24T17:05:11.490062+09:00 http 503 1528.9 ms gen gen_01M3974YERW2NYY5S55D91K2D9 then sleep 2.0 s
#   attempt 16 2026-09-24T17:05:15.014846+09:00 http 503 1452.4 ms gen gen_01M39751V9FE233VVR4N2G43E3 then sleep 2.0 s
#   attempt 17 2026-09-24T17:05:18.467688+09:00 http 200 1843.5 ms gen gen_01M39755CXK84VH12BQQN5VQ4D
2026-09-24T17:05:29.622595+09:00 r3 H1.B      4 200   2055.6   16708    607 0.00000000  (after 2 failed attempt(s): HTTP 503, HTTP 503)
#   request 56963 bytes sha256 9f3b68ac4518e11e, 3 attempt(s), 4.0 s waited
#   attempt 1 2026-09-24T17:05:20.315036+09:00 http 503 1615.6 ms gen gen_01M397577A57V8HGBHKRB3DN7M then sleep 2.0 s
#   attempt 2 2026-09-24T17:05:23.930806+09:00 http 503 1635.9 ms gen gen_01M3975ASHB8XK3250W4FM4RPV then sleep 2.0 s
#   attempt 3 2026-09-24T17:05:27.566918+09:00 http 200 2055.6 ms gen gen_01M3975E361XAA1XC67D751BE8
2026-09-24T17:05:48.771874+09:00 r3 H2.A      8 200   1704.6   24041    339 0.00000000  (after 5 failed attempt(s): HTTP 503, HTTP 503, HTTP 503, HTTP 503, HTTP 503)
#   request 66977 bytes sha256 76bd479ae14032a9, 6 attempt(s), 10.0 s waited
#   attempt 1 2026-09-24T17:05:29.625888+09:00 http 503 1706.2 ms gen gen_01M3975GCTYFCCW2VXY5SGH2S0 then sleep 2.0 s
#   attempt 2 2026-09-24T17:05:33.332651+09:00 http 503 1325.6 ms gen gen_01M3975KMP3HGG0V0WAKRPTKYH then sleep 2.0 s
#   attempt 3 2026-09-24T17:05:36.658437+09:00 http 503 1360.1 ms gen gen_01M3975PXJ5WZHENBNPXECETVN then sleep 2.0 s
#   attempt 4 2026-09-24T17:05:40.018707+09:00 http 503 1659.7 ms gen gen_01M3975TFNT5G490W4QBZXJ02V then sleep 2.0 s
#   attempt 5 2026-09-24T17:05:43.678602+09:00 http 503 1390.6 ms gen gen_01M3975XSGHWE1JY8JD9J40DSS then sleep 2.0 s
#   attempt 6 2026-09-24T17:05:47.067240+09:00 http 200 1704.6 ms gen gen_01M3976171QD22Q20SM15N5WE2
2026-09-24T17:05:50.221325+09:00 r3 H2.B      4 200   1446.2   14539    612 0.00000000
2026-09-24T17:07:38.488340+09:00 r3 H3.A      8 200   1803.0   23750    339 0.00000000  (after 23 failed attempt(s): HTTP 429, HTTP 503, HTTP 503, HTTP 503, HTTP 503, HTTP 503, HTTP 503, HTTP 503, HTTP 503, HTTP 503, HTTP 503, HTTP 503, HTTP 429, HTTP 503, HTTP 503, HTTP 503, HTTP 503, HTTP 503, HTTP 503, HTTP 503, HTTP 503, HTTP 503, HTTP 503)
#   request 65821 bytes sha256 4332e77b6eacdf20, 24 attempt(s), 72.0 s waited
#   attempt 1 2026-09-24T17:05:50.224724+09:00 http 429 1224.0 ms gen gen_01M39764ETF5P0KV80MKKK7MMP retry-after 9.0 s then sleep 9.0 s
#   attempt 2 2026-09-24T17:06:00.449215+09:00 http 503 1773.9 ms gen gen_01M3976EHM2KF3MNJ9SB1XXXWC then sleep 2.0 s
#   attempt 3 2026-09-24T17:06:04.223326+09:00 http 503 1410.7 ms gen gen_01M3976J1CPYW43MX2Y120NJCX then sleep 2.0 s
#   attempt 4 2026-09-24T17:06:07.634266+09:00 http 503 1520.4 ms gen gen_01M3976NAGQ1ZHPZR1SSZTR6JC then sleep 2.0 s
#   attempt 5 2026-09-24T17:06:11.154942+09:00 http 503 1566.0 ms gen gen_01M3976RSADRZ396P73X1KD8GZ then sleep 2.0 s
#   attempt 6 2026-09-24T17:06:14.718796+09:00 http 503 1042.6 ms gen gen_01M3976W2BQMYDFS4YGATQD82N then sleep 2.0 s
#   attempt 7 2026-09-24T17:06:17.761553+09:00 http 503 1367.3 ms gen gen_01M3976Z2HEXQN6NK530YRV08V then sleep 2.0 s
#   attempt 8 2026-09-24T17:06:21.129380+09:00 http 503 1657.9 ms gen gen_01M39772N0JHAK1SFWQ92YQ5G7 then sleep 2.0 s
#   attempt 9 2026-09-24T17:06:24.787527+09:00 http 503 1536.6 ms gen gen_01M397763B7VWN4TGW012F01B1 then sleep 2.0 s
#   attempt 10 2026-09-24T17:06:28.324344+09:00 http 503 1362.3 ms gen gen_01M39779BHY1ZDSRHQVCZQNCXB then sleep 2.0 s
#   attempt 11 2026-09-24T17:06:31.686938+09:00 http 503 1240.9 ms gen gen_01M3977CNJ8B7J60DK5GDN552V then sleep 2.0 s
#   attempt 12 2026-09-24T17:06:34.928040+09:00 http 503 1503.8 ms gen gen_01M3977FZ5PM6WW2VN37C8BSXF then sleep 2.0 s
#   attempt 13 2026-09-24T17:06:38.432252+09:00 http 429 1289.1 ms gen gen_01M3977KK8HN0329DHX4DQCVAE retry-after 21.0 s then sleep 21.0 s
#   attempt 14 2026-09-24T17:07:00.719463+09:00 http 503 1489.3 ms gen gen_01M3978953P9G8TB0PF2BSWSHJ then sleep 2.0 s
#   attempt 15 2026-09-24T17:07:04.209023+09:00 http 503 1411.4 ms gen gen_01M3978CF01M8WCW73S60NX3W5 then sleep 2.0 s
#   attempt 16 2026-09-24T17:07:07.620634+09:00 http 503 1687.9 ms gen gen_01M3978G0JH66QYJZD7PQ949TS then sleep 2.0 s
#   attempt 17 2026-09-24T17:07:11.308743+09:00 http 503 1405.6 ms gen gen_01M3978KGYHDCDXN94K51FWYT5 then sleep 2.0 s
#   attempt 18 2026-09-24T17:07:14.714644+09:00 http 503 1806.7 ms gen gen_01M3978Q33Q240ZVV8NPVT59XJ then sleep 2.0 s
#   attempt 19 2026-09-24T17:07:18.519242+09:00 http 503 1563.2 ms gen gen_01M3978TEE56PYGWVA8H1RHN0D then sleep 2.0 s
#   attempt 20 2026-09-24T17:07:22.082641+09:00 http 503 1862.5 ms gen gen_01M3978Y7102WKG3Z0J1JHG9AH then sleep 2.0 s
#   attempt 21 2026-09-24T17:07:25.945302+09:00 http 503 1497.9 ms gen gen_01M39791RW4V7H1F05WSFC36D2 then sleep 2.0 s
#   attempt 22 2026-09-24T17:07:29.443449+09:00 http 503 1634.0 ms gen gen_01M39795A70NXFCX1TKNN42S3B then sleep 2.0 s
#   attempt 23 2026-09-24T17:07:33.077607+09:00 http 503 1607.4 ms gen gen_01M39798TPB7NCDXC0NE4AC82G then sleep 2.0 s
#   attempt 24 2026-09-24T17:07:36.685223+09:00 http 200 1803.0 ms gen gen_01M3979CC9VV2CQPSR4073SW1N
2026-09-24T17:08:28.449166+09:00 r3 H3.B      4 200   1808.6   14256    607 0.00000000  (after 13 failed attempt(s): HTTP 503, HTTP 503, HTTP 503, HTTP 503, HTTP 503, HTTP 503, HTTP 503, HTTP 503, HTTP 503, HTTP 503, HTTP 503, HTTP 503, HTTP 503)
#   request 45567 bytes sha256 1ed36fda1c008188, 14 attempt(s), 26.0 s waited
#   attempt 1 2026-09-24T17:07:38.494570+09:00 http 503 1641.9 ms gen gen_01M3979E559BMJJ52BXW1QCZ0F then sleep 2.0 s
#   attempt 2 2026-09-24T17:07:42.136654+09:00 http 503 1482.1 ms gen gen_01M3979HJJE615E7KPXAWVHFPM then sleep 2.0 s
#   attempt 3 2026-09-24T17:07:45.616634+09:00 http 503 1042.1 ms gen gen_01M3979MV6T0M2YC4DS9XE37MC then sleep 2.0 s
#   attempt 4 2026-09-24T17:07:48.658973+09:00 http 503 1335.3 ms gen gen_01M3979QT7ZPA6W32NGY7M85AN then sleep 2.0 s
#   attempt 5 2026-09-24T17:07:51.994466+09:00 http 503 1432.7 ms gen gen_01M3979V8DJTF6YK9T3E3PACJ4 then sleep 2.0 s
#   attempt 6 2026-09-24T17:07:55.427550+09:00 http 503 1459.5 ms gen gen_01M3979YG103FQ50EGJ0HNNQX3 then sleep 2.0 s
#   attempt 7 2026-09-24T17:07:58.887244+09:00 http 503 1753.3 ms gen gen_01M397A25JDPGE6EZDDJST7GER then sleep 2.0 s
#   attempt 8 2026-09-24T17:08:02.640989+09:00 http 503 2326.1 ms gen gen_01M397A6C9DY3F8YXQG12NQHK1 then sleep 2.0 s
#   attempt 9 2026-09-24T17:08:06.967328+09:00 http 503 1757.8 ms gen gen_01M397AA25G6418GCV82W81XQA then sleep 2.0 s
#   attempt 10 2026-09-24T17:08:10.725526+09:00 http 503 2146.2 ms gen gen_01M397ADJWRNHHSYJ05ZCE109S then sleep 2.0 s
#   attempt 11 2026-09-24T17:08:14.869721+09:00 http 503 1636.7 ms gen gen_01M397AHNXD06VRSNYJC71M2EH then sleep 2.0 s
#   attempt 12 2026-09-24T17:08:18.506618+09:00 http 503 2532.8 ms gen gen_01M397AP8MNX8AT5S4G7HQJR3Q then sleep 2.0 s
#   attempt 13 2026-09-24T17:08:23.039659+09:00 http 503 1600.6 ms gen gen_01M397ASE1W2Y93213ZBGW1PV4 then sleep 2.0 s
#   attempt 14 2026-09-24T17:08:26.640495+09:00 http 200 1808.6 ms gen gen_01M397AX71BSCRWCV0JZR3JPX3

# totals for run ps2-hintbench
# http requests      18
# choice questions   108
# latency total/avg/max ms  30633.2 / 1701.8 / 2055.6
# tokens in/out      353388 / 8519
# cost usd           0.00000000
# wall clock of the run s   853.0
# jev share of the run      3.5913%
