# jev-opt request log, run ps2-jaq
# ts round phase questions http_status latency_ms input_tokens output_tokens cost_usd
# prompt-study-2-2026-09-24, target jaq, vocab v6-2026-09-23, state state-v6.0-2026-09-23, leak check clean
2026-09-24T17:20:18.282598+09:00 r1 B0.A.b0   5 200   1533.4   16546    214 0.00000000  (after 2 failed attempt(s): HTTP 503, HTTP 503)
#   request 50094 bytes sha256 6a1dd51f0c749bcc, 3 attempt(s), 4.0 s waited
#   attempt 1 2026-09-24T17:20:09.468775+09:00 http 503 1621.8 ms gen gen_01M3980BFEK8APP423NNF37KDB then sleep 2.0 s
#   attempt 2 2026-09-24T17:20:13.090797+09:00 http 503 1659.4 ms gen gen_01M3980F3T75ZAE0EP29EB9C68 then sleep 2.0 s
#   attempt 3 2026-09-24T17:20:16.749131+09:00 http 200 1533.4 ms gen gen_01M3980JJ0XS20TKT7FHKH6GBN
2026-09-24T17:20:19.724712+09:00 r1 B0.A.b1   8 200   1441.4   20698    340 0.00000000
2026-09-24T17:20:26.934250+09:00 r1 B0.A.b2   2 200   1107.8    6016     87 0.00000000  (after 2 failed attempt(s): HTTP 503, HTTP 503)
#   request 18708 bytes sha256 64788d136929ef17, 3 attempt(s), 4.0 s waited
#   attempt 1 2026-09-24T17:20:19.725300+09:00 http 503 901.3 ms gen gen_01M3980N4CRBH801QZ69Q577J0 then sleep 2.0 s
#   attempt 2 2026-09-24T17:20:22.626815+09:00 http 503 1199.4 ms gen gen_01M3980R3ZEBH62ZTA72E9KSNH then sleep 2.0 s
#   attempt 3 2026-09-24T17:20:25.826405+09:00 http 200 1107.8 ms gen gen_01M3980V2NDRFNF6RECC8G2EZ5
2026-09-24T17:20:35.744714+09:00 r1 L6.A.b0   5 200   1714.5   17373    214 0.00000000  (after 2 failed attempt(s): HTTP 503, HTTP 503)
#   request 53071 bytes sha256 745e32821f40e199, 3 attempt(s), 4.0 s waited
#   attempt 1 2026-09-24T17:20:26.953959+09:00 http 503 1755.6 ms gen gen_01M3980WS39ERS0JX0DFBEE19X then sleep 2.0 s
#   attempt 2 2026-09-24T17:20:30.709819+09:00 http 503 1320.1 ms gen gen_01M3981043SJB4AQPKACEPH70P then sleep 2.0 s
#   attempt 3 2026-09-24T17:20:34.030119+09:00 http 200 1714.5 ms gen gen_01M39813F5D644MF8J4RBNBMJ4
2026-09-24T17:21:59.549486+09:00 r1 L6.A.b1   8 200   2046.5   21532    340 0.00000000  (after 23 failed attempt(s): HTTP 503, HTTP 503, HTTP 503, HTTP 503, HTTP 503, HTTP 503, HTTP 503, HTTP 503, HTTP 503, HTTP 503, HTTP 503, HTTP 503, HTTP 503, HTTP 503, HTTP 503, HTTP 503, HTTP 503, HTTP 503, HTTP 503, HTTP 503, HTTP 503, HTTP 503, HTTP 503)
#   request 64212 bytes sha256 5153bc5d11cf3917, 24 attempt(s), 46.0 s waited
#   attempt 1 2026-09-24T17:20:35.745421+09:00 http 503 1385.6 ms gen gen_01M398153M8YXRBEJK8JBQP1KE then sleep 2.0 s
#   attempt 2 2026-09-24T17:20:39.131228+09:00 http 503 1698.0 ms gen gen_01M39818GBDQY7AV4V9CF6PVHQ then sleep 2.0 s
#   attempt 3 2026-09-24T17:20:42.829347+09:00 http 503 1539.4 ms gen gen_01M3981C1E0EBKHC2EHK3QA23B then sleep 2.0 s
#   attempt 4 2026-09-24T17:20:46.367902+09:00 http 503 1667.2 ms gen gen_01M3981FM9D384XS2Z721GH2MQ then sleep 2.0 s
#   attempt 5 2026-09-24T17:20:50.035285+09:00 http 503 1313.1 ms gen gen_01M3981JZPPWWVP6M3X9HH24ED then sleep 2.0 s
#   attempt 6 2026-09-24T17:20:53.348556+09:00 http 503 1387.7 ms gen gen_01M3981P5ETD3WVTFK6KDP2S3H then sleep 2.0 s
#   attempt 7 2026-09-24T17:20:56.736518+09:00 http 503 1591.1 ms gen gen_01M3981SSHBGWHFB6K3HMK41FZ then sleep 2.0 s
#   attempt 8 2026-09-24T17:21:00.327864+09:00 http 503 1562.2 ms gen gen_01M3981X5G7215EKBHD7G475HY then sleep 2.0 s
#   attempt 9 2026-09-24T17:21:03.890265+09:00 http 503 1321.1 ms gen gen_01M39820GBAVAE5M0TQEAB6C84 then sleep 2.0 s
#   attempt 10 2026-09-24T17:21:07.211553+09:00 http 503 1634.9 ms gen gen_01M39823XX9XW42JQSZEGEWJRX then sleep 2.0 s
#   attempt 11 2026-09-24T17:21:10.846652+09:00 http 503 2126.1 ms gen gen_01M39827FPTXH4Y6XV1XA745J1 then sleep 2.0 s
#   attempt 12 2026-09-24T17:21:14.971530+09:00 http 503 1460.4 ms gen gen_01M3982BFNA0V9TDKRNMQ1DDV0 then sleep 2.0 s
#   attempt 13 2026-09-24T17:21:18.432420+09:00 http 503 1460.5 ms gen gen_01M3982ENZ0A7VHBJTQ6BV8Y8S then sleep 2.0 s
#   attempt 14 2026-09-24T17:21:21.893317+09:00 http 503 1636.0 ms gen gen_01M3982J8AK8YJX1G96TE4T4C0 then sleep 2.0 s
#   attempt 15 2026-09-24T17:21:25.529515+09:00 http 503 1416.0 ms gen gen_01M3982NKYKA4GM64CQGVP4PKX then sleep 2.0 s
#   attempt 16 2026-09-24T17:21:28.945682+09:00 http 503 1671.5 ms gen gen_01M3982S4NX1QKPPV3F37CAGVX then sleep 2.0 s
#   attempt 17 2026-09-24T17:21:32.617326+09:00 http 503 1628.0 ms gen gen_01M3982WRJV854TESNDWNBR0HA then sleep 2.0 s
#   attempt 18 2026-09-24T17:21:36.245507+09:00 http 503 1549.6 ms gen gen_01M398305BW0JHPAG5JRV9EMQP then sleep 2.0 s
#   attempt 19 2026-09-24T17:21:39.795320+09:00 http 503 1616.6 ms gen gen_01M39833PDYSC40452DJ9GYH5H then sleep 2.0 s
#   attempt 20 2026-09-24T17:21:43.412036+09:00 http 503 1486.5 ms gen gen_01M398374C5JSR7WH0SWCR704M then sleep 2.0 s
#   attempt 21 2026-09-24T17:21:46.897360+09:00 http 503 1621.2 ms gen gen_01M3983AP04AR6MW6BHDHV2A84 then sleep 2.0 s
#   attempt 22 2026-09-24T17:21:50.518753+09:00 http 503 1552.4 ms gen gen_01M3983E4YW83VVACAGSCRA5PY then sleep 2.0 s
#   attempt 23 2026-09-24T17:21:54.071332+09:00 http 503 1431.4 ms gen gen_01M3983HMKHRVS12305QJCSBJ4 then sleep 2.0 s
#   attempt 24 2026-09-24T17:21:57.502923+09:00 http 200 2046.5 ms gen gen_01M3983N5MPCB3T0VFJ378NG9M
2026-09-24T17:22:00.797184+09:00 r1 L6.A.b2   2 200   1247.0    6152     87 0.00000000
2026-09-24T17:22:31.138654+09:00 r1 L7.A.b0.c0  10 200   1935.8   18931    164 0.00000000  (after 8 failed attempt(s): HTTP 503, HTTP 503, HTTP 503, HTTP 503, HTTP 503, HTTP 503, HTTP 503, HTTP 503)
#   request 58637 bytes sha256 5a366ab9408fd033, 9 attempt(s), 16.0 s waited
#   attempt 1 2026-09-24T17:22:00.815966+09:00 http 503 1337.6 ms gen gen_01M3983R0HMTZMPYRZMR7Q087A then sleep 2.0 s
#   attempt 2 2026-09-24T17:22:04.153807+09:00 http 503 2014.0 ms gen gen_01M3983VWNYPVDQJANWHVVAW79 then sleep 2.0 s
#   attempt 3 2026-09-24T17:22:08.168042+09:00 http 503 1674.6 ms gen gen_01M3983ZGKP1313PEQRN62HKZ1 then sleep 2.0 s
#   attempt 4 2026-09-24T17:22:11.842861+09:00 http 503 1698.8 ms gen gen_01M39842VBECXKAKTBQAY597TF then sleep 2.0 s
#   attempt 5 2026-09-24T17:22:15.540600+09:00 http 503 1323.6 ms gen gen_01M39846CTJ577K3MX13JVD5H5 then sleep 2.0 s
#   attempt 6 2026-09-24T17:22:18.864349+09:00 http 503 1571.9 ms gen gen_01M39849T6QWR09S136GZ62R23 then sleep 2.0 s
#   attempt 7 2026-09-24T17:22:22.436519+09:00 http 503 1191.0 ms gen gen_01M3984CZCQRBGH69YMP243T6V then sleep 2.0 s
#   attempt 8 2026-09-24T17:22:25.627718+09:00 http 503 1574.8 ms gen gen_01M3984GJKDMNBEEQJ8PJW6VMZ then sleep 2.0 s
#   attempt 9 2026-09-24T17:22:29.202684+09:00 http 200 1935.8 ms gen gen_01M3984M4P6MBJMB9CSP0C5APW
2026-09-24T17:23:33.135362+09:00 r1 L7.A.b0.c1   5 200   1367.2   16154     84 0.00000000  (after 17 failed attempt(s): HTTP 503, HTTP 503, HTTP 503, HTTP 503, HTTP 503, HTTP 503, HTTP 503, HTTP 503, HTTP 503, HTTP 503, HTTP 503, HTTP 503, HTTP 503, HTTP 503, HTTP 503, HTTP 503, HTTP 503)
#   request 47916 bytes sha256 9633db0b5017c207, 18 attempt(s), 34.0 s waited
#   attempt 1 2026-09-24T17:22:31.139266+09:00 http 503 1529.6 ms gen gen_01M3984NSA3C39GKVAKV1NB8FF then sleep 2.0 s
#   attempt 2 2026-09-24T17:22:34.669093+09:00 http 503 1480.4 ms gen gen_01M3984S9RJC3ZH6RZ69ZY4A00 then sleep 2.0 s
#   attempt 3 2026-09-24T17:22:38.149688+09:00 http 503 1760.5 ms gen gen_01M3984WVF12R3JP2KBR0QQQ7P then sleep 2.0 s
#   attempt 4 2026-09-24T17:22:41.910349+09:00 http 503 1794.4 ms gen gen_01M39850HVRWEASA4ZJ1EA44T5 then sleep 2.0 s
#   attempt 5 2026-09-24T17:22:45.703595+09:00 http 503 1699.7 ms gen gen_01M398545X5QCYM5K6B0MFY1VP then sleep 2.0 s
#   attempt 6 2026-09-24T17:22:49.403511+09:00 http 503 1309.9 ms gen gen_01M39857DJX3ETJ6DR512CPPXH then sleep 2.0 s
#   attempt 7 2026-09-24T17:22:52.713598+09:00 http 503 1502.8 ms gen gen_01M3985AW5KRNWMJ4P93R6PXSC then sleep 2.0 s
#   attempt 8 2026-09-24T17:22:56.216544+09:00 http 503 1604.2 ms gen gen_01M3985EB926AVTJ8KF10X0PKT then sleep 2.0 s
#   attempt 9 2026-09-24T17:22:59.820999+09:00 http 503 1583.5 ms gen gen_01M3985HVJ29CHDSKBHQZT88H8 then sleep 2.0 s
#   attempt 10 2026-09-24T17:23:03.404671+09:00 http 503 1414.4 ms gen gen_01M3985NB3DH0WJ6H9EPNMVSD0 then sleep 2.0 s
#   attempt 11 2026-09-24T17:23:06.819221+09:00 http 503 1433.4 ms gen gen_01M3985RP4E87Q9CM0FB39PK2G then sleep 2.0 s
#   attempt 12 2026-09-24T17:23:10.252823+09:00 http 503 1683.5 ms gen gen_01M3985W4EX0MZ9FRFP2B7MN5W then sleep 2.0 s
#   attempt 13 2026-09-24T17:23:13.936452+09:00 http 503 1740.4 ms gen gen_01M3985ZMERRWDHXBXCFQBDNP6 then sleep 2.0 s
#   attempt 14 2026-09-24T17:23:17.675342+09:00 http 503 1551.1 ms gen gen_01M39863C9MGZJ1HKCG6H3FBZ9 then sleep 2.0 s
#   attempt 15 2026-09-24T17:23:21.226725+09:00 http 503 1616.0 ms gen gen_01M39866X0NRB7J5TVC52EVG7R then sleep 2.0 s
#   attempt 16 2026-09-24T17:23:24.842934+09:00 http 503 1431.2 ms gen gen_01M3986A43VZ3ZAGF7KDP15GVN then sleep 2.0 s
#   attempt 17 2026-09-24T17:23:28.274276+09:00 http 503 1493.6 ms gen gen_01M3986DHH5WJN7VQQW1GE33EK then sleep 2.0 s
#   attempt 18 2026-09-24T17:23:31.768040+09:00 http 200 1367.2 ms gen gen_01M3986GVMMSPRD4JHFF5MZW93
2026-09-24T17:24:24.003621+09:00 r1 L7.A.b1.c0   9 200   1684.2   20356    148 0.00000000  (after 14 failed attempt(s): HTTP 503, HTTP 503, HTTP 503, HTTP 503, HTTP 503, HTTP 503, HTTP 503, HTTP 503, HTTP 503, HTTP 503, HTTP 503, HTTP 503, HTTP 503, HTTP 503)
#   request 59144 bytes sha256 97ec0888bcc87416, 15 attempt(s), 28.0 s waited
#   attempt 1 2026-09-24T17:23:33.136521+09:00 http 503 1550.4 ms gen gen_01M3986JA7H8DQMMEC255P4FZS then sleep 2.0 s
#   attempt 2 2026-09-24T17:23:36.687105+09:00 http 503 1620.6 ms gen gen_01M3986NWPEE2RWSJJFP1QX36X then sleep 2.0 s
#   attempt 3 2026-09-24T17:23:40.307829+09:00 http 503 1427.1 ms gen gen_01M3986S6S8F1FEZV7Q6KR4VMA then sleep 2.0 s
#   attempt 4 2026-09-24T17:23:43.735157+09:00 http 503 1538.6 ms gen gen_01M3986WPQD9T2A2116DHKJ0QT then sleep 2.0 s
#   attempt 5 2026-09-24T17:23:47.272384+09:00 http 503 1254.4 ms gen gen_01M3987008YHDX3R82KV3QWDY6 then sleep 2.0 s
#   attempt 6 2026-09-24T17:23:50.526987+09:00 http 503 1385.0 ms gen gen_01M39873AGF5N2EJ4ESM11VN2X then sleep 2.0 s
#   attempt 7 2026-09-24T17:23:53.912121+09:00 http 503 1382.2 ms gen gen_01M39876MF9T5SXY71FZWR93E1 then sleep 2.0 s
#   attempt 8 2026-09-24T17:23:57.294465+09:00 http 503 1527.3 ms gen gen_01M39879YDNR449R9A3QVYQHGJ then sleep 2.0 s
#   attempt 9 2026-09-24T17:24:00.822043+09:00 http 503 1467.5 ms gen gen_01M3987DB8982F2B9R33K1ASSS then sleep 2.0 s
#   attempt 10 2026-09-24T17:24:04.289675+09:00 http 503 1459.3 ms gen gen_01M3987GSV2JHRZWGQ9V2QQ2HE then sleep 2.0 s
#   attempt 11 2026-09-24T17:24:07.749157+09:00 http 503 1594.3 ms gen gen_01M3987M9M0F7H302R1QXJC0AY then sleep 2.0 s
#   attempt 12 2026-09-24T17:24:11.343593+09:00 http 503 1555.1 ms gen gen_01M3987QTV80FY6N3DXX2644KC then sleep 2.0 s
#   attempt 13 2026-09-24T17:24:14.897646+09:00 http 503 1685.2 ms gen gen_01M3987V94Q7W8TKJE9QPM8FDG then sleep 2.0 s
#   attempt 14 2026-09-24T17:24:18.583022+09:00 http 503 1736.1 ms gen gen_01M3987YWK7YGVTP1S7VN77016 then sleep 2.0 s
#   attempt 15 2026-09-24T17:24:22.319304+09:00 http 200 1684.2 ms gen gen_01M39882C4HJN8K1BXJ4514NBC
2026-09-24T17:24:25.589149+09:00 r1 L7.A.b1.c1   9 200   1584.6   20569    148 0.00000000
2026-09-24T17:26:51.451815+09:00 r1 L7.A.b1.c2   6 200   1436.1   18681    100 0.00000000  (after 41 failed attempt(s): HTTP 503, HTTP 503, HTTP 503, HTTP 503, HTTP 503, HTTP 503, HTTP 503, HTTP 503, HTTP 503, HTTP 503, HTTP 503, HTTP 503, HTTP 503, HTTP 503, HTTP 503, HTTP 503, HTTP 503, HTTP 503, HTTP 503, HTTP 503, HTTP 503, HTTP 503, HTTP 503, HTTP 503, HTTP 503, HTTP 503, HTTP 503, HTTP 503, HTTP 503, HTTP 503, HTTP 503, HTTP 503, HTTP 503, HTTP 503, HTTP 503, HTTP 503, HTTP 503, HTTP 503, HTTP 503, HTTP 503, HTTP 503)
#   request 52624 bytes sha256 a0054d2e70b5469a, 42 attempt(s), 82.0 s waited
#   attempt 1 2026-09-24T17:24:25.589717+09:00 http 503 1525.1 ms gen gen_01M39885J1X5GMY6R14RJAXHSF then sleep 2.0 s
#   attempt 2 2026-09-24T17:24:29.115004+09:00 http 503 1669.7 ms gen gen_01M398894C7FF1TYBQXN7CMV5P then sleep 2.0 s
#   attempt 3 2026-09-24T17:24:32.784923+09:00 http 503 1581.0 ms gen gen_01M3988CR7S18Y6XX4R5KGQRV6 then sleep 2.0 s
#   attempt 4 2026-09-24T17:24:36.366156+09:00 http 503 1580.3 ms gen gen_01M3988G4V8RGWHK69C8VKSXC3 then sleep 2.0 s
#   attempt 5 2026-09-24T17:24:39.946710+09:00 http 503 1547.9 ms gen gen_01M3988KK7G7EYK5GG4XC54P9R then sleep 2.0 s
#   attempt 6 2026-09-24T17:24:43.494807+09:00 http 503 1180.4 ms gen gen_01M3988PPPPQ83TKVKQZPJ1FAE then sleep 2.0 s
#   attempt 7 2026-09-24T17:24:46.674455+09:00 http 503 1559.1 ms gen gen_01M3988T55MMBP47Y6W7HBAZZC then sleep 2.0 s
#   attempt 8 2026-09-24T17:24:50.233725+09:00 http 503 1680.2 ms gen gen_01M3988XRM5RKQTEVVYK2QSSVK then sleep 2.0 s
#   attempt 9 2026-09-24T17:24:53.914107+09:00 http 503 1569.3 ms gen gen_01M398919MWE44SCMWQCTKPMAJ then sleep 2.0 s
#   attempt 10 2026-09-24T17:24:57.483587+09:00 http 503 1545.7 ms gen gen_01M39894Q52CDE7BV54FNKR17Z then sleep 2.0 s
#   attempt 11 2026-09-24T17:25:01.029479+09:00 http 503 1400.3 ms gen gen_01M398981YVPD3RN0TFNT946TE then sleep 2.0 s
#   attempt 12 2026-09-24T17:25:04.429998+09:00 http 503 1401.2 ms gen gen_01M3989BGPSGRQ17AE2WFQCC8H then sleep 2.0 s
#   attempt 13 2026-09-24T17:25:07.831354+09:00 http 503 1678.5 ms gen gen_01M3989EXZT0WA1NNH0W51QJ36 then sleep 2.0 s
#   attempt 14 2026-09-24T17:25:11.510096+09:00 http 503 1592.7 ms gen gen_01M3989JER125BZJYFJSJCVZKW then sleep 2.0 s
#   attempt 15 2026-09-24T17:25:15.100745+09:00 http 503 1683.4 ms gen gen_01M3989NSMYB4YQ8RJ60RABCXX then sleep 2.0 s
#   attempt 16 2026-09-24T17:25:18.784343+09:00 http 503 1718.0 ms gen gen_01M3989SHFP12V685GTYPG31RA then sleep 2.0 s
#   attempt 17 2026-09-24T17:25:22.502490+09:00 http 503 1438.7 ms gen gen_01M3989X15MX7V90S0Y66X0W0N then sleep 2.0 s
#   attempt 18 2026-09-24T17:25:25.941402+09:00 http 503 1301.0 ms gen gen_01M398A0A8Z736N2K4R1SF064M then sleep 2.0 s
#   attempt 19 2026-09-24T17:25:29.242586+09:00 http 503 1557.4 ms gen gen_01M398A3RQ7R6SZ7SHX9FK2QP3 then sleep 2.0 s
#   attempt 20 2026-09-24T17:25:32.800110+09:00 http 503 1575.3 ms gen gen_01M398A7C5FWPSB9A6PDKF6QXE then sleep 2.0 s
#   attempt 21 2026-09-24T17:25:36.375544+09:00 http 503 1363.7 ms gen gen_01M398AAHNSV6XE9Q85F7MYR4V then sleep 2.0 s
#   attempt 22 2026-09-24T17:25:39.739462+09:00 http 503 1784.3 ms gen gen_01M398AE64K85Z1BQAYJF2GR5X then sleep 2.0 s
#   attempt 23 2026-09-24T17:25:43.523934+09:00 http 503 1405.8 ms gen gen_01M398AHPY7WZBG1N8XAS7JNET then sleep 2.0 s
#   attempt 24 2026-09-24T17:25:46.929514+09:00 http 503 1452.0 ms gen gen_01M398AMVNAVW8E99DTTF27BWP then sleep 2.0 s
#   attempt 25 2026-09-24T17:25:50.382080+09:00 http 503 1542.7 ms gen gen_01M398ARCYDYV5TWNTDABV72Q2 then sleep 2.0 s
#   attempt 26 2026-09-24T17:25:53.925027+09:00 http 503 1502.2 ms gen gen_01M398AVSHCM0GNN9BFNKMZTKQ then sleep 2.0 s
#   attempt 27 2026-09-24T17:25:57.427436+09:00 http 503 1509.1 ms gen gen_01M398AZ7MCH86511WMHJ3JXXD then sleep 2.0 s
#   attempt 28 2026-09-24T17:26:00.936638+09:00 http 503 1681.8 ms gen gen_01M398B2SCREWT08P8EF3MGG2C then sleep 2.0 s
#   attempt 29 2026-09-24T17:26:04.618586+09:00 http 503 1431.7 ms gen gen_01M398B65GYR7496DD0P2RXY0R then sleep 2.0 s
#   attempt 30 2026-09-24T17:26:08.050522+09:00 http 503 1870.4 ms gen gen_01M398B9Y463M4VV73Z6YAXZKV then sleep 2.0 s
#   attempt 31 2026-09-24T17:26:11.921105+09:00 http 503 1615.2 ms gen gen_01M398BDGJ9PFFYX1MHQRE481H then sleep 2.0 s
#   attempt 32 2026-09-24T17:26:15.534996+09:00 http 503 1417.1 ms gen gen_01M398BGZ20ETXX4SVY7KB2964 then sleep 2.0 s
#   attempt 33 2026-09-24T17:26:18.952261+09:00 http 503 1587.2 ms gen gen_01M398BMAB011MG1KG2ENA8TN5 then sleep 2.0 s
#   attempt 34 2026-09-24T17:26:22.539677+09:00 http 503 1614.6 ms gen gen_01M398BQVGHR13RR85872MCSKY then sleep 2.0 s
#   attempt 35 2026-09-24T17:26:26.154427+09:00 http 503 1589.6 ms gen gen_01M398BV9XQS3WZWGRE8KY2364 then sleep 2.0 s
#   attempt 36 2026-09-24T17:26:29.744219+09:00 http 503 1286.7 ms gen gen_01M398BYN999P7ZARE8A3FF7XA then sleep 2.0 s
#   attempt 37 2026-09-24T17:26:33.031066+09:00 http 503 1405.6 ms gen gen_01M398C21CVTKSFQS46N7DV43B then sleep 2.0 s
#   attempt 38 2026-09-24T17:26:36.436910+09:00 http 503 1243.5 ms gen gen_01M398C564SCBEJPG8E8J61YW4 then sleep 2.0 s
#   attempt 39 2026-09-24T17:26:39.680539+09:00 http 503 1382.5 ms gen gen_01M398C8FV9YECQDZJQH1T7K5B then sleep 2.0 s
#   attempt 40 2026-09-24T17:26:43.063309+09:00 http 503 1385.1 ms gen gen_01M398CBT7TTY79QT4CH24SKV2 then sleep 2.0 s
#   attempt 41 2026-09-24T17:26:46.447094+09:00 http 503 1568.4 ms gen gen_01M398CF4KNTDKW4QTVST3KEHE then sleep 2.0 s
#   attempt 42 2026-09-24T17:26:50.015668+09:00 http 200 1436.1 ms gen gen_01M398CJEBR7SPW4G141KKXAJV
2026-09-24T17:27:17.176855+09:00 r1 L7.A.b2   6 200   1189.7    8204    100 0.00000000  (after 8 failed attempt(s): HTTP 503, HTTP 503, HTTP 503, HTTP 503, HTTP 503, HTTP 503, HTTP 503, HTTP 503)
#   request 26770 bytes sha256 fe10c99dc27db377, 9 attempt(s), 16.0 s waited
#   attempt 1 2026-09-24T17:26:51.454258+09:00 http 503 1107.1 ms gen gen_01M398CKRAEJ6GV4NKXDW203KV then sleep 2.0 s
#   attempt 2 2026-09-24T17:26:54.561494+09:00 http 503 950.1 ms gen gen_01M398CPMR075FSTXK5DPRSP8A then sleep 2.0 s
#   attempt 3 2026-09-24T17:26:57.511765+09:00 http 503 1096.1 ms gen gen_01M398CSMMK5EJ92Z3QNNBF9HZ then sleep 2.0 s
#   attempt 4 2026-09-24T17:27:00.608044+09:00 http 503 964.0 ms gen gen_01M398CWPQYVRN2864FSH3KT99 then sleep 2.0 s
#   attempt 5 2026-09-24T17:27:03.572232+09:00 http 503 1086.5 ms gen gen_01M398CZJREGTP7V07XHFEPTEK then sleep 2.0 s
#   attempt 6 2026-09-24T17:27:06.658891+09:00 http 503 1066.7 ms gen gen_01M398D2JXM5KNB2V8DHFH7294 then sleep 2.0 s
#   attempt 7 2026-09-24T17:27:09.725830+09:00 http 503 1140.9 ms gen gen_01M398D5MG2RA21SE195S7Z1Q5 then sleep 2.0 s
#   attempt 8 2026-09-24T17:27:12.866959+09:00 http 503 1120.8 ms gen gen_01M398D8N2X5P8F5Z7836MZ1JR then sleep 2.0 s
#   attempt 9 2026-09-24T17:27:15.987042+09:00 http 200 1189.7 ms gen gen_01M398DBQ9QBSHBTQ2KEJ0EN3V
2026-09-24T17:27:29.120437+09:00 r1 L8.A.b0.step1   5 200   1571.5   15476    163 0.00000000  (after 3 failed attempt(s): HTTP 503, HTTP 503, HTTP 503)
#   request 45084 bytes sha256 f5108e3037c57975, 4 attempt(s), 6.0 s waited
#   attempt 1 2026-09-24T17:27:17.212801+09:00 http 503 1348.7 ms gen gen_01M398DCZDP2B3Z8ESS3WVPT8K then sleep 2.0 s
#   attempt 2 2026-09-24T17:27:20.561649+09:00 http 503 1667.7 ms gen gen_01M398DGE3GJWNSPBPF6T173PT then sleep 2.0 s
#   attempt 3 2026-09-24T17:27:24.229509+09:00 http 503 1319.1 ms gen gen_01M398DKV4VQ1X9RVGVBH34KFH then sleep 2.0 s
#   attempt 4 2026-09-24T17:27:27.548811+09:00 http 200 1571.5 ms gen gen_01M398DQ9SJ0E3A5V9B0PH0K3C
2026-09-24T17:27:37.334947+09:00 r1 L8.A.b0.step2   5 200   1391.4   16136    178 0.00000000  (after 2 failed attempt(s): HTTP 503, HTTP 503)
#   request 48204 bytes sha256 4e11211284d21973, 3 attempt(s), 4.0 s waited
#   attempt 1 2026-09-24T17:27:29.121051+09:00 http 503 1425.2 ms gen gen_01M398DRPMBQBTAXKTJKR7NA54 then sleep 2.0 s
#   attempt 2 2026-09-24T17:27:32.546689+09:00 http 503 1396.7 ms gen gen_01M398DW0T2D7YY9P0A2CY6JW4 then sleep 2.0 s
#   attempt 3 2026-09-24T17:27:35.943523+09:00 http 200 1391.4 ms gen gen_01M398DZ6BQ1A8Y26PPMJNFH2D
2026-09-24T17:27:45.947185+09:00 r1 L8.A.b1.step1   8 200   1663.6   18986    259 0.00000000  (after 2 failed attempt(s): HTTP 503, HTTP 503)
#   request 53237 bytes sha256 b413487bbdd61abe, 3 attempt(s), 4.0 s waited
#   attempt 1 2026-09-24T17:27:37.335499+09:00 http 503 1324.7 ms gen gen_01M398E0S5GX5RTHCTQHVAPX8K then sleep 2.0 s
#   attempt 2 2026-09-24T17:27:40.660403+09:00 http 503 1624.3 ms gen gen_01M398E43ZGWQ7J1MPJ4QBFT18 then sleep 2.0 s
#   attempt 3 2026-09-24T17:27:44.284923+09:00 http 200 1663.6 ms gen gen_01M398E7K2D12HRQYSHRE17V7Z
2026-09-24T17:28:04.465541+09:00 r1 L8.A.b1.step2   8 200   1597.9   20042    283 0.00000000  (after 5 failed attempt(s): HTTP 503, HTTP 503, HTTP 503, HTTP 503, HTTP 503)
#   request 58229 bytes sha256 d99964f673998dbf, 6 attempt(s), 10.0 s waited
#   attempt 1 2026-09-24T17:27:45.947741+09:00 http 503 1465.4 ms gen gen_01M398E96JP36PFZ6CVYW0YDFV then sleep 2.0 s
#   attempt 2 2026-09-24T17:27:49.413360+09:00 http 503 1533.0 ms gen gen_01M398ECM3JWWEWAPG90W7B35Y then sleep 2.0 s
#   attempt 3 2026-09-24T17:27:52.946551+09:00 http 503 1181.3 ms gen gen_01M398EFVMBXQMWBXBJQY37NTY then sleep 2.0 s
#   attempt 4 2026-09-24T17:27:56.128034+09:00 http 503 1421.3 ms gen gen_01M398EK2QWBFRWHW9ZHC0FDK9 then sleep 2.0 s
#   attempt 5 2026-09-24T17:27:59.549529+09:00 http 503 1317.8 ms gen gen_01M398EPAMMRHWTVNS495Y1KJR then sleep 2.0 s
#   attempt 6 2026-09-24T17:28:02.867541+09:00 http 200 1597.9 ms gen gen_01M398ESP0AEQXS6CBPRV3KYB0
2026-09-24T17:28:05.641502+09:00 r1 L8.A.b2.step1   2 200   1175.3    5588     67 0.00000000
2026-09-24T17:28:09.886787+09:00 r1 L8.A.b2.step2   2 200   1087.2    5852     73 0.00000000  (after 1 failed attempt(s): HTTP 503)
#   request 17952 bytes sha256 8d0709538be14dda, 2 attempt(s), 2.0 s waited
#   attempt 1 2026-09-24T17:28:05.641885+09:00 http 503 1157.5 ms gen gen_01M398EW7N52F9H3PGPZEWR80N then sleep 2.0 s
#   attempt 2 2026-09-24T17:28:08.799522+09:00 http 200 1087.2 ms gen gen_01M398EZ3MJBGXWXQXVAZW8KAT
2026-09-24T17:28:57.133461+09:00 r1 L9.A.b0   5 200   1551.1   16101    178 0.00000000  (after 13 failed attempt(s): HTTP 503, HTTP 503, HTTP 503, HTTP 503, HTTP 503, HTTP 503, HTTP 503, HTTP 503, HTTP 503, HTTP 503, HTTP 503, HTTP 503, HTTP 503)
#   request 48004 bytes sha256 8c5a41c1124203b9, 14 attempt(s), 26.0 s waited
#   attempt 1 2026-09-24T17:28:09.905081+09:00 http 503 1303.0 ms gen gen_01M398F0DKR089K5N4FWC1T9JV then sleep 2.0 s
#   attempt 2 2026-09-24T17:28:13.208214+09:00 http 503 1546.3 ms gen gen_01M398F3WA41M29105KXY2X8VN then sleep 2.0 s
#   attempt 3 2026-09-24T17:28:16.752727+09:00 http 503 1547.1 ms gen gen_01M398F7BT2VCJR79ZD4Y0GG8W then sleep 2.0 s
#   attempt 4 2026-09-24T17:28:20.300005+09:00 http 503 1229.2 ms gen gen_01M398FAK818K9VXFWZQNHQTBJ then sleep 2.0 s
#   attempt 5 2026-09-24T17:28:23.529322+09:00 http 503 1713.4 ms gen gen_01M398FDSS8MAK9CR7AEEQVCZ7 then sleep 2.0 s
#   attempt 6 2026-09-24T17:28:27.242965+09:00 http 503 1348.0 ms gen gen_01M398FHD8EJ6G5H8VF4JEB217 then sleep 2.0 s
#   attempt 7 2026-09-24T17:28:30.591162+09:00 http 503 1346.8 ms gen gen_01M398FMT3CQ54T80K8BGMHZMK then sleep 2.0 s
#   attempt 8 2026-09-24T17:28:33.938172+09:00 http 503 1529.6 ms gen gen_01M398FR2V2GXVJ0KSV95QAGRW then sleep 2.0 s
#   attempt 9 2026-09-24T17:28:37.468031+09:00 http 503 1714.5 ms gen gen_01M398FVPZBRAJ6947CCG2AD8T then sleep 2.0 s
#   attempt 10 2026-09-24T17:28:41.182700+09:00 http 503 1985.1 ms gen gen_01M398FZ8W8R4AAFV0SF9V771B then sleep 2.0 s
#   attempt 11 2026-09-24T17:28:45.167425+09:00 http 503 1432.1 ms gen gen_01M398G32AJCXVCM2NZ5NBAP0X then sleep 2.0 s
#   attempt 12 2026-09-24T17:28:48.599735+09:00 http 503 1614.1 ms gen gen_01M398G6H0QJRQPXNYT5EPRH4P then sleep 2.0 s
#   attempt 13 2026-09-24T17:28:52.214026+09:00 http 503 1368.1 ms gen gen_01M398G9WMVPM15GRBVW4G8QJN then sleep 2.0 s
#   attempt 14 2026-09-24T17:28:55.582285+09:00 http 200 1551.1 ms gen gen_01M398GD493YETC148J61W5ACF
2026-09-24T17:28:58.960200+09:00 r1 L9.A.b1   8 200   1826.1   19986    283 0.00000000
2026-09-24T17:29:03.343811+09:00 r1 L9.A.b2   2 200   1171.5    5838     73 0.00000000  (after 1 failed attempt(s): HTTP 503)
#   request 17872 bytes sha256 81728fdef678cf85, 2 attempt(s), 2.0 s waited
#   attempt 1 2026-09-24T17:28:58.960712+09:00 http 503 1211.3 ms gen gen_01M398GGC0ZM6N37GD4QEZ2DF3 then sleep 2.0 s
#   attempt 2 2026-09-24T17:29:02.172265+09:00 http 200 1171.5 ms gen gen_01M398GKCX16G057DSZXQF79JT
2026-09-24T17:29:10.785918+09:00 r1 L10.A.fn:jaq_json::read::parse   1 200   1232.0    5276     45 0.00000000  (after 2 failed attempt(s): HTTP 503, HTTP 503)
#   request 15670 bytes sha256 0840faf368402e4c, 3 attempt(s), 4.0 s waited
#   attempt 1 2026-09-24T17:29:03.355509+09:00 http 503 1072.0 ms gen gen_01M398GMNGRH9TS8W305TBNHT3 then sleep 2.0 s
#   attempt 2 2026-09-24T17:29:06.427713+09:00 http 503 1126.0 ms gen gen_01M398GQHM3D0SB7R0VCSPCP0J then sleep 2.0 s
#   attempt 3 2026-09-24T17:29:09.553908+09:00 http 200 1232.0 ms gen gen_01M398GTNHT328MBTHCNSMGS1A
2026-09-24T17:29:15.153042+09:00 r1 L10.A.fn:<hifijson::SliceLexer as hifijson::token::Lex>::seq   1 200   1315.7    4771     46 0.00000000  (after 1 failed attempt(s): HTTP 503)
#   request 13881 bytes sha256 3ee49994af001690, 2 attempt(s), 2.0 s waited
#   attempt 1 2026-09-24T17:29:10.786306+09:00 http 503 1052.6 ms gen gen_01M398GVWMMCHBABWJ0CF9AZB3 then sleep 2.0 s
#   attempt 2 2026-09-24T17:29:13.839103+09:00 http 200 1315.7 ms gen gen_01M398GYZZZ3J6E2V5KQ8AD0HC
2026-09-24T17:29:16.454823+09:00 r1 L10.A.fn:<hifijson::SliceLexer as hifijson::str::LexWrite>::str_fold   1 200   1301.4    4030     46 0.00000000
2026-09-24T17:29:17.618009+09:00 r1 L10.A.fn:<hifijson::SliceLexer as hifijson::write::Write>::write_until   1 200   1162.7    3686     46 0.00000000
2026-09-24T17:29:20.682798+09:00 r1 L10.A.fn:<jaq_core::compile::TermId>::run   1 200   3064.4    6099     45 0.00000000
2026-09-24T17:29:22.958982+09:00 r1 L10.A.fn:jaq_json::write::write   1 200   2275.7    5302     45 0.00000000
2026-09-24T17:29:24.176141+09:00 r1 L10.A.fn:<jaq_json::funs::base<jaq_all::data::DataKind>::{closure#3} as core::ops::function::FnOnce<((jaq_core::filter::Ctx<jaq_all::data::DataKind>, jaq_json::Val),)>>::call_once   1 200   1216.8    3884     45 0.00000000
2026-09-24T17:29:29.062639+09:00 r1 L10.A.fn:<<jaq_core::path::Path<jaq_json::Val>>::run::{closure#0} as core::ops::function::FnOnce<(jaq_core::path::Part<jaq_json::Val>, jaq_json::Val)>>::call_once   1 200   1088.7    4000     45 0.00000000  (after 1 failed attempt(s): HTTP 503)
#   request 11694 bytes sha256 1ef1ec3d4ce361e8, 2 attempt(s), 2.0 s waited
#   attempt 1 2026-09-24T17:29:24.176628+09:00 http 503 1797.0 ms gen gen_01M398H9H4YPH92RGT762JZB0X then sleep 2.0 s
#   attempt 2 2026-09-24T17:29:27.973830+09:00 http 200 1088.7 ms gen gen_01M398HCJQCSEECCTZTCXCGBNW
2026-09-24T17:29:30.003481+09:00 r1 L10.A.fn:<core::io::write::default_write_fmt::Adapter<alloc::io::buffered::bufwriter::BufWriter<std::io::stdio::StdoutLock>> as core::fmt::Write>::write_str   1 200    940.4    4224     46 0.00000000
2026-09-24T17:29:30.871511+09:00 r1 L10.A.fn:<hashbrown::raw::RawTable<usize>>::reserve_rehash::<indexmap::map::core::get_hash<jaq_json::Val, jaq_json::Val>::{closure#0}>   1 200    867.6    3937     45 0.00000000
2026-09-24T17:29:31.783995+09:00 r1 L10.A.fn:<alloc::rc::Rc<indexmap::map::IndexMap<jaq_json::Val, jaq_json::Val, foldhash::fast::RandomState>>>::drop_slow   1 200    912.0    3039     45 0.00000000
2026-09-24T17:29:32.694492+09:00 r1 L10.A.fn:<jaq_std::base_run<jaq_all::data::DataKind>::{closure#7} as core::ops::function::FnOnce<((jaq_core::filter::Ctx<jaq_all::data::DataKind>, jaq_json::Val),)>>::call_once   1 200    910.0    2935     46 0.00000000
2026-09-24T17:29:33.531441+09:00 r1 L10.A.fn:jaq_core::path::run   1 200    836.5    6180     45 0.00000000
2026-09-24T17:29:34.528238+09:00 r1 L10.A.fn:<jaq_json::Val as core::hash::Hash>::hash   1 200    996.3    4938     45 0.00000000
2026-09-24T17:29:38.255386+09:00 r1 L10.A.fn:<&alloc::string::String as core::fmt::Display>::fmt   1 200   1009.6    2907     45 0.00000000  (after 1 failed attempt(s): HTTP 503)
#   request 9649 bytes sha256 c762255a6cd7c680, 2 attempt(s), 2.0 s waited
#   attempt 1 2026-09-24T17:29:34.528712+09:00 http 503 716.8 ms gen gen_01M398HJQTR9FGTFC0P0ACT3AE then sleep 2.0 s
#   attempt 2 2026-09-24T17:29:37.245686+09:00 http 200 1009.6 ms gen gen_01M398HNK7FENT0Y6MB1SXS7QF
2026-09-24T17:29:53.752157+09:00 r1 L11.A.b0   5 200   1559.2   16546    214 0.00000000  (after 4 failed attempt(s): HTTP 503, HTTP 503, HTTP 503, HTTP 503)
#   request 50094 bytes sha256 c1d98be2e8f16c8c, 5 attempt(s), 8.0 s waited
#   attempt 1 2026-09-24T17:29:38.274544+09:00 http 503 1526.5 ms gen gen_01M398HQ191DKC3ANF2WBC3EZ7 then sleep 2.0 s
#   attempt 2 2026-09-24T17:29:41.801185+09:00 http 503 1497.5 ms gen gen_01M398HTC4TXV30YZMHS1CH8PZ then sleep 2.0 s
#   attempt 3 2026-09-24T17:29:45.297559+09:00 http 503 1334.6 ms gen gen_01M398HXKJDYBM6ECHSDNW79NN then sleep 2.0 s
#   attempt 4 2026-09-24T17:29:48.632324+09:00 http 503 1560.3 ms gen gen_01M398J12JT4ZHKHXCP3R4KW0E then sleep 2.0 s
#   attempt 5 2026-09-24T17:29:52.192843+09:00 http 200 1559.2 ms gen gen_01M398J4ED6503MTRNQNNVXBX7
2026-09-24T17:31:11.507937+09:00 r1 L11.A.b1   8 200   1607.8   20698    340 0.00000000  (after 21 failed attempt(s): HTTP 503, HTTP 503, HTTP 503, HTTP 503, HTTP 503, HTTP 503, HTTP 503, HTTP 503, HTTP 503, HTTP 503, HTTP 503, HTTP 503, HTTP 503, HTTP 503, HTTP 503, HTTP 503, HTTP 503, HTTP 503, HTTP 503, HTTP 503, HTTP 503)
#   request 61253 bytes sha256 182d411d827bb176, 22 attempt(s), 42.0 s waited
#   attempt 1 2026-09-24T17:29:53.752760+09:00 http 503 1561.3 ms gen gen_01M398J66715YCT0EFM4JNE90S then sleep 2.0 s
#   attempt 2 2026-09-24T17:29:57.314332+09:00 http 503 1453.1 ms gen gen_01M398J9JZC0297XGE6FAJ4SSS then sleep 2.0 s
#   attempt 3 2026-09-24T17:30:00.767590+09:00 http 503 1505.2 ms gen gen_01M398JD03401ZGMF5SK3MXB58 then sleep 2.0 s
#   attempt 4 2026-09-24T17:30:04.272960+09:00 http 503 1476.7 ms gen gen_01M398JG5ZXN64KCK1Y87C8FB0 then sleep 2.0 s
#   attempt 5 2026-09-24T17:30:07.749866+09:00 http 503 1603.3 ms gen gen_01M398JKRQ239CEKS1VBYWBFSV then sleep 2.0 s
#   attempt 6 2026-09-24T17:30:11.353385+09:00 http 503 1698.4 ms gen gen_01M398JQBMZM09S5AVZNGWR1EC then sleep 2.0 s
#   attempt 7 2026-09-24T17:30:15.051062+09:00 http 503 1598.7 ms gen gen_01M398JTX3HZB5H6KCXA647DD5 then sleep 2.0 s
#   attempt 8 2026-09-24T17:30:18.650206+09:00 http 503 1353.5 ms gen gen_01M398JYAY1SSEG9SSSWNC4YRE then sleep 2.0 s
#   attempt 9 2026-09-24T17:30:22.003885+09:00 http 503 1599.8 ms gen gen_01M398K1PTFWRV912BPGP1FFXN then sleep 2.0 s
#   attempt 10 2026-09-24T17:30:25.603854+09:00 http 503 1643.8 ms gen gen_01M398K52CKW7RP6R2959P64V2 then sleep 2.0 s
#   attempt 11 2026-09-24T17:30:29.247801+09:00 http 503 1506.3 ms gen gen_01M398K8NM5RZEPD4C0DGARJ4S then sleep 2.0 s
#   attempt 12 2026-09-24T17:30:32.754330+09:00 http 503 1541.5 ms gen gen_01M398KC3MVZ8773818NFT0374 then sleep 2.0 s
#   attempt 13 2026-09-24T17:30:36.296072+09:00 http 503 2618.5 ms gen gen_01M398KGM0DMZ48TNKAVBD59V5 then sleep 2.0 s
#   attempt 14 2026-09-24T17:30:40.914775+09:00 http 503 1671.6 ms gen gen_01M398KM84P26VBGK963J45R1V then sleep 2.0 s
#   attempt 15 2026-09-24T17:30:44.586504+09:00 http 503 1503.4 ms gen gen_01M398KQMJVYK18ERPH8214W1R then sleep 2.0 s
#   attempt 16 2026-09-24T17:30:48.088478+09:00 http 503 1543.2 ms gen gen_01M398KV4PR27KQX8H6FH7EM7P then sleep 2.0 s
#   attempt 17 2026-09-24T17:30:51.631850+09:00 http 503 1609.4 ms gen gen_01M398KYN3AE900YF0MPS8NPVR then sleep 2.0 s
#   attempt 18 2026-09-24T17:30:55.241455+09:00 http 503 1653.6 ms gen gen_01M398M25Q7E0S65JHJMFE3EDP then sleep 2.0 s
#   attempt 19 2026-09-24T17:30:58.895282+09:00 http 503 1703.8 ms gen gen_01M398M5XYKTBJWBHPG5SEW3NS then sleep 2.0 s
#   attempt 20 2026-09-24T17:31:02.599285+09:00 http 503 1669.1 ms gen gen_01M398M9DQ3VN80SGM3FN2R0D9 then sleep 2.0 s
#   attempt 21 2026-09-24T17:31:06.268647+09:00 http 503 1631.2 ms gen gen_01M398MCXXX6B91TCT976QEFPA then sleep 2.0 s
#   attempt 22 2026-09-24T17:31:09.900062+09:00 http 200 1607.8 ms gen gen_01M398MGE519VZ2S367QKREQRT
2026-09-24T17:31:15.942312+09:00 r1 L11.A.b2   2 200   1292.8    6016     87 0.00000000  (after 1 failed attempt(s): HTTP 503)
#   request 18708 bytes sha256 568e5003babf24c6, 2 attempt(s), 2.0 s waited
#   attempt 1 2026-09-24T17:31:11.508691+09:00 http 503 1146.2 ms gen gen_01M398MHVDG581YJ1SP5Z88CKV then sleep 2.0 s
#   attempt 2 2026-09-24T17:31:14.655106+09:00 http 200 1292.8 ms gen gen_01M398MMVPNJ3N5FDHMRVQ48AM
2026-09-24T17:31:21.263501+09:00 r1 L12.A.b0   5 200   1709.2   16711    214 0.00000000  (after 1 failed attempt(s): HTTP 503)
#   request 50854 bytes sha256 120d641a0b352090, 2 attempt(s), 2.0 s waited
#   attempt 1 2026-09-24T17:31:15.961045+09:00 http 503 1592.7 ms gen gen_01M398MPG1YQ9JMX7T6K34DR9G then sleep 2.0 s
#   attempt 2 2026-09-24T17:31:19.554175+09:00 http 200 1709.2 ms gen gen_01M398MSWSCGNHVK9NJ6QAXBWV
2026-09-24T17:34:44.758239+09:00 r1 L12.A.b1   8 200   1661.7   20962    340 0.00000000  (after 56 failed attempt(s): HTTP 503, HTTP 503, HTTP 503, HTTP 503, HTTP 503, HTTP 503, HTTP 503, HTTP 503, HTTP 503, HTTP 503, HTTP 503, HTTP 503, HTTP 503, HTTP 503, HTTP 503, HTTP 503, HTTP 503, HTTP 503, HTTP 503, HTTP 503, HTTP 503, HTTP 503, HTTP 503, HTTP 503, HTTP 503, HTTP 503, HTTP 503, HTTP 503, HTTP 503, HTTP 503, HTTP 503, HTTP 503, HTTP 503, HTTP 503, HTTP 503, HTTP 503, HTTP 503, HTTP 503, HTTP 503, HTTP 503, HTTP 503, HTTP 503, HTTP 503, HTTP 503, HTTP 503, HTTP 503, HTTP 503, HTTP 503, HTTP 503, HTTP 503, HTTP 503, HTTP 503, HTTP 503, HTTP 503, HTTP 503, HTTP 503)
#   request 62469 bytes sha256 0fb3db40ecf9e5f4, 57 attempt(s), 112.0 s waited
#   attempt 1 2026-09-24T17:31:21.264681+09:00 http 503 1604.0 ms gen gen_01M398MVJ68W7E4GKCH6H4SPVG then sleep 2.0 s
#   attempt 2 2026-09-24T17:31:24.868862+09:00 http 503 1735.7 ms gen gen_01M398MZ5Q7H3QE2MVSRNCE4YY then sleep 2.0 s
#   attempt 3 2026-09-24T17:31:28.604748+09:00 http 503 2047.5 ms gen gen_01M398N2TC8QNCQ39PVARHS3GM then sleep 2.0 s
#   attempt 4 2026-09-24T17:31:32.652417+09:00 http 503 1812.3 ms gen gen_01M398N6WP26JVQ5TT8J2HCCXK then sleep 2.0 s
#   attempt 5 2026-09-24T17:31:36.465213+09:00 http 503 1721.6 ms gen gen_01M398NAG6TYHZBZ38XZXAXCNA then sleep 2.0 s
#   attempt 6 2026-09-24T17:31:40.187022+09:00 http 503 1585.4 ms gen gen_01M398NE1KR094S54JYXDH5NHN then sleep 2.0 s
#   attempt 7 2026-09-24T17:31:43.772604+09:00 http 503 1733.0 ms gen gen_01M398NHNS1WESZMEE941DZG7F then sleep 2.0 s
#   attempt 8 2026-09-24T17:31:47.508877+09:00 http 503 1361.7 ms gen gen_01M398NN1YAWB4Q43QWWXSCAGC then sleep 2.0 s
#   attempt 9 2026-09-24T17:31:50.871201+09:00 http 503 1829.9 ms gen gen_01M398NRNF63W2M6Y61RQNZAE2 then sleep 2.0 s
#   attempt 10 2026-09-24T17:31:54.701361+09:00 http 503 1609.4 ms gen gen_01M398NW7SEJ4TG2XKHHEWC5B6 then sleep 2.0 s
#   attempt 11 2026-09-24T17:31:58.310954+09:00 http 503 1647.0 ms gen gen_01M398NZRBJGH7JQP0E936HRWY then sleep 2.0 s
#   attempt 12 2026-09-24T17:32:01.958172+09:00 http 503 1587.0 ms gen gen_01M398P39RW6402A0S32XJ74ZR then sleep 2.0 s
#   attempt 13 2026-09-24T17:32:05.545329+09:00 http 503 1792.4 ms gen gen_01M398P6ZHYKE0V6P4EG080VSF then sleep 2.0 s
#   attempt 14 2026-09-24T17:32:09.338092+09:00 http 503 2173.7 ms gen gen_01M398PAR38EXSYE4CKS0WXEEC then sleep 2.0 s
#   attempt 15 2026-09-24T17:32:13.511996+09:00 http 503 2243.2 ms gen gen_01M398PEKNQZD8XP8Q9MYDZAMJ then sleep 2.0 s
#   attempt 16 2026-09-24T17:32:17.753837+09:00 http 503 1136.3 ms gen gen_01M398PJHPT2TJJB1VCHRWM765 then sleep 2.0 s
#   attempt 17 2026-09-24T17:32:20.890343+09:00 http 503 1610.7 ms gen gen_01M398PNSAHP0G1AV92S29BDQX then sleep 2.0 s
#   attempt 18 2026-09-24T17:32:24.501227+09:00 http 503 1601.4 ms gen gen_01M398PSAAPPJ1Y7XSQ49DWHRJ then sleep 2.0 s
#   attempt 19 2026-09-24T17:32:28.102791+09:00 http 503 1707.5 ms gen gen_01M398PWXDFFCGY7FT84Q7T2GF then sleep 2.0 s
#   attempt 20 2026-09-24T17:32:31.810461+09:00 http 503 1949.0 ms gen gen_01M398Q0DJYG0HT616D86CPVB9 then sleep 2.0 s
#   attempt 21 2026-09-24T17:32:35.759651+09:00 http 503 1323.3 ms gen gen_01M398Q429RQK8950VX0B1VKY5 then sleep 2.0 s
#   attempt 22 2026-09-24T17:32:39.083171+09:00 http 503 1638.6 ms gen gen_01M398Q7M0BCHDM2FPEJJW65M4 then sleep 2.0 s
#   attempt 23 2026-09-24T17:32:42.721993+09:00 http 503 1435.4 ms gen gen_01M398QB2PDPJTX23MJMK5WEFK then sleep 2.0 s
#   attempt 24 2026-09-24T17:32:46.156338+09:00 http 503 1394.3 ms gen gen_01M398QE9B82PZ3C0DTPRK3Z2G then sleep 2.0 s
#   attempt 25 2026-09-24T17:32:49.550849+09:00 http 503 1729.7 ms gen gen_01M398QHX4C9HNW30F1K867B50 then sleep 2.0 s
#   attempt 26 2026-09-24T17:32:53.280722+09:00 http 503 1527.2 ms gen gen_01M398QNBHMB3SS21K10KSJYGY then sleep 2.0 s
#   attempt 27 2026-09-24T17:32:56.808134+09:00 http 503 1953.1 ms gen gen_01M398QS2GM25CNXM18VEW331M then sleep 2.0 s
#   attempt 28 2026-09-24T17:33:00.761441+09:00 http 503 1697.7 ms gen gen_01M398QWTKSEH9N4RWN8N5M0NP then sleep 2.0 s
#   attempt 29 2026-09-24T17:33:04.459356+09:00 http 503 1650.0 ms gen gen_01M398R0C8ED9DBNR0YTJEAXK5 then sleep 2.0 s
#   attempt 30 2026-09-24T17:33:08.109832+09:00 http 503 1476.1 ms gen gen_01M398R3S9GN8DJCRHBBNAT9KV then sleep 2.0 s
#   attempt 31 2026-09-24T17:33:11.586090+09:00 http 503 1628.3 ms gen gen_01M398R7A0DJPQYPEXF4N8F0P4 then sleep 2.0 s
#   attempt 32 2026-09-24T17:33:15.213241+09:00 http 503 1543.5 ms gen gen_01M398RASM3YYFMRFPT9JKHDBW then sleep 2.0 s
#   attempt 33 2026-09-24T17:33:18.757129+09:00 http 503 1563.3 ms gen gen_01M398REA0PDHZWXN6WFKV6WB2 then sleep 2.0 s
#   attempt 34 2026-09-24T17:33:22.320674+09:00 http 503 1357.1 ms gen gen_01M398RHJJ2KS9F8VP7X3Q5G4D then sleep 2.0 s
#   attempt 35 2026-09-24T17:33:25.677983+09:00 http 503 1672.0 ms gen gen_01M398RN2M8Z95VDMCH4PH0VK7 then sleep 2.0 s
#   attempt 36 2026-09-24T17:33:29.350135+09:00 http 503 1594.4 ms gen gen_01M398RRN3G1MAP7QHJ8SCNFFX then sleep 2.0 s
#   attempt 37 2026-09-24T17:33:32.944680+09:00 http 503 1542.4 ms gen gen_01M398RVZ697RP7AWSV8AS3A70 then sleep 2.0 s
#   attempt 38 2026-09-24T17:33:36.487199+09:00 http 503 1732.2 ms gen gen_01M398RZQFY2T0ZQQBKEGH67XH then sleep 2.0 s
#   attempt 39 2026-09-24T17:33:40.219568+09:00 http 503 1448.7 ms gen gen_01M398S34Y9BWTGP5B9VQSXWSB then sleep 2.0 s
#   attempt 40 2026-09-24T17:33:43.668482+09:00 http 503 1218.1 ms gen gen_01M398S6DN7JQS4SHAFQSQ1E26 then sleep 2.0 s
#   attempt 41 2026-09-24T17:33:46.885799+09:00 http 503 1394.7 ms gen gen_01M398S9NWJ9WBB40Q7A3XRK11 then sleep 2.0 s
#   attempt 42 2026-09-24T17:33:50.280691+09:00 http 503 1595.0 ms gen gen_01M398SD47Y917E0R1WW4VGGP4 then sleep 2.0 s
#   attempt 43 2026-09-24T17:33:53.875872+09:00 http 503 1326.5 ms gen gen_01M398SGBY3SMQG90X076KE6RZ then sleep 2.0 s
#   attempt 44 2026-09-24T17:33:57.202571+09:00 http 503 1492.7 ms gen gen_01M398SKRMWNSC3W31DKM3CQT6 then sleep 2.0 s
#   attempt 45 2026-09-24T17:34:00.695690+09:00 http 503 1618.4 ms gen gen_01M398SQ8VKEVZ29SWX6BFZXBS then sleep 2.0 s
#   attempt 46 2026-09-24T17:34:04.314283+09:00 http 503 1353.5 ms gen gen_01M398STJP99YWBCZ0HYKDEA86 then sleep 2.0 s
#   attempt 47 2026-09-24T17:34:07.668242+09:00 http 503 1319.5 ms gen gen_01M398SXT04H3J58CDZJ3N3XT8 then sleep 2.0 s
#   attempt 48 2026-09-24T17:34:10.987956+09:00 http 503 1337.2 ms gen gen_01M398T12Q7R3FQGV4GX0E16CV then sleep 2.0 s
#   attempt 49 2026-09-24T17:34:14.325377+09:00 http 503 1493.6 ms gen gen_01M398T4F8Z2WCQXSN7139H31P then sleep 2.0 s
#   attempt 50 2026-09-24T17:34:17.817461+09:00 http 503 1522.0 ms gen gen_01M398T7XP3XV4KGJ882XZ2SPJ then sleep 2.0 s
#   attempt 51 2026-09-24T17:34:21.339672+09:00 http 503 1231.5 ms gen gen_01M398TB7H013KFQ00DZSHNVTZ then sleep 2.0 s
#   attempt 52 2026-09-24T17:34:24.571343+09:00 http 503 1621.3 ms gen gen_01M398TEKR1P4PRC35HPF8PXNW then sleep 2.0 s
#   attempt 53 2026-09-24T17:34:28.192829+09:00 http 503 1407.9 ms gen gen_01M398THY2644845D3A1YNKG4J then sleep 2.0 s
#   attempt 54 2026-09-24T17:34:31.600941+09:00 http 503 1712.1 ms gen gen_01M398TNH7W3HN1GTBF2YFRRYB then sleep 2.0 s
#   attempt 55 2026-09-24T17:34:35.313240+09:00 http 503 2038.2 ms gen gen_01M398TS073QAQCEXM175E31CB then sleep 2.0 s
#   attempt 56 2026-09-24T17:34:39.351890+09:00 http 503 1745.8 ms gen gen_01M398TX4FNQJR49JWW5514VKH then sleep 2.0 s
#   attempt 57 2026-09-24T17:34:43.097830+09:00 http 200 1661.7 ms gen gen_01M398V0KMEBXP02A7W8ZR17JF
2026-09-24T17:34:48.764243+09:00 r1 L12.A.b2   2 200   1005.6    6082     87 0.00000000  (after 1 failed attempt(s): HTTP 503)
#   request 19012 bytes sha256 aeb8cb3d4475bd0c, 2 attempt(s), 2.0 s waited
#   attempt 1 2026-09-24T17:34:44.763160+09:00 http 503 995.3 ms gen gen_01M398V208SP59B3QHD9KS168Q then sleep 2.0 s
#   attempt 2 2026-09-24T17:34:47.758599+09:00 http 200 1005.6 ms gen gen_01M398V4PNYC7AMMXV3WG3V1SB
2026-09-24T17:34:59.909092+09:00 r1 L13.A.b0   5 200   1345.7   11024    214 0.00000000  (after 3 failed attempt(s): HTTP 503, HTTP 503, HTTP 503)
#   request 34596 bytes sha256 1fe90981c37b9145, 4 attempt(s), 6.0 s waited
#   attempt 1 2026-09-24T17:34:48.783356+09:00 http 503 1400.8 ms gen gen_01M398V657MXJ9KHX9RDQJM0RY then sleep 2.0 s
#   attempt 2 2026-09-24T17:34:52.184369+09:00 http 503 1221.4 ms gen gen_01M398V9BFA9WZH94MTVD054JM then sleep 2.0 s
#   attempt 3 2026-09-24T17:34:55.405949+09:00 http 503 1157.2 ms gen gen_01M398VCD0GTSWRD0XRE8JH7AR then sleep 2.0 s
#   attempt 4 2026-09-24T17:34:58.563353+09:00 http 200 1345.7 ms gen gen_01M398VFQP094B3BWK6967KPSA
2026-09-24T17:36:15.763487+09:00 r1 L13.A.b1   8 200   1588.7   17509    340 0.00000000  (after 21 failed attempt(s): HTTP 503, HTTP 503, HTTP 503, HTTP 503, HTTP 503, HTTP 503, HTTP 503, HTTP 503, HTTP 503, HTTP 503, HTTP 503, HTTP 503, HTTP 503, HTTP 503, HTTP 503, HTTP 503, HTTP 503, HTTP 503, HTTP 503, HTTP 503, HTTP 503)
#   request 52791 bytes sha256 7f9fc5a886b22e76, 22 attempt(s), 42.0 s waited
#   attempt 1 2026-09-24T17:34:59.909761+09:00 http 503 1717.0 ms gen gen_01M398VH1SSMA2TF2HACDAFH1Z then sleep 2.0 s
#   attempt 2 2026-09-24T17:35:03.626952+09:00 http 503 1311.4 ms gen gen_01M398VMF8T2NG9ZHGTBBV3YDK then sleep 2.0 s
#   attempt 3 2026-09-24T17:35:06.938616+09:00 http 503 1549.6 ms gen gen_01M398VQXZBQDG9XRX44BFA31C then sleep 2.0 s
#   attempt 4 2026-09-24T17:35:10.488354+09:00 http 503 1461.8 ms gen gen_01M398VVEJK0NSBC02PFFRFARM then sleep 2.0 s
#   attempt 5 2026-09-24T17:35:13.950344+09:00 http 503 1195.6 ms gen gen_01M398VYHMAYC0C310DMHA3P78 then sleep 2.0 s
#   attempt 6 2026-09-24T17:35:17.145011+09:00 http 503 1510.7 ms gen gen_01M398W1TJ5QEW7X9NAGGQWAV1 then sleep 2.0 s
#   attempt 7 2026-09-24T17:35:20.655927+09:00 http 503 1311.3 ms gen gen_01M398W536JJTBER4465B9W5CW then sleep 2.0 s
#   attempt 8 2026-09-24T17:35:23.967423+09:00 http 503 1491.5 ms gen gen_01M398W8GEHKFK769KKNN4H23S then sleep 2.0 s
#   attempt 9 2026-09-24T17:35:27.459138+09:00 http 503 1408.2 ms gen gen_01M398WBSM8FSB4DCT3WWTH8XF then sleep 2.0 s
#   attempt 10 2026-09-24T17:35:30.867580+09:00 http 503 1718.2 ms gen gen_01M398WFENYR2JTS87KP2ZAM5F then sleep 2.0 s
#   attempt 11 2026-09-24T17:35:34.586239+09:00 http 503 1490.0 ms gen gen_01M398WJV9D8P4W7W2SW90984B then sleep 2.0 s
#   attempt 12 2026-09-24T17:35:38.076504+09:00 http 503 1786.2 ms gen gen_01M398WPBHQCN1Y5RMV9DQQHBE then sleep 2.0 s
#   attempt 13 2026-09-24T17:35:41.862837+09:00 http 503 2294.1 ms gen gen_01M398WT3456VZPPGM46J1FQVB then sleep 2.0 s
#   attempt 14 2026-09-24T17:35:46.155801+09:00 http 503 1386.9 ms gen gen_01M398WY7383D2AW0VDGKEECYA then sleep 2.0 s
#   attempt 15 2026-09-24T17:35:49.543045+09:00 http 503 1568.4 ms gen gen_01M398X1H59DN1AGPAA34FQCT5 then sleep 2.0 s
#   attempt 16 2026-09-24T17:35:53.111595+09:00 http 503 1268.9 ms gen gen_01M398X4VMF0AB8KB6CSPBZGJJ then sleep 2.0 s
#   attempt 17 2026-09-24T17:35:56.380635+09:00 http 503 1316.7 ms gen gen_01M398X80EMGJ7Y1SVJWE7Q21H then sleep 2.0 s
#   attempt 18 2026-09-24T17:35:59.697554+09:00 http 503 1526.3 ms gen gen_01M398XBCM0P82A12EYS1370BP then sleep 2.0 s
#   attempt 19 2026-09-24T17:36:03.223979+09:00 http 503 1586.1 ms gen gen_01M398XEW3J1VFG3M2WTFGBRNJ then sleep 2.0 s
#   attempt 20 2026-09-24T17:36:06.810303+09:00 http 503 1615.0 ms gen gen_01M398XJEP1KKAB2X6XFW7GH9G then sleep 2.0 s
#   attempt 21 2026-09-24T17:36:10.425550+09:00 http 503 1750.7 ms gen gen_01M398XP1TZP0FDY8SK1FPEJQM then sleep 2.0 s
#   attempt 22 2026-09-24T17:36:14.176494+09:00 http 200 1588.7 ms gen gen_01M398XSKHRW694AH9H0ZW91NB
2026-09-24T17:36:20.145728+09:00 r1 L13.A.b2   2 200   1354.4    4907     87 0.00000000  (after 1 failed attempt(s): HTTP 503)
#   request 15712 bytes sha256 913c039778b17660, 2 attempt(s), 2.0 s waited
#   attempt 1 2026-09-24T17:36:15.764636+09:00 http 503 1026.5 ms gen gen_01M398XTRRP6035980XVG9CTMK then sleep 2.0 s
#   attempt 2 2026-09-24T17:36:18.791287+09:00 http 200 1354.4 ms gen gen_01M398XXYZBD499SPHCP0GMCJH
2026-09-24T17:36:28.915889+09:00 r2 B0.A.b0   5 200   1703.2   16546    214 0.00000000  (after 2 failed attempt(s): HTTP 503, HTTP 503)
#   request 50094 bytes sha256 6a1dd51f0c749bcc, 3 attempt(s), 4.0 s waited
#   attempt 1 2026-09-24T17:36:20.164321+09:00 http 503 1502.2 ms gen gen_01M398XZCJJKWYBZAMZ3S63S93 then sleep 2.0 s
#   attempt 2 2026-09-24T17:36:23.666680+09:00 http 503 1545.8 ms gen gen_01M398Y2TW00Q7YJ0KGPNNVNS7 then sleep 2.0 s
#   attempt 3 2026-09-24T17:36:27.212651+09:00 http 200 1703.2 ms gen gen_01M398Y6AP3K7M2W4CP51MJTM1
2026-09-24T17:37:16.247523+09:00 r2 B0.A.b1   8 200   1736.2   20698    340 0.00000000  (after 13 failed attempt(s): HTTP 503, HTTP 503, HTTP 503, HTTP 503, HTTP 503, HTTP 503, HTTP 503, HTTP 503, HTTP 503, HTTP 503, HTTP 503, HTTP 503, HTTP 503)
#   request 61253 bytes sha256 8b86764eba476b51, 14 attempt(s), 26.0 s waited
#   attempt 1 2026-09-24T17:36:28.916452+09:00 http 503 1518.8 ms gen gen_01M398Y7WKR64W3FKQQF7QE8M9 then sleep 2.0 s
#   attempt 2 2026-09-24T17:36:32.435398+09:00 http 503 1645.0 ms gen gen_01M398YBF6HAK0JBSA40XWY1XM then sleep 2.0 s
#   attempt 3 2026-09-24T17:36:36.080624+09:00 http 503 1394.9 ms gen gen_01M398YEXT27GVQS81ECX1ES09 then sleep 2.0 s
#   attempt 4 2026-09-24T17:36:39.475760+09:00 http 503 1566.4 ms gen gen_01M398YJ40B5ZZP46X0WBR1RH0 then sleep 2.0 s
#   attempt 5 2026-09-24T17:36:43.042339+09:00 http 503 1740.3 ms gen gen_01M398YNXMBF9ZP57WR8WEKXXX then sleep 2.0 s
#   attempt 6 2026-09-24T17:36:46.781767+09:00 http 503 1524.2 ms gen gen_01M398YSAYF2BJFYSTX0VGN2M6 then sleep 2.0 s
#   attempt 7 2026-09-24T17:36:50.306141+09:00 http 503 1773.5 ms gen gen_01M398YX2X02ACGRWXH9Q7SSY0 then sleep 2.0 s
#   attempt 8 2026-09-24T17:36:54.079903+09:00 http 503 1414.6 ms gen gen_01M398Z0D4363HWEKP11D6ZY3Y then sleep 2.0 s
#   attempt 9 2026-09-24T17:36:57.494661+09:00 http 503 1323.4 ms gen gen_01M398Z3N6YAW4SM70ENWJKWNV then sleep 2.0 s
#   attempt 10 2026-09-24T17:37:00.818284+09:00 http 503 1610.1 ms gen gen_01M398Z75F2NEJA5RZJMVAHFW5 then sleep 2.0 s
#   attempt 11 2026-09-24T17:37:04.428587+09:00 http 503 1299.8 ms gen gen_01M398ZAD3E5A5R0MFX9W7MQD8 then sleep 2.0 s
#   attempt 12 2026-09-24T17:37:07.728596+09:00 http 503 1356.4 ms gen gen_01M398ZDT9DG8RTGTSA07QE216 then sleep 2.0 s
#   attempt 13 2026-09-24T17:37:11.085158+09:00 http 503 1427.5 ms gen gen_01M398ZH18MWA4ZZ4HWATX9BKK then sleep 2.0 s
#   attempt 14 2026-09-24T17:37:14.512817+09:00 http 200 1736.2 ms gen gen_01M398ZMG3QWKMK38RJDF6NFJZ
2026-09-24T17:37:17.482255+09:00 r2 B0.A.b2   2 200   1234.1    6016     87 0.00000000
2026-09-24T17:37:19.206720+09:00 r2 L6.A.b0   5 200   1705.2   17373    214 0.00000000
2026-09-24T17:39:09.560495+09:00 r2 L6.A.b1   8 200   1522.2   21532    340 0.00000000  (after 31 failed attempt(s): HTTP 503, HTTP 503, HTTP 503, HTTP 503, HTTP 503, HTTP 503, HTTP 503, HTTP 503, HTTP 503, HTTP 503, HTTP 503, HTTP 503, HTTP 503, HTTP 503, HTTP 503, HTTP 503, HTTP 503, HTTP 503, HTTP 503, HTTP 503, HTTP 503, HTTP 503, HTTP 503, HTTP 503, HTTP 503, HTTP 503, HTTP 503, HTTP 503, HTTP 503, HTTP 503, HTTP 503)
#   request 64212 bytes sha256 5153bc5d11cf3917, 32 attempt(s), 62.0 s waited
#   attempt 1 2026-09-24T17:37:19.207447+09:00 http 503 1506.5 ms gen gen_01M398ZS220PXWP3SY74PGE4W6 then sleep 2.0 s
#   attempt 2 2026-09-24T17:37:22.714168+09:00 http 503 1325.6 ms gen gen_01M398ZW9TBV6GYVJ4SFV8NNA9 then sleep 2.0 s
#   attempt 3 2026-09-24T17:37:26.039989+09:00 http 503 1625.1 ms gen gen_01M398ZZTN4S9AASC19TRYY0HH then sleep 2.0 s
#   attempt 4 2026-09-24T17:37:29.665253+09:00 http 503 1587.6 ms gen gen_01M399039PHM6ZR8HPK50FE7H0 then sleep 2.0 s
#   attempt 5 2026-09-24T17:37:33.253062+09:00 http 503 1534.7 ms gen gen_01M39906T4R4W33GY54WGES0Y7 then sleep 2.0 s
#   attempt 6 2026-09-24T17:37:36.787935+09:00 http 503 1385.5 ms gen gen_01M3990A301BBAK5RVB6DR2MPE then sleep 2.0 s
#   attempt 7 2026-09-24T17:37:40.173658+09:00 http 503 1956.4 ms gen gen_01M3990DRAZJ2XYJ4H170394BJ then sleep 2.0 s
#   attempt 8 2026-09-24T17:37:44.130273+09:00 http 503 1389.8 ms gen gen_01M3990H98MTJ10DD66096ZXZH then sleep 2.0 s
#   attempt 9 2026-09-24T17:37:47.519036+09:00 http 503 1563.4 ms gen gen_01M3990MR68FPPCCH6VMWJ9T6C then sleep 2.0 s
#   attempt 10 2026-09-24T17:37:51.082660+09:00 http 503 1446.5 ms gen gen_01M3990R0XWW4TZ6596AYC5953 then sleep 2.0 s
#   attempt 11 2026-09-24T17:37:54.529358+09:00 http 503 1467.5 ms gen gen_01M3990VN4KNYQYA6MFES25F9T then sleep 2.0 s
#   attempt 12 2026-09-24T17:37:57.997431+09:00 http 503 1328.7 ms gen gen_01M3990YRRE3AGT7EAX9NMX37A then sleep 2.0 s
#   attempt 13 2026-09-24T17:38:01.326366+09:00 http 503 1679.6 ms gen gen_01M399129RF3WN54Q30QYVSHRZ then sleep 2.0 s
#   attempt 14 2026-09-24T17:38:05.006402+09:00 http 503 1531.0 ms gen gen_01M39915X7R7DJ72TJSQFJPQED then sleep 2.0 s
#   attempt 15 2026-09-24T17:38:08.537597+09:00 http 503 1551.6 ms gen gen_01M399197R9771KET6V77QDWZ5 then sleep 2.0 s
#   attempt 16 2026-09-24T17:38:12.089378+09:00 http 503 1486.9 ms gen gen_01M3991CNADTM09E7ZBA0XZFVC then sleep 2.0 s
#   attempt 17 2026-09-24T17:38:15.575152+09:00 http 503 1609.4 ms gen gen_01M3991G6WCRTHPPFC1GTH4MAR then sleep 2.0 s
#   attempt 18 2026-09-24T17:38:19.184788+09:00 http 503 1335.9 ms gen gen_01M3991KK1JTE4MG44DP9TCT7Q then sleep 2.0 s
#   attempt 19 2026-09-24T17:38:22.520896+09:00 http 503 1445.2 ms gen gen_01M3991PXYGZ9FCX0T92CGWAS9 then sleep 2.0 s
#   attempt 20 2026-09-24T17:38:25.966373+09:00 http 503 1408.6 ms gen gen_01M3991T3JTR3MW0Y3BN7NS8TN then sleep 2.0 s
#   attempt 21 2026-09-24T17:38:29.375107+09:00 http 503 1438.8 ms gen gen_01M3991XGDBJAWMCJ5F81VTZCE then sleep 2.0 s
#   attempt 22 2026-09-24T17:38:32.814073+09:00 http 503 1576.0 ms gen gen_01M39920Z6S4G6TW4FWBM18GRD then sleep 2.0 s
#   attempt 23 2026-09-24T17:38:36.390256+09:00 http 503 1511.1 ms gen gen_01M39924BP006HG3512W15N9EG then sleep 2.0 s
#   attempt 24 2026-09-24T17:38:39.901532+09:00 http 503 1566.6 ms gen gen_01M39927X28QYP0GVJV9WQ6AZX then sleep 2.0 s
#   attempt 25 2026-09-24T17:38:43.468343+09:00 http 503 1562.6 ms gen gen_01M3992B7NZPAQ5E26TT8ACDV9 then sleep 2.0 s
#   attempt 26 2026-09-24T17:38:47.029862+09:00 http 503 1560.1 ms gen gen_01M3992EW6GVP4F20ESVY2JNK5 then sleep 2.0 s
#   attempt 27 2026-09-24T17:38:50.590096+09:00 http 503 1500.3 ms gen gen_01M3992J8MCAQWAA78WH1ZGH64 then sleep 2.0 s
#   attempt 28 2026-09-24T17:38:54.090666+09:00 http 503 1486.9 ms gen gen_01M3992NMYSJY9YD5MSC9M7SYN then sleep 2.0 s
#   attempt 29 2026-09-24T17:38:57.577782+09:00 http 503 1499.6 ms gen gen_01M3992S3DRRMXPVJMWA1Z9CSE then sleep 2.0 s
#   attempt 30 2026-09-24T17:39:01.077597+09:00 http 503 1526.8 ms gen gen_01M3992WHFFAQ3T60MDCHP4GK0 then sleep 2.0 s
#   attempt 31 2026-09-24T17:39:04.604618+09:00 http 503 1433.4 ms gen gen_01M3992ZW71N5AWC5VZNZWDYCS then sleep 2.0 s
#   attempt 32 2026-09-24T17:39:08.038245+09:00 http 200 1522.2 ms gen gen_01M3993365KSGYPYADSSEAG762
2026-09-24T17:39:10.679437+09:00 r2 L6.A.b2   2 200   1117.4    6152     87 0.00000000
2026-09-24T17:39:39.368169+09:00 r2 L7.A.b0.c0  10 200   1526.5   18931    164 0.00000000  (after 8 failed attempt(s): HTTP 503, HTTP 503, HTTP 503, HTTP 503, HTTP 503, HTTP 503, HTTP 503, HTTP 503)
#   request 58637 bytes sha256 5a366ab9408fd033, 9 attempt(s), 16.0 s waited
#   attempt 1 2026-09-24T17:39:10.698878+09:00 http 503 1594.2 ms gen gen_01M399360B05S4K565K6DQSQYZ then sleep 2.0 s
#   attempt 2 2026-09-24T17:39:14.293284+09:00 http 503 1491.3 ms gen gen_01M39939EW2DJ6EGM1GM00QH3F then sleep 2.0 s
#   attempt 3 2026-09-24T17:39:17.778025+09:00 http 503 1439.6 ms gen gen_01M3993CRAHEFM3S54MC6Z0VXV then sleep 2.0 s
#   attempt 4 2026-09-24T17:39:21.217817+09:00 http 503 1329.6 ms gen gen_01M3993G2CMCBXTXRR443Q08S1 then sleep 2.0 s
#   attempt 5 2026-09-24T17:39:24.547581+09:00 http 503 1535.5 ms gen gen_01M3993KEKZN8DQEFX4V4WT6HN then sleep 2.0 s
#   attempt 6 2026-09-24T17:39:28.083316+09:00 http 503 1348.4 ms gen gen_01M3993PWF06S3G96PMPT6X74R then sleep 2.0 s
#   attempt 7 2026-09-24T17:39:31.431897+09:00 http 503 1349.5 ms gen gen_01M3993T186SPTGXQ1V83CJJ7F then sleep 2.0 s
#   attempt 8 2026-09-24T17:39:34.781620+09:00 http 503 1059.8 ms gen gen_01M3993XA115G6SNQHRHGHW0RA then sleep 2.0 s
#   attempt 9 2026-09-24T17:39:37.841601+09:00 http 200 1526.5 ms gen gen_01M39940EE1MFETCSZH782QM4E
2026-09-24T17:40:05.555639+09:00 r2 L7.A.b0.c1   5 200   1744.1   16154     84 0.00000000  (after 7 failed attempt(s): HTTP 503, HTTP 503, HTTP 503, HTTP 503, HTTP 503, HTTP 503, HTTP 503)
#   request 47916 bytes sha256 9633db0b5017c207, 8 attempt(s), 14.0 s waited
#   attempt 1 2026-09-24T17:39:39.368783+09:00 http 503 1323.4 ms gen gen_01M39941RSCYQWGVSWEEPVE6CZ then sleep 2.0 s
#   attempt 2 2026-09-24T17:39:42.692389+09:00 http 503 1336.2 ms gen gen_01M399450Z2G3R3FMYX2E87WW5 then sleep 2.0 s
#   attempt 3 2026-09-24T17:39:46.033096+09:00 http 503 1534.3 ms gen gen_01M399488SCY56XZ2PKE9J5HKB then sleep 2.0 s
#   attempt 4 2026-09-24T17:39:49.567558+09:00 http 503 1554.9 ms gen gen_01M3994C16JRXNEHX0R2BDN05W then sleep 2.0 s
#   attempt 5 2026-09-24T17:39:53.122627+09:00 http 503 1514.2 ms gen gen_01M3994FBSV7T99Q158FACDS4V then sleep 2.0 s
#   attempt 6 2026-09-24T17:39:56.637077+09:00 http 503 1570.3 ms gen gen_01M3994JRYYZ61P9DF9FR1JM6K then sleep 2.0 s
#   attempt 7 2026-09-24T17:40:00.207770+09:00 http 503 1603.5 ms gen gen_01M3994PB4JPD8Z5SZ2FSYP0VV then sleep 2.0 s
#   attempt 8 2026-09-24T17:40:03.811444+09:00 http 200 1744.1 ms gen gen_01M3994SW01NJ1Y5A1M5VCW9BB
2026-09-24T17:40:30.763567+09:00 r2 L7.A.b1.c0   9 200   1686.9   20356    148 0.00000000  (after 7 failed attempt(s): HTTP 503, HTTP 503, HTTP 503, HTTP 503, HTTP 503, HTTP 503, HTTP 503)
#   request 59144 bytes sha256 97ec0888bcc87416, 8 attempt(s), 14.0 s waited
#   attempt 1 2026-09-24T17:40:05.556284+09:00 http 503 1624.6 ms gen gen_01M3994VKZQBHHHCQPPJRS0E30 then sleep 2.0 s
#   attempt 2 2026-09-24T17:40:09.181031+09:00 http 503 1430.2 ms gen gen_01M3994YYKHR512BEKCYFXF00Q then sleep 2.0 s
#   attempt 3 2026-09-24T17:40:12.611424+09:00 http 503 1203.9 ms gen gen_01M399527QKJ4E5Q4XJ99VJ1CA then sleep 2.0 s
#   attempt 4 2026-09-24T17:40:15.814125+09:00 http 503 1238.7 ms gen gen_01M39955DH0FWRD0FQD7PWMXKA then sleep 2.0 s
#   attempt 5 2026-09-24T17:40:19.053062+09:00 http 503 1384.0 ms gen gen_01M39958JWABC8SZQ3G69SKHV9 then sleep 2.0 s
#   attempt 6 2026-09-24T17:40:22.437227+09:00 http 503 1269.0 ms gen gen_01M3995BW91Q1YQWFZS2NYDFET then sleep 2.0 s
#   attempt 7 2026-09-24T17:40:25.706457+09:00 http 503 1369.8 ms gen gen_01M3995F4P43T5B03RRS2X3SZQ then sleep 2.0 s
#   attempt 8 2026-09-24T17:40:29.076501+09:00 http 200 1686.9 ms gen gen_01M3995JFGBCWQ1ZRZN0VE6HFE
2026-09-24T17:42:57.016791+09:00 r2 L7.A.b1.c1   9 200   1712.3   20569    148 0.00000000  (after 41 failed attempt(s): HTTP 503, HTTP 503, HTTP 503, HTTP 503, HTTP 503, HTTP 503, HTTP 503, HTTP 503, HTTP 503, HTTP 503, HTTP 503, HTTP 503, HTTP 503, HTTP 503, HTTP 503, HTTP 503, HTTP 503, HTTP 503, HTTP 503, HTTP 503, HTTP 503, HTTP 503, HTTP 503, HTTP 503, HTTP 503, HTTP 503, HTTP 503, HTTP 503, HTTP 503, HTTP 503, HTTP 503, HTTP 503, HTTP 503, HTTP 503, HTTP 503, HTTP 503, HTTP 503, HTTP 503, HTTP 503, HTTP 503, HTTP 503)
#   request 59759 bytes sha256 41f5ac49fd7af8a6, 42 attempt(s), 82.0 s waited
#   attempt 1 2026-09-24T17:40:30.764946+09:00 http 503 1556.8 ms gen gen_01M3995M639E4H0R349P0Y4TSN then sleep 2.0 s
#   attempt 2 2026-09-24T17:40:34.321912+09:00 http 503 1393.5 ms gen gen_01M3995QFDBQN0RS7G25AN7YM1 then sleep 2.0 s
#   attempt 3 2026-09-24T17:40:37.715583+09:00 http 503 1543.9 ms gen gen_01M3995TY1JFWMWHPF8FZ6R95A then sleep 2.0 s
#   attempt 4 2026-09-24T17:40:41.259649+09:00 http 503 1494.1 ms gen gen_01M3995YBFXEDNBM6NCXMA6XN8 then sleep 2.0 s
#   attempt 5 2026-09-24T17:40:44.753966+09:00 http 503 1515.0 ms gen gen_01M39961S52DR2MB139RTGQ56B then sleep 2.0 s
#   attempt 6 2026-09-24T17:40:48.267367+09:00 http 503 1950.7 ms gen gen_01M39965ARHC0AEJH3MGNAGYS1 then sleep 2.0 s
#   attempt 7 2026-09-24T17:40:52.218283+09:00 http 503 1603.1 ms gen gen_01M3996997Q3JSXC3TWXTV0G95 then sleep 2.0 s
#   attempt 8 2026-09-24T17:40:55.821870+09:00 http 503 1536.4 ms gen gen_01M3996CM2J4GGK48PGAJN7TMM then sleep 2.0 s
#   attempt 9 2026-09-24T17:40:59.358447+09:00 http 503 1613.0 ms gen gen_01M3996G1728V7PPCRDBC828JQ then sleep 2.0 s
#   attempt 10 2026-09-24T17:41:02.971718+09:00 http 503 1418.7 ms gen gen_01M3996KF4YB8RAW2E5CXWMEGN then sleep 2.0 s
#   attempt 11 2026-09-24T17:41:06.390632+09:00 http 503 1522.2 ms gen gen_01M3996Q120SFZE8N8D1Y8TQ8J then sleep 2.0 s
#   attempt 12 2026-09-24T17:41:09.913008+09:00 http 503 1693.1 ms gen gen_01M3996TGSECE746H3XD1D6ZWB then sleep 2.0 s
#   attempt 13 2026-09-24T17:41:13.606485+09:00 http 503 1374.2 ms gen gen_01M3996XY4F31THJWACBT7PM96 then sleep 2.0 s
#   attempt 14 2026-09-24T17:41:16.979245+09:00 http 503 1558.4 ms gen gen_01M399719VY8XT39RJJ4HHTFG7 then sleep 2.0 s
#   attempt 15 2026-09-24T17:41:20.537804+09:00 http 503 1416.6 ms gen gen_01M39974KW7WJQ8BYA5PQSSJ90 then sleep 2.0 s
#   attempt 16 2026-09-24T17:41:23.954632+09:00 http 503 1403.4 ms gen gen_01M399782YW1ARDM3CKWCQTCXY then sleep 2.0 s
#   attempt 17 2026-09-24T17:41:27.358210+09:00 http 503 1558.2 ms gen gen_01M3997BETZ6AHE1SJWSBY7VRY then sleep 2.0 s
#   attempt 18 2026-09-24T17:41:30.916620+09:00 http 503 1553.5 ms gen gen_01M3997EWWNFZH8ZY4NN878QTP then sleep 2.0 s
#   attempt 19 2026-09-24T17:41:34.470389+09:00 http 503 1560.4 ms gen gen_01M3997JC8A9ZKW2DYQBVHDGQ8 then sleep 2.0 s
#   attempt 20 2026-09-24T17:41:38.030979+09:00 http 503 1627.8 ms gen gen_01M3997NWMB040AD0ZENE1EVYS then sleep 2.0 s
#   attempt 21 2026-09-24T17:41:41.658966+09:00 http 503 1623.5 ms gen gen_01M3997S6QRSCHH4C3KBDWQY8Q then sleep 2.0 s
#   attempt 22 2026-09-24T17:41:45.282019+09:00 http 503 1657.7 ms gen gen_01M3997X15TEJJDCWXPCG2HHBH then sleep 2.0 s
#   attempt 23 2026-09-24T17:41:48.939888+09:00 http 503 1570.7 ms gen gen_01M399809RVY2P23PAVRGXVP6D then sleep 2.0 s
#   attempt 24 2026-09-24T17:41:52.510729+09:00 http 503 1536.4 ms gen gen_01M39983YCHFBEVZBTN5W9AT8W then sleep 2.0 s
#   attempt 25 2026-09-24T17:41:56.047408+09:00 http 503 1201.5 ms gen gen_01M39987765A3993FBXC6RXX5A then sleep 2.0 s
#   attempt 26 2026-09-24T17:41:59.249137+09:00 http 503 1423.9 ms gen gen_01M3998AH5GW8HTAYC85H3AHV8 then sleep 2.0 s
#   attempt 27 2026-09-24T17:42:02.673213+09:00 http 503 1020.5 ms gen gen_01M3998DHS7MPD40NWF49QWJ8G then sleep 2.0 s
#   attempt 28 2026-09-24T17:42:05.693965+09:00 http 503 1330.7 ms gen gen_01M3998GSS1E5FH29RXDSE5XRS then sleep 2.0 s
#   attempt 29 2026-09-24T17:42:09.024874+09:00 http 503 1487.3 ms gen gen_01M3998M1AYCTQSCES026FMH7V then sleep 2.0 s
#   attempt 30 2026-09-24T17:42:12.512350+09:00 http 503 1343.9 ms gen gen_01M3998Q9VVHR1K7RYWVFWR788 then sleep 2.0 s
#   attempt 31 2026-09-24T17:42:15.855220+09:00 http 503 1492.1 ms gen gen_01M3998TVWT81M0A7ASG7X4RWD then sleep 2.0 s
#   attempt 32 2026-09-24T17:42:19.347467+09:00 http 503 1611.9 ms gen gen_01M3998Y6W03RW8XJ95400QZKQ then sleep 2.0 s
#   attempt 33 2026-09-24T17:42:22.959625+09:00 http 503 1596.3 ms gen gen_01M39991QWK1YG0YJ70GPQQK5E then sleep 2.0 s
#   attempt 34 2026-09-24T17:42:26.556098+09:00 http 503 1542.4 ms gen gen_01M39995805EHG00NSSATKD43Q then sleep 2.0 s
#   attempt 35 2026-09-24T17:42:30.098681+09:00 http 503 1523.2 ms gen gen_01M39998NGE4PD7XXT1EK5VVEG then sleep 2.0 s
#   attempt 36 2026-09-24T17:42:33.622147+09:00 http 503 1494.0 ms gen gen_01M3999C2PW7P49ABNNYY9Y97C then sleep 2.0 s
#   attempt 37 2026-09-24T17:42:37.116337+09:00 http 503 1683.4 ms gen gen_01M3999FM7VF9NSGSC4RJRK9SY then sleep 2.0 s
#   attempt 38 2026-09-24T17:42:40.799926+09:00 http 503 1767.8 ms gen gen_01M3999KBKRGF2YWCHY65Q201D then sleep 2.0 s
#   attempt 39 2026-09-24T17:42:44.568176+09:00 http 503 1531.2 ms gen gen_01M3999PSEQHXGN6QCC9SF2YCS then sleep 2.0 s
#   attempt 40 2026-09-24T17:42:48.098125+09:00 http 503 1552.4 ms gen gen_01M3999T8Q2JF0H5CD3GCN72PG then sleep 2.0 s
#   attempt 41 2026-09-24T17:42:51.650721+09:00 http 503 1653.5 ms gen gen_01M3999XPNMW26T5YGCTDTQFN0 then sleep 2.0 s
#   attempt 42 2026-09-24T17:42:55.304427+09:00 http 200 1712.3 ms gen gen_01M399A1B3W0FTWBC85KASD4VY
2026-09-24T17:43:09.041190+09:00 r2 L7.A.b1.c2   6 200   1624.9   18681    100 0.00000000  (after 3 failed attempt(s): HTTP 503, HTTP 503, HTTP 503)
#   request 52624 bytes sha256 a0054d2e70b5469a, 4 attempt(s), 6.0 s waited
#   attempt 1 2026-09-24T17:42:57.018404+09:00 http 503 1362.6 ms gen gen_01M399A2YMA0A6PDXYHAVNJVBH then sleep 2.0 s
#   attempt 2 2026-09-24T17:43:00.381193+09:00 http 503 1441.2 ms gen gen_01M399A653BE967062C3STW7BG then sleep 2.0 s
#   attempt 3 2026-09-24T17:43:03.822599+09:00 http 503 1593.4 ms gen gen_01M399A9MTVWAZVHX4AJ818TFD then sleep 2.0 s
#   attempt 4 2026-09-24T17:43:07.416193+09:00 http 200 1624.9 ms gen gen_01M399AD2B58T02VWXH9H52VM8
2026-09-24T17:43:16.870397+09:00 r2 L7.A.b2   6 200   1340.7    8204    100 0.00000000  (after 2 failed attempt(s): HTTP 503, HTTP 503)
#   request 26770 bytes sha256 fe10c99dc27db377, 3 attempt(s), 4.0 s waited
#   attempt 1 2026-09-24T17:43:09.041874+09:00 http 503 1098.4 ms gen gen_01M399AEDRCM6HPX9G6A7SEN6H then sleep 2.0 s
#   attempt 2 2026-09-24T17:43:12.140485+09:00 http 503 1390.5 ms gen gen_01M399AHEPZFP3DHN2Y90S9PWN then sleep 2.0 s
#   attempt 3 2026-09-24T17:43:15.529575+09:00 http 200 1340.7 ms gen gen_01M399AMWG9RW3PZ67R0F5ZVQW
2026-09-24T17:43:39.303271+09:00 r2 L8.A.b0.step1   5 200   1558.6   15476    163 0.00000000  (after 6 failed attempt(s): HTTP 503, HTTP 503, HTTP 503, HTTP 503, HTTP 503, HTTP 503)
#   request 45084 bytes sha256 f5108e3037c57975, 7 attempt(s), 12.0 s waited
#   attempt 1 2026-09-24T17:43:16.891830+09:00 http 503 1599.8 ms gen gen_01M399APE27ZF3WEETKED0PHDY then sleep 2.0 s
#   attempt 2 2026-09-24T17:43:20.491856+09:00 http 503 1438.3 ms gen gen_01M399ASSV5FF8S3B6RWXVSJM9 then sleep 2.0 s
#   attempt 3 2026-09-24T17:43:23.930372+09:00 http 503 1463.5 ms gen gen_01M399AXAQCXA4NBYRRHWEFW2C then sleep 2.0 s
#   attempt 4 2026-09-24T17:43:27.394005+09:00 http 503 1493.9 ms gen gen_01M399B0KBNZZJ60WMZ929W499 then sleep 2.0 s
#   attempt 5 2026-09-24T17:43:30.888152+09:00 http 503 1546.1 ms gen gen_01M399B42J1WT1Z8F7VGVDE481 then sleep 2.0 s
#   attempt 6 2026-09-24T17:43:34.434446+09:00 http 503 1310.0 ms gen gen_01M399B79ZDKP3Y5CJ9D26HRV1 then sleep 2.0 s
#   attempt 7 2026-09-24T17:43:37.744627+09:00 http 200 1558.6 ms gen gen_01M399BAM2SGR719HACXXZVSN0
2026-09-24T17:43:44.322652+09:00 r2 L8.A.b0.step2   5 200   1689.0   16136    178 0.00000000  (after 1 failed attempt(s): HTTP 503)
#   request 48204 bytes sha256 4e11211284d21973, 2 attempt(s), 2.0 s waited
#   attempt 1 2026-09-24T17:43:39.303831+09:00 http 503 1329.5 ms gen gen_01M399BC7SVH132370XA7T2AP4 then sleep 2.0 s
#   attempt 2 2026-09-24T17:43:42.633551+09:00 http 200 1689.0 ms gen gen_01M399BFGNCVGB0PYW28HR0XEQ
2026-09-24T17:44:03.165686+09:00 r2 L8.A.b1.step1   8 200   1754.5   18986    259 0.00000000  (after 5 failed attempt(s): HTTP 503, HTTP 503, HTTP 503, HTTP 503, HTTP 503)
#   request 53237 bytes sha256 b413487bbdd61abe, 6 attempt(s), 10.0 s waited
#   attempt 1 2026-09-24T17:43:44.323832+09:00 http 503 1335.5 ms gen gen_01M399BH3HDX9MK018FAR8EWE0 then sleep 2.0 s
#   attempt 2 2026-09-24T17:43:47.658156+09:00 http 503 1381.3 ms gen gen_01M399BM8E1ZCBVFSYT59S2JX9 then sleep 2.0 s
#   attempt 3 2026-09-24T17:43:51.039669+09:00 http 503 1433.9 ms gen gen_01M399BQMW1RRZA3FPZY8HTBP4 then sleep 2.0 s
#   attempt 4 2026-09-24T17:43:54.473807+09:00 http 503 1540.6 ms gen gen_01M399BTX5NE5832PZACS0820G then sleep 2.0 s
#   attempt 5 2026-09-24T17:43:58.015028+09:00 http 503 1395.9 ms gen gen_01M399BYDAW2SK7X3G2A0CNBJ4 then sleep 2.0 s
#   attempt 6 2026-09-24T17:44:01.411125+09:00 http 200 1754.5 ms gen gen_01M399C1WDZWEZA5WFM9H28Y16
2026-09-24T17:44:52.778398+09:00 r2 L8.A.b1.step2   8 200   1354.9   20042    283 0.00000000  (after 12 failed attempt(s): HTTP 503, HTTP 503, HTTP 503, HTTP 503, HTTP 503, HTTP 503, HTTP 503, HTTP 503, HTTP 503, HTTP 503, HTTP 503, HTTP 503)
#   request 58229 bytes sha256 d99964f673998dbf, 13 attempt(s), 24.0 s waited
#   attempt 1 2026-09-24T17:44:03.166249+09:00 http 503 1602.3 ms gen gen_01M399C3MY5VDZ2GZXH949BEB9 then sleep 2.0 s
#   attempt 2 2026-09-24T17:44:06.768786+09:00 http 503 1648.2 ms gen gen_01M399C74GTCZZ2YAGF4ZTK3W9 then sleep 2.0 s
#   attempt 3 2026-09-24T17:44:10.417194+09:00 http 503 1359.6 ms gen gen_01M399CAMNDYKT2N0KR2PK5ZN9 then sleep 2.0 s
#   attempt 4 2026-09-24T17:44:13.776993+09:00 http 503 1477.4 ms gen gen_01M399CDWJA9607P6K37Q1E95R then sleep 2.0 s
#   attempt 5 2026-09-24T17:44:17.253714+09:00 http 503 8183.4 ms gen gen_01M399CPT3M3XNYS3EXMHBX9DC then sleep 2.0 s
#   attempt 6 2026-09-24T17:44:27.437299+09:00 http 503 1504.1 ms gen gen_01M399CV88MRF9NZ3SD7BAFJCP then sleep 2.0 s
#   attempt 7 2026-09-24T17:44:30.941672+09:00 http 503 1324.2 ms gen gen_01M399CYG75X44BT771Z0B0D8P then sleep 2.0 s
#   attempt 8 2026-09-24T17:44:34.266057+09:00 http 503 1209.9 ms gen gen_01M399D1RGPFV74QCRNYTV4P6G then sleep 2.0 s
#   attempt 9 2026-09-24T17:44:37.476103+09:00 http 503 1191.4 ms gen gen_01M399D4X9R4V5SQ2HYYAQ7FZF then sleep 2.0 s
#   attempt 10 2026-09-24T17:44:40.667771+09:00 http 503 1431.3 ms gen gen_01M399D81NC5Q2RZ82SHZRJYPP then sleep 2.0 s
#   attempt 11 2026-09-24T17:44:44.099211+09:00 http 503 1632.4 ms gen gen_01M399DBMT6DS7VB24KTCMVN6W then sleep 2.0 s
#   attempt 12 2026-09-24T17:44:47.730519+09:00 http 503 1692.7 ms gen gen_01M399DF6NCZCVFSXTCF25CVM0 then sleep 2.0 s
#   attempt 13 2026-09-24T17:44:51.423441+09:00 http 200 1354.9 ms gen gen_01M399DJGW5QHQTVMTSZ2X8J66
2026-09-24T17:44:53.755326+09:00 r2 L8.A.b2.step1   2 200    976.1    5588     67 0.00000000
2026-09-24T17:44:54.934668+09:00 r2 L8.A.b2.step2   2 200   1178.9    5852     73 0.00000000
2026-09-24T17:44:56.617353+09:00 r2 L9.A.b0   5 200   1662.7   16101    178 0.00000000
2026-09-24T17:45:33.008853+09:00 r2 L9.A.b1   8 200   1711.2   19986    283 0.00000000  (after 10 failed attempt(s): HTTP 503, HTTP 503, HTTP 503, HTTP 503, HTTP 503, HTTP 503, HTTP 503, HTTP 503, HTTP 503, HTTP 503)
#   request 57909 bytes sha256 7d3b1d783ceb0ae4, 11 attempt(s), 20.0 s waited
#   attempt 1 2026-09-24T17:44:56.617954+09:00 http 503 1324.2 ms gen gen_01M399DQJ5Q4Y5JJPAZMC1M16S then sleep 2.0 s
#   attempt 2 2026-09-24T17:44:59.942390+09:00 http 503 2325.2 ms gen gen_01M399DTY5F74Y4738GCVMW88D then sleep 2.0 s
#   attempt 3 2026-09-24T17:45:04.267827+09:00 http 503 1532.0 ms gen gen_01M399DZ7N3KMV3AJ4WWS19KNT then sleep 2.0 s
#   attempt 4 2026-09-24T17:45:07.800052+09:00 http 503 1496.7 ms gen gen_01M399E2MYN9EVK1C9F71H0X43 then sleep 2.0 s
#   attempt 5 2026-09-24T17:45:11.296940+09:00 http 503 1392.2 ms gen gen_01M399E5ZBH1KF7JR2P5Q13M47 then sleep 2.0 s
#   attempt 6 2026-09-24T17:45:14.689383+09:00 http 503 1053.5 ms gen gen_01M399E97QBP86V06ZEF7BTWVM then sleep 2.0 s
#   attempt 7 2026-09-24T17:45:17.737250+09:00 http 503 1325.7 ms gen gen_01M399EC7876R7NBH4DJZ8G0JS then sleep 2.0 s
#   attempt 8 2026-09-24T17:45:21.063457+09:00 http 503 1563.0 ms gen gen_01M399EFM0T9VXP54D926M39X9 then sleep 2.0 s
#   attempt 9 2026-09-24T17:45:24.626689+09:00 http 503 1219.6 ms gen gen_01M399EJTD665A5TQP6Y2GGDSN then sleep 2.0 s
#   attempt 10 2026-09-24T17:45:27.846476+09:00 http 503 1450.9 ms gen gen_01M399EP6ER3X105Q6QEN3QF4V then sleep 2.0 s
#   attempt 11 2026-09-24T17:45:31.297547+09:00 http 200 1711.2 ms gen gen_01M399ESMCEDM69NR55GZ8A4SC
2026-09-24T17:45:34.238059+09:00 r2 L9.A.b2   2 200   1228.6    5838     73 0.00000000
2026-09-24T17:45:38.217762+09:00 r2 L10.A.fn:jaq_json::read::parse   1 200    905.0    5276     45 0.00000000  (after 1 failed attempt(s): HTTP 503)
#   request 15670 bytes sha256 0840faf368402e4c, 2 attempt(s), 2.0 s waited
#   attempt 1 2026-09-24T17:45:34.249216+09:00 http 503 1063.2 ms gen gen_01M399EWA8R0E9SZTAJHY72XTH then sleep 2.0 s
#   attempt 2 2026-09-24T17:45:37.312647+09:00 http 200 905.0 ms gen gen_01M399EZ29CQKT8XFTGBM1XD1K
2026-09-24T17:45:39.073611+09:00 r2 L10.A.fn:<hifijson::SliceLexer as hifijson::token::Lex>::seq   1 200    854.7    4771     46 0.00000000
2026-09-24T17:45:43.145537+09:00 r2 L10.A.fn:<hifijson::SliceLexer as hifijson::str::LexWrite>::str_fold   1 200   1127.6    4030     46 0.00000000  (after 1 failed attempt(s): HTTP 503)
#   request 12695 bytes sha256 0acf32ac74af3a20, 2 attempt(s), 2.0 s waited
#   attempt 1 2026-09-24T17:45:39.074024+09:00 http 503 943.7 ms gen gen_01M399F0YBBXNT07F1Y5WN53BQ then sleep 2.0 s
#   attempt 2 2026-09-24T17:45:42.017928+09:00 http 200 1127.6 ms gen gen_01M399F3XD950D3X7VJN256R3K
2026-09-24T17:45:48.093373+09:00 r2 L10.A.fn:<hifijson::SliceLexer as hifijson::write::Write>::write_until   1 200   1126.9    3686     46 0.00000000  (after 1 failed attempt(s): HTTP 503)
#   request 11826 bytes sha256 a29ba6f2c9eead0d, 2 attempt(s), 2.0 s waited
#   attempt 1 2026-09-24T17:45:43.145929+09:00 http 503 1817.2 ms gen gen_01M399F4X33ZM9Q1N667EVAMRG then sleep 2.0 s
#   attempt 2 2026-09-24T17:45:46.966397+09:00 http 200 1126.9 ms gen gen_01M399F8R3XVDAWFQXWD3AA90H
2026-09-24T17:45:49.352964+09:00 r2 L10.A.fn:<jaq_core::compile::TermId>::run   1 200   1259.1    6099     45 0.00000000
2026-09-24T17:45:50.569269+09:00 r2 L10.A.fn:jaq_json::write::write   1 200   1215.8    5302     45 0.00000000
2026-09-24T17:45:51.793116+09:00 r2 L10.A.fn:<jaq_json::funs::base<jaq_all::data::DataKind>::{closure#3} as core::ops::function::FnOnce<((jaq_core::filter::Ctx<jaq_all::data::DataKind>, jaq_json::Val),)>>::call_once   1 200   1223.4    3884     45 0.00000000
2026-09-24T17:45:55.875487+09:00 r2 L10.A.fn:<<jaq_core::path::Path<jaq_json::Val>>::run::{closure#0} as core::ops::function::FnOnce<(jaq_core::path::Part<jaq_json::Val>, jaq_json::Val)>>::call_once   1 200   1016.6    4000     45 0.00000000  (after 1 failed attempt(s): HTTP 503)
#   request 11694 bytes sha256 1ef1ec3d4ce361e8, 2 attempt(s), 2.0 s waited
#   attempt 1 2026-09-24T17:45:51.794232+09:00 http 503 1064.3 ms gen gen_01M399FDFGCJH5NS6E2VADH7NC then sleep 2.0 s
#   attempt 2 2026-09-24T17:45:54.858774+09:00 http 200 1016.6 ms gen gen_01M399FGB95JMJFEVBN4QSD2BC
2026-09-24T17:45:57.323982+09:00 r2 L10.A.fn:<core::io::write::default_write_fmt::Adapter<alloc::io::buffered::bufwriter::BufWriter<std::io::stdio::StdoutLock>> as core::fmt::Write>::write_str   1 200   1448.0    4224     46 0.00000000
2026-09-24T17:45:58.305114+09:00 r2 L10.A.fn:<hashbrown::raw::RawTable<usize>>::reserve_rehash::<indexmap::map::core::get_hash<jaq_json::Val, jaq_json::Val>::{closure#0}>   1 200    980.1    3937     46 0.00000000
2026-09-24T17:45:59.228650+09:00 r2 L10.A.fn:<alloc::rc::Rc<indexmap::map::IndexMap<jaq_json::Val, jaq_json::Val, foldhash::fast::RandomState>>>::drop_slow   1 200    923.2    3039     45 0.00000000
2026-09-24T17:46:00.003670+09:00 r2 L10.A.fn:<jaq_std::base_run<jaq_all::data::DataKind>::{closure#7} as core::ops::function::FnOnce<((jaq_core::filter::Ctx<jaq_all::data::DataKind>, jaq_json::Val),)>>::call_once   1 200    774.5    2935     46 0.00000000
2026-09-24T17:46:01.209725+09:00 r2 L10.A.fn:jaq_core::path::run   1 200   1205.5    6180     45 0.00000000
2026-09-24T17:46:05.438373+09:00 r2 L10.A.fn:<jaq_json::Val as core::hash::Hash>::hash   1 200   1117.0    4938     45 0.00000000  (after 1 failed attempt(s): HTTP 503)
#   request 14397 bytes sha256 1f62efc8d9501483, 2 attempt(s), 2.0 s waited
#   attempt 1 2026-09-24T17:46:01.210097+09:00 http 503 1111.0 ms gen gen_01M399FPJ590TXRJDBNSD47Y6T then sleep 2.0 s
#   attempt 2 2026-09-24T17:46:04.321287+09:00 http 200 1117.0 ms gen gen_01M399FSJGD9N79HK5NVY2ZZ1P
2026-09-24T17:46:06.287254+09:00 r2 L10.A.fn:<&alloc::string::String as core::fmt::Display>::fmt   1 200    848.4    2907     45 0.00000000
2026-09-24T17:47:11.277812+09:00 r2 L11.A.b0   5 200   1744.3   16546    214 0.00000000  (after 18 failed attempt(s): HTTP 503, HTTP 503, HTTP 503, HTTP 503, HTTP 503, HTTP 503, HTTP 503, HTTP 503, HTTP 503, HTTP 503, HTTP 503, HTTP 503, HTTP 503, HTTP 503, HTTP 503, HTTP 503, HTTP 503, HTTP 503)
#   request 50094 bytes sha256 c1d98be2e8f16c8c, 19 attempt(s), 36.0 s waited
#   attempt 1 2026-09-24T17:46:06.306109+09:00 http 503 1386.8 ms gen gen_01M399FVNF4TD3A0NMHAQVKV2M then sleep 2.0 s
#   attempt 2 2026-09-24T17:46:09.693154+09:00 http 503 1309.4 ms gen gen_01M399FYY20Y6YYFSBC1HPXXND then sleep 2.0 s
#   attempt 3 2026-09-24T17:46:13.002747+09:00 http 503 1358.3 ms gen gen_01M399G26NKFXSTESEK46WM2ZP then sleep 2.0 s
#   attempt 4 2026-09-24T17:46:16.359222+09:00 http 503 1537.5 ms gen gen_01M399G5M8HMWTXFXV8715YRH7 then sleep 2.0 s
#   attempt 5 2026-09-24T17:46:19.896864+09:00 http 503 1340.0 ms gen gen_01M399G8XWS8V3F06E0VYV5C8T then sleep 2.0 s
#   attempt 6 2026-09-24T17:46:23.237089+09:00 http 503 1562.2 ms gen gen_01M399GCBNHJ9DVE752446X5RM then sleep 2.0 s
#   attempt 7 2026-09-24T17:46:26.799432+09:00 http 503 1509.7 ms gen gen_01M399GFT669NM2XVR1KRP80DY then sleep 2.0 s
#   attempt 8 2026-09-24T17:46:30.309328+09:00 http 503 1264.5 ms gen gen_01M399GK5G6XMNY5X3A844R871 then sleep 2.0 s
#   attempt 9 2026-09-24T17:46:33.574046+09:00 http 503 1588.8 ms gen gen_01M399GPK2T4WPZJVEPTWHAHC8 then sleep 2.0 s
#   attempt 10 2026-09-24T17:46:37.163061+09:00 http 503 1818.0 ms gen gen_01M399GSSRW8323PWTJJMDDG5Q then sleep 2.0 s
#   attempt 11 2026-09-24T17:46:40.981245+09:00 http 503 1546.8 ms gen gen_01M399GXPSETN0E9G7DTA4G0DA then sleep 2.0 s
#   attempt 12 2026-09-24T17:46:44.528246+09:00 http 503 1730.4 ms gen gen_01M399H14S8FTTAKT5V5HA7TGK then sleep 2.0 s
#   attempt 13 2026-09-24T17:46:48.257736+09:00 http 503 1354.9 ms gen gen_01M399H4KKRE2440FRSE1QF0F9 then sleep 2.0 s
#   attempt 14 2026-09-24T17:46:51.612854+09:00 http 503 1548.7 ms gen gen_01M399H82V5VE7DZH3ZC43DBNH then sleep 2.0 s
#   attempt 15 2026-09-24T17:46:55.161773+09:00 http 503 1658.3 ms gen gen_01M399HBNKRR79VJZ3V68XZ0E8 then sleep 2.0 s
#   attempt 16 2026-09-24T17:46:58.820239+09:00 http 503 1525.3 ms gen gen_01M399HF21530YB4JEHGGDV4E4 then sleep 2.0 s
#   attempt 17 2026-09-24T17:47:02.345704+09:00 http 503 1507.3 ms gen gen_01M399HJHCC3H1ZRK9WPPMJNZW then sleep 2.0 s
#   attempt 18 2026-09-24T17:47:05.853188+09:00 http 503 1680.0 ms gen gen_01M399HP3NJZEWP1PXTEYQ56YJ then sleep 2.0 s
#   attempt 19 2026-09-24T17:47:09.533410+09:00 http 200 1744.3 ms gen gen_01M399HSKZNS6MSZA0F85X1C26
2026-09-24T17:48:33.897255+09:00 r2 L11.A.b1   8 200   1701.6   20698    339 0.00000000  (after 23 failed attempt(s): HTTP 503, HTTP 503, HTTP 503, HTTP 503, HTTP 503, HTTP 503, HTTP 503, HTTP 503, HTTP 503, HTTP 503, HTTP 503, HTTP 503, HTTP 503, HTTP 503, HTTP 503, HTTP 503, HTTP 503, HTTP 503, HTTP 503, HTTP 503, HTTP 503, HTTP 503, HTTP 503)
#   request 61253 bytes sha256 182d411d827bb176, 24 attempt(s), 46.0 s waited
#   attempt 1 2026-09-24T17:47:11.279261+09:00 http 503 1557.5 ms gen gen_01M399HV8Y42M0E0PGR5F515WN then sleep 2.0 s
#   attempt 2 2026-09-24T17:47:14.835725+09:00 http 503 1781.1 ms gen gen_01M399HYZ80Z961RW4S1J964EP then sleep 2.0 s
#   attempt 3 2026-09-24T17:47:18.617066+09:00 http 503 1580.3 ms gen gen_01M399J2DNK0ARJWP6TKPHQMZH then sleep 2.0 s
#   attempt 4 2026-09-24T17:47:22.197559+09:00 http 503 1745.7 ms gen gen_01M399J633ASSMGPGY8J00JVFA then sleep 2.0 s
#   attempt 5 2026-09-24T17:47:25.943425+09:00 http 503 1637.0 ms gen gen_01M399J9PR5BFY8GZY60Z63W0G then sleep 2.0 s
#   attempt 6 2026-09-24T17:47:29.580612+09:00 http 503 1445.7 ms gen gen_01M399JD0YW85V3ZXXR54Z19W1 then sleep 2.0 s
#   attempt 7 2026-09-24T17:47:33.026456+09:00 http 503 1650.6 ms gen gen_01M399JGJNH85WX8HPEASVC363 then sleep 2.0 s
#   attempt 8 2026-09-24T17:47:36.677276+09:00 http 503 1664.8 ms gen gen_01M399JM6CKEJKGZWHQ2C17MNM then sleep 2.0 s
#   attempt 9 2026-09-24T17:47:40.342319+09:00 http 503 1481.5 ms gen gen_01M399JQR33FVQBSV6QW0Z5DRJ then sleep 2.0 s
#   attempt 10 2026-09-24T17:47:43.824044+09:00 http 503 1519.7 ms gen gen_01M399JV133G6WECAW9ES68TT8 then sleep 2.0 s
#   attempt 11 2026-09-24T17:47:47.342542+09:00 http 503 1387.0 ms gen gen_01M399JYAE0SNY7C0HAEASP7F0 then sleep 2.0 s
#   attempt 12 2026-09-24T17:47:50.729983+09:00 http 503 1523.7 ms gen gen_01M399K1SXSVBSQ3520M8A71DQ then sleep 2.0 s
#   attempt 13 2026-09-24T17:47:54.253916+09:00 http 503 1349.0 ms gen gen_01M399K51PK2C87TKH04Y1XZM6 then sleep 2.0 s
#   attempt 14 2026-09-24T17:47:57.603108+09:00 http 503 1364.8 ms gen gen_01M399K8AX4DFFEMSETTGZTVH0 then sleep 2.0 s
#   attempt 15 2026-09-24T17:48:00.968099+09:00 http 503 1684.7 ms gen gen_01M399KBXE4GW13R26C6NB7NF3 then sleep 2.0 s
#   attempt 16 2026-09-24T17:48:04.653253+09:00 http 503 1542.2 ms gen gen_01M399KFC3AXJ3PPPVPCEZPP0N then sleep 2.0 s
#   attempt 17 2026-09-24T17:48:08.195619+09:00 http 503 1524.5 ms gen gen_01M399KJVZ3KH0CS5TF8FSKS35 then sleep 2.0 s
#   attempt 18 2026-09-24T17:48:11.720335+09:00 http 503 1188.8 ms gen gen_01M399KP49KN0E7EN2JTJCZ7FP then sleep 2.0 s
#   attempt 19 2026-09-24T17:48:14.908581+09:00 http 503 1441.8 ms gen gen_01M399KS941EWWCNDZQ8TND3M5 then sleep 2.0 s
#   attempt 20 2026-09-24T17:48:18.350632+09:00 http 503 1509.7 ms gen gen_01M399KWRZ47KD7DERGZ36N6JY then sleep 2.0 s
#   attempt 21 2026-09-24T17:48:21.860573+09:00 http 503 1469.0 ms gen gen_01M399M055D543QMFMRCB5X0XP then sleep 2.0 s
#   attempt 22 2026-09-24T17:48:25.329973+09:00 http 503 1397.8 ms gen gen_01M399M3ED5Q9H2HFY9W9GAX6D then sleep 2.0 s
#   attempt 23 2026-09-24T17:48:28.728010+09:00 http 503 1467.3 ms gen gen_01M399M6VFH7F26SC4TJ018S4P then sleep 2.0 s
#   attempt 24 2026-09-24T17:48:32.195522+09:00 http 200 1701.6 ms gen gen_01M399MAB844E0PYR1KAN04NHZ
2026-09-24T17:48:37.860975+09:00 r2 L11.A.b2   2 200   1029.4    6016     87 0.00000000  (after 1 failed attempt(s): HTTP 503)
#   request 18708 bytes sha256 568e5003babf24c6, 2 attempt(s), 2.0 s waited
#   attempt 1 2026-09-24T17:48:33.898101+09:00 http 503 933.2 ms gen gen_01M399MBHBM2A5CHK72S0TVY2M then sleep 2.0 s
#   attempt 2 2026-09-24T17:48:36.831520+09:00 http 200 1029.4 ms gen gen_01M399MEC1HHWXBKZQC8TY7V5V
2026-09-24T17:48:56.697711+09:00 r2 L12.A.b0   5 200   1560.4   16711    214 0.00000000  (after 5 failed attempt(s): HTTP 503, HTTP 503, HTTP 503, HTTP 503, HTTP 503)
#   request 50854 bytes sha256 120d641a0b352090, 6 attempt(s), 10.0 s waited
#   attempt 1 2026-09-24T17:48:37.879599+09:00 http 503 1413.2 ms gen gen_01M399MFTGJJJWXMK55J4G5TXR then sleep 2.0 s
#   attempt 2 2026-09-24T17:48:41.292924+09:00 http 503 1483.5 ms gen gen_01M399MK51TD0ZQF17CM18CKKF then sleep 2.0 s
#   attempt 3 2026-09-24T17:48:44.775280+09:00 http 503 1412.8 ms gen gen_01M399MPDG7CBAN0HVM86HTSRQ then sleep 2.0 s
#   attempt 4 2026-09-24T17:48:48.188336+09:00 http 503 1533.9 ms gen gen_01M399MSWH12K1T4XM51HPV8KK then sleep 2.0 s
#   attempt 5 2026-09-24T17:48:51.722415+09:00 http 503 1414.6 ms gen gen_01M399MX8J3RK5SEH57K29RWSG then sleep 2.0 s
#   attempt 6 2026-09-24T17:48:55.137230+09:00 http 200 1560.4 ms gen gen_01M399N0JEXW5Y9ZZ4GRTQDN91
2026-09-24T17:49:50.180366+09:00 r2 L12.A.b1   8 200   1712.3   20962    340 0.00000000  (after 15 failed attempt(s): HTTP 503, HTTP 503, HTTP 503, HTTP 503, HTTP 503, HTTP 503, HTTP 503, HTTP 503, HTTP 503, HTTP 503, HTTP 503, HTTP 503, HTTP 503, HTTP 503, HTTP 503)
#   request 62469 bytes sha256 0fb3db40ecf9e5f4, 16 attempt(s), 30.0 s waited
#   attempt 1 2026-09-24T17:48:56.698294+09:00 http 503 1527.2 ms gen gen_01M399N26BHWA9XAPA3C2J2NFR then sleep 2.0 s
#   attempt 2 2026-09-24T17:49:00.225744+09:00 http 503 1391.1 ms gen gen_01M399N5FYKHK0GH39TB23F1QM then sleep 2.0 s
#   attempt 3 2026-09-24T17:49:03.617017+09:00 http 503 1484.5 ms gen gen_01M399N8SEY75Q6Y6001FZ8K34 then sleep 2.0 s
#   attempt 4 2026-09-24T17:49:07.101719+09:00 http 503 1336.9 ms gen gen_01M399NC6J67G1C344XMXS68Z4 then sleep 2.0 s
#   attempt 5 2026-09-24T17:49:10.438873+09:00 http 503 1380.0 ms gen gen_01M399NFG5Y1R10GQ39YV2AX14 then sleep 2.0 s
#   attempt 6 2026-09-24T17:49:13.819130+09:00 http 503 1590.6 ms gen gen_01M399NK04PA3CVBX9J3C8YVP8 then sleep 2.0 s
#   attempt 7 2026-09-24T17:49:17.408418+09:00 http 503 1429.7 ms gen gen_01M399NPAR0TKRG7ARCMN6Z083 then sleep 2.0 s
#   attempt 8 2026-09-24T17:49:20.838295+09:00 http 503 1226.4 ms gen gen_01M399NSKBS5BVKD8JNE9G1PVB then sleep 2.0 s
#   attempt 9 2026-09-24T17:49:24.064942+09:00 http 503 1324.9 ms gen gen_01M399NWRVSF2B0505G0C4PTH8 then sleep 2.0 s
#   attempt 10 2026-09-24T17:49:27.389975+09:00 http 503 1534.8 ms gen gen_01M399P06858W73MV0HFY3JE63 then sleep 2.0 s
#   attempt 11 2026-09-24T17:49:30.924946+09:00 http 503 1533.5 ms gen gen_01M399P3MCG554TJACXCSVNQWZ then sleep 2.0 s
#   attempt 12 2026-09-24T17:49:34.458603+09:00 http 503 1818.0 ms gen gen_01M399P7A7TMPWHNXRWZMF5BW7 then sleep 2.0 s
#   attempt 13 2026-09-24T17:49:38.276804+09:00 http 503 1435.5 ms gen gen_01M399PAP7RQ7V398V1534EGGT then sleep 2.0 s
#   attempt 14 2026-09-24T17:49:41.712440+09:00 http 503 1386.3 ms gen gen_01M399PE1D5XSM0YJ26M3KJAXH then sleep 2.0 s
#   attempt 15 2026-09-24T17:49:45.097893+09:00 http 503 1369.8 ms gen gen_01M399PHB2KD7ZRS737CFEMTKC then sleep 2.0 s
#   attempt 16 2026-09-24T17:49:48.467882+09:00 http 200 1712.3 ms gen gen_01M399PMSYF9RK4SD68MZM75T8
2026-09-24T17:49:54.438742+09:00 r2 L12.A.b2   2 200   1128.7    6082     87 0.00000000  (after 1 failed attempt(s): HTTP 503)
#   request 19012 bytes sha256 aeb8cb3d4475bd0c, 2 attempt(s), 2.0 s waited
#   attempt 1 2026-09-24T17:49:50.181754+09:00 http 503 1128.0 ms gen gen_01M399PP6Z2228MS5V1K692NBN then sleep 2.0 s
#   attempt 2 2026-09-24T17:49:53.309984+09:00 http 200 1128.7 ms gen gen_01M399PS4FZ4DGWWFKDE1JSPXH
2026-09-24T17:50:02.381540+09:00 r2 L13.A.b0   5 200   1385.4   11024    214 0.00000000  (after 2 failed attempt(s): HTTP 503, HTTP 503)
#   request 34596 bytes sha256 1fe90981c37b9145, 3 attempt(s), 4.0 s waited
#   attempt 1 2026-09-24T17:49:54.456696+09:00 http 503 1165.3 ms gen gen_01M399PTCX6HJWKRZ0ZPDB7MFA then sleep 2.0 s
#   attempt 2 2026-09-24T17:49:57.622187+09:00 http 503 1373.7 ms gen gen_01M399PXNX9RXJEZBT1W8KG1Y1 then sleep 2.0 s
#   attempt 3 2026-09-24T17:50:00.996052+09:00 http 200 1385.4 ms gen gen_01M399Q0V722VR8BPXWWYAYZGF
2026-09-24T17:50:31.977210+09:00 r2 L13.A.b1   8 200   1610.6   17509    340 0.00000000  (after 8 failed attempt(s): HTTP 503, HTTP 503, HTTP 503, HTTP 503, HTTP 503, HTTP 503, HTTP 503, HTTP 503)
#   request 52791 bytes sha256 7f9fc5a886b22e76, 9 attempt(s), 16.0 s waited
#   attempt 1 2026-09-24T17:50:02.382238+09:00 http 503 1503.0 ms gen gen_01M399Q29ASSC8QRH5P7Y5CNX4 then sleep 2.0 s
#   attempt 2 2026-09-24T17:50:05.885465+09:00 http 503 1701.6 ms gen gen_01M399Q5RV7SC1DTXHV434R539 then sleep 2.0 s
#   attempt 3 2026-09-24T17:50:09.587248+09:00 http 503 1375.7 ms gen gen_01M399Q97C352BB9W45SVRQQDM then sleep 2.0 s
#   attempt 4 2026-09-24T17:50:12.963152+09:00 http 503 1309.3 ms gen gen_01M399QCFPE4WPGDF1T42WC9AB then sleep 2.0 s
#   attempt 5 2026-09-24T17:50:16.271198+09:00 http 503 1518.2 ms gen gen_01M399QG1VW9JM842MJD1QXQ8J then sleep 2.0 s
#   attempt 6 2026-09-24T17:50:19.789591+09:00 http 503 1569.7 ms gen gen_01M399QK7H8VPKVW351CYN956K then sleep 2.0 s
#   attempt 7 2026-09-24T17:50:23.359713+09:00 http 503 1504.0 ms gen gen_01M399QPVMSWS0WVPEQ37033E6 then sleep 2.0 s
#   attempt 8 2026-09-24T17:50:26.863872+09:00 http 503 1502.4 ms gen gen_01M399QTBCN76J3JH58Q3K8PST then sleep 2.0 s
#   attempt 9 2026-09-24T17:50:30.366534+09:00 http 200 1610.6 ms gen gen_01M399QXMFG65D59JSP1E4C0P7
2026-09-24T17:50:33.238936+09:00 r2 L13.A.b2   2 200   1261.2    4907     87 0.00000000
2026-09-24T17:50:41.844112+09:00 r3 B0.A.b0   5 200   1640.7   16546    214 0.00000000  (after 2 failed attempt(s): HTTP 503, HTTP 503)
#   request 50094 bytes sha256 6a1dd51f0c749bcc, 3 attempt(s), 4.0 s waited
#   attempt 1 2026-09-24T17:50:33.257497+09:00 http 503 1579.4 ms gen gen_01M399R0J34QN1VEG4DDJJ56DT then sleep 2.0 s
#   attempt 2 2026-09-24T17:50:36.837055+09:00 http 503 1366.1 ms gen gen_01M399R3VGJEGYW8S4129TZHTC then sleep 2.0 s
#   attempt 3 2026-09-24T17:50:40.203322+09:00 http 200 1640.7 ms gen gen_01M399R78VDBQ6782V13FPW8BQ
2026-09-24T17:51:43.660649+09:00 r3 B0.A.b1   8 200   1541.6   20698    340 0.00000000  (after 17 failed attempt(s): HTTP 503, HTTP 503, HTTP 503, HTTP 503, HTTP 503, HTTP 503, HTTP 503, HTTP 503, HTTP 503, HTTP 503, HTTP 503, HTTP 503, HTTP 503, HTTP 503, HTTP 503, HTTP 503, HTTP 503)
#   request 61253 bytes sha256 8b86764eba476b51, 18 attempt(s), 34.0 s waited
#   attempt 1 2026-09-24T17:50:41.844755+09:00 http 503 1366.5 ms gen gen_01M399R8WH3CD0426J6VKBK9QP then sleep 2.0 s
#   attempt 2 2026-09-24T17:50:45.210396+09:00 http 503 1545.2 ms gen gen_01M399RC6P61PVT3TYJXAAG7PN then sleep 2.0 s
#   attempt 3 2026-09-24T17:50:48.755793+09:00 http 503 1566.0 ms gen gen_01M399RFNR8W7GRB2E9F67N8YA then sleep 2.0 s
#   attempt 4 2026-09-24T17:50:52.322044+09:00 http 503 1594.8 ms gen gen_01M399RK5PQA7WA6YKM2SXXP9W then sleep 2.0 s
#   attempt 5 2026-09-24T17:50:55.917022+09:00 http 503 1534.1 ms gen gen_01M399RPM7PQAANAAKW79CC0YF then sleep 2.0 s
#   attempt 6 2026-09-24T17:50:59.451364+09:00 http 503 1424.1 ms gen gen_01M399RSZ3ZQ1S3XX0BASHY3Y7 then sleep 2.0 s
#   attempt 7 2026-09-24T17:51:02.875605+09:00 http 503 1571.7 ms gen gen_01M399RXFA134HMFV30YFTW5SA then sleep 2.0 s
#   attempt 8 2026-09-24T17:51:06.447504+09:00 http 503 1832.2 ms gen gen_01M399S12VHAN9HDDWM85463EB then sleep 2.0 s
#   attempt 9 2026-09-24T17:51:10.279905+09:00 http 503 1613.8 ms gen gen_01M399S4RS5H6196WSJ02V41GR then sleep 2.0 s
#   attempt 10 2026-09-24T17:51:13.893908+09:00 http 503 1523.4 ms gen gen_01M399S85VRE9TDBHVT7W5HJBC then sleep 2.0 s
#   attempt 11 2026-09-24T17:51:17.416488+09:00 http 503 1842.1 ms gen gen_01M399SBN90XQ9RV81TVWRQGNZ then sleep 2.0 s
#   attempt 12 2026-09-24T17:51:21.258978+09:00 http 503 1343.7 ms gen gen_01M399SFBT57XDQN25NC7ZYZNW then sleep 2.0 s
#   attempt 13 2026-09-24T17:51:24.603098+09:00 http 503 1487.4 ms gen gen_01M399SJMPPQZYF8GRH7HG66N5 then sleep 2.0 s
#   attempt 14 2026-09-24T17:51:28.090686+09:00 http 503 1481.5 ms gen gen_01M399SP0Q7KT9R6SC9VKFP6E7 then sleep 2.0 s
#   attempt 15 2026-09-24T17:51:31.572433+09:00 http 503 1393.6 ms gen gen_01M399SSFZ1FRQWY0T46YPTY61 then sleep 2.0 s
#   attempt 16 2026-09-24T17:51:34.966193+09:00 http 503 1772.0 ms gen gen_01M399SWYHSWSNS4V0JDG2F6WN then sleep 2.0 s
#   attempt 17 2026-09-24T17:51:38.738407+09:00 http 503 1380.2 ms gen gen_01M399T09XQ7KWSFWDCRQE0Z0H then sleep 2.0 s
#   attempt 18 2026-09-24T17:51:42.118969+09:00 http 200 1541.6 ms gen gen_01M399T3S2ASR1E911RJQTGSEM
2026-09-24T17:51:44.684155+09:00 r3 B0.A.b2   2 200   1022.3    6016     87 0.00000000
2026-09-24T17:51:49.580694+09:00 r3 L6.A.b0   5 200   1530.4   17373    214 0.00000000  (after 1 failed attempt(s): HTTP 503)
#   request 53071 bytes sha256 745e32821f40e199, 2 attempt(s), 2.0 s waited
#   attempt 1 2026-09-24T17:51:44.702996+09:00 http 503 1348.0 ms gen gen_01M399T691ECFB92823WQ0WW6W then sleep 2.0 s
#   attempt 2 2026-09-24T17:51:48.050198+09:00 http 200 1530.4 ms gen gen_01M399T9EHP01SE65X087GBPG6
2026-09-24T17:52:44.073053+09:00 r3 L6.A.b1   8 200   1714.2   21532    340 0.00000000  (after 15 failed attempt(s): HTTP 503, HTTP 503, HTTP 503, HTTP 503, HTTP 503, HTTP 503, HTTP 503, HTTP 503, HTTP 503, HTTP 503, HTTP 503, HTTP 503, HTTP 503, HTTP 503, HTTP 503)
#   request 64212 bytes sha256 5153bc5d11cf3917, 16 attempt(s), 30.0 s waited
#   attempt 1 2026-09-24T17:51:49.581305+09:00 http 503 1503.8 ms gen gen_01M399TB1J93THFFFXEB3CMXJZ then sleep 2.0 s
#   attempt 2 2026-09-24T17:51:53.085303+09:00 http 503 1506.4 ms gen gen_01M399TEEHYQERS5XVM7CRD8D1 then sleep 2.0 s
#   attempt 3 2026-09-24T17:51:56.591953+09:00 http 503 1440.3 ms gen gen_01M399THSPBC7C2S1Y5WQ0DCWM then sleep 2.0 s
#   attempt 4 2026-09-24T17:52:00.032405+09:00 http 503 1501.7 ms gen gen_01M399TNCCRGHCX7XKHGY8C05G then sleep 2.0 s
#   attempt 5 2026-09-24T17:52:03.534371+09:00 http 503 1470.2 ms gen gen_01M399TRMWCN1YFX7MG944B0B0 then sleep 2.0 s
#   attempt 6 2026-09-24T17:52:07.004797+09:00 http 503 1512.8 ms gen gen_01M399TVWW2RNBJXDYDN6WFB45 then sleep 2.0 s
#   attempt 7 2026-09-24T17:52:10.517799+09:00 http 503 1496.5 ms gen gen_01M399TZFR9KT20QZTF3386DS8 then sleep 2.0 s
#   attempt 8 2026-09-24T17:52:14.014441+09:00 http 503 1425.5 ms gen gen_01M399V2Y9HDW8WH7VNFF8K0VA then sleep 2.0 s
#   attempt 9 2026-09-24T17:52:17.438385+09:00 http 503 1545.1 ms gen gen_01M399V67QNWNSA95X4KF43G1D then sleep 2.0 s
#   attempt 10 2026-09-24T17:52:20.983721+09:00 http 503 1505.9 ms gen gen_01M399V9Q2SN4YKTK8E65HAMWD then sleep 2.0 s
#   attempt 11 2026-09-24T17:52:24.489882+09:00 http 503 1492.7 ms gen gen_01M399VD3TZ0NP80RBAEZYP1Z8 then sleep 2.0 s
#   attempt 12 2026-09-24T17:52:27.982879+09:00 http 503 1858.4 ms gen gen_01M399VGJN1QMXNNZ9Z43KE914 then sleep 2.0 s
#   attempt 13 2026-09-24T17:52:31.841413+09:00 http 503 1322.5 ms gen gen_01M399VM4K3P560553E60NVH8M then sleep 2.0 s
#   attempt 14 2026-09-24T17:52:35.164164+09:00 http 503 1617.4 ms gen gen_01M399VQMG66SEB0R5RVJW84TF then sleep 2.0 s
#   attempt 15 2026-09-24T17:52:38.781789+09:00 http 503 1576.7 ms gen gen_01M399VV452BNMY1MBN0GY3732 then sleep 2.0 s
#   attempt 16 2026-09-24T17:52:42.358716+09:00 http 200 1714.2 ms gen gen_01M399VYM6W71XAFYKBYRDM64M
2026-09-24T17:52:48.031971+09:00 r3 L6.A.b2   2 200    983.7    6152     87 0.00000000  (after 1 failed attempt(s): HTTP 503)
#   request 19240 bytes sha256 e5a779e37d9f035e, 2 attempt(s), 2.0 s waited
#   attempt 1 2026-09-24T17:52:44.073775+09:00 http 503 976.4 ms gen gen_01M399VZWB25S6EG7MNFKR9K2M then sleep 2.0 s
#   attempt 2 2026-09-24T17:52:47.048240+09:00 http 200 983.7 ms gen gen_01M399W2WMWAV9H1V7PWTCN9HZ
2026-09-24T17:53:14.298147+09:00 r3 L7.A.b0.c0  10 200   1622.7   18931    164 0.00000000  (after 7 failed attempt(s): HTTP 503, HTTP 503, HTTP 503, HTTP 503, HTTP 503, HTTP 503, HTTP 503)
#   request 58637 bytes sha256 5a366ab9408fd033, 8 attempt(s), 14.0 s waited
#   attempt 1 2026-09-24T17:52:48.051044+09:00 http 503 1373.2 ms gen gen_01M399W45ACEQ7G145Y3MQGE6T then sleep 2.0 s
#   attempt 2 2026-09-24T17:52:51.424411+09:00 http 503 1591.3 ms gen gen_01M399W7DYKNFBMJPBCQ1S3V68 then sleep 2.0 s
#   attempt 3 2026-09-24T17:52:55.015933+09:00 http 503 1365.9 ms gen gen_01M399WASE72E0T09H54BHQJ7P then sleep 2.0 s
#   attempt 4 2026-09-24T17:52:58.382072+09:00 http 503 1556.7 ms gen gen_01M399WE9J68FPBPMX7EK13914 then sleep 2.0 s
#   attempt 5 2026-09-24T17:53:01.938892+09:00 http 503 1701.0 ms gen gen_01M399WHVFFWCS4CVH4RYNTS9R then sleep 2.0 s
#   attempt 6 2026-09-24T17:53:05.640061+09:00 http 503 1494.3 ms gen gen_01M399WN9C08EJXGWHDCEN5N3C then sleep 2.0 s
#   attempt 7 2026-09-24T17:53:09.134575+09:00 http 503 1540.6 ms gen gen_01M399WRHJTCHAN98F37TFJTPT then sleep 2.0 s
#   attempt 8 2026-09-24T17:53:12.675358+09:00 http 200 1622.7 ms gen gen_01M399WW2ZNVA7H81M16MD7FZP
2026-09-24T17:53:29.200759+09:00 r3 L7.A.b0.c1   5 200   1330.9   16154     84 0.00000000  (after 4 failed attempt(s): HTTP 503, HTTP 503, HTTP 503, HTTP 503)
#   request 47916 bytes sha256 9633db0b5017c207, 5 attempt(s), 8.0 s waited
#   attempt 1 2026-09-24T17:53:14.298805+09:00 http 503 1570.8 ms gen gen_01M399WXVDYDPN3SV9W0PQJWB1 then sleep 2.0 s
#   attempt 2 2026-09-24T17:53:17.869516+09:00 http 503 1203.8 ms gen gen_01M399X12YPKGYYPN0WXNH98JA then sleep 2.0 s
#   attempt 3 2026-09-24T17:53:21.073481+09:00 http 503 1288.5 ms gen gen_01M399X46EB12G1WG61MXYNHME then sleep 2.0 s
#   attempt 4 2026-09-24T17:53:24.362175+09:00 http 503 1507.4 ms gen gen_01M399X7KHSQ2SGCJB4JC0C11W then sleep 2.0 s
#   attempt 5 2026-09-24T17:53:27.869790+09:00 http 200 1330.9 ms gen gen_01M399XAWHTT0HM3V90SFS11T2
2026-09-24T17:53:44.275927+09:00 r3 L7.A.b1.c0   9 200   1522.4   20356    148 0.00000000  (after 4 failed attempt(s): HTTP 503, HTTP 503, HTTP 503, HTTP 503)
#   request 59144 bytes sha256 97ec0888bcc87416, 5 attempt(s), 8.0 s waited
#   attempt 1 2026-09-24T17:53:29.201422+09:00 http 503 1349.7 ms gen gen_01M399XC52V4QX8QYMTV9MSGWB then sleep 2.0 s
#   attempt 2 2026-09-24T17:53:32.551371+09:00 http 503 1515.9 ms gen gen_01M399XFKHXC5B349NQCRJKCBD then sleep 2.0 s
#   attempt 3 2026-09-24T17:53:36.067423+09:00 http 503 1361.3 ms gen gen_01M399XJW30P9M2GQNK9SQYZVX then sleep 2.0 s
#   attempt 4 2026-09-24T17:53:39.429184+09:00 http 503 1324.1 ms gen gen_01M399XP4AG969SADJN7F52DQ6 then sleep 2.0 s
#   attempt 5 2026-09-24T17:53:42.753442+09:00 http 200 1522.4 ms gen gen_01M399XSHF3BV6B4KZTKZ0KQEF
2026-09-24T17:53:45.611576+09:00 r3 L7.A.b1.c1   9 200   1336.3   20569    148 0.00000000
2026-09-24T17:54:38.607048+09:00 r3 L7.A.b1.c2   6 200   1480.6   18681    100 0.00000000  (after 15 failed attempt(s): HTTP 503, HTTP 503, HTTP 503, HTTP 503, HTTP 503, HTTP 503, HTTP 503, HTTP 503, HTTP 503, HTTP 503, HTTP 503, HTTP 503, HTTP 503, HTTP 503, HTTP 503)
#   request 52624 bytes sha256 a0054d2e70b5469a, 16 attempt(s), 30.0 s waited
#   attempt 1 2026-09-24T17:53:45.612117+09:00 http 503 1388.0 ms gen gen_01M399XW6K3K81QTWEMYR0AA13 then sleep 2.0 s
#   attempt 2 2026-09-24T17:53:49.000329+09:00 http 503 1668.5 ms gen gen_01M399XZS7JXM71PAPYRAWCM9K then sleep 2.0 s
#   attempt 3 2026-09-24T17:53:52.669015+09:00 http 503 1441.0 ms gen gen_01M399Y369DY7RSBV3K4KNA8P6 then sleep 2.0 s
#   attempt 4 2026-09-24T17:53:56.110168+09:00 http 503 1553.5 ms gen gen_01M399Y6MKFG9ZZE0F9GM41E95 then sleep 2.0 s
#   attempt 5 2026-09-24T17:53:59.663919+09:00 http 503 1508.1 ms gen gen_01M399YA27QB80Y1E05W4CBDYN then sleep 2.0 s
#   attempt 6 2026-09-24T17:54:03.172230+09:00 http 503 1501.5 ms gen gen_01M399YDFPFRXHEZ87N1JDDQNA then sleep 2.0 s
#   attempt 7 2026-09-24T17:54:06.674156+09:00 http 503 1478.1 ms gen gen_01M399YGW8TE5FYFZQHXCXB5XH then sleep 2.0 s
#   attempt 8 2026-09-24T17:54:10.152458+09:00 http 503 1469.0 ms gen gen_01M399YM3S8WMSMGSFD1H5ZV0V then sleep 2.0 s
#   attempt 9 2026-09-24T17:54:13.621686+09:00 http 503 1331.2 ms gen gen_01M399YQHDWHVNYZ4417EYDV2Z then sleep 2.0 s
#   attempt 10 2026-09-24T17:54:16.952006+09:00 http 503 1559.4 ms gen gen_01M399YTW5XT1F15PR9T0HVVZV then sleep 2.0 s
#   attempt 11 2026-09-24T17:54:20.511618+09:00 http 503 1489.6 ms gen gen_01M399YYDC0D71RS5XVNVTXQ6C then sleep 2.0 s
#   attempt 12 2026-09-24T17:54:24.001379+09:00 http 503 1222.8 ms gen gen_01M399Z1Q0XH0KRVS084P58BSK then sleep 2.0 s
#   attempt 13 2026-09-24T17:54:27.224375+09:00 http 503 1291.6 ms gen gen_01M399Z4Y90RTNZ9SBF7T2MHX0 then sleep 2.0 s
#   attempt 14 2026-09-24T17:54:30.516179+09:00 http 503 1228.3 ms gen gen_01M399Z82QGABKVYCSA5VQ7WVV then sleep 2.0 s
#   attempt 15 2026-09-24T17:54:33.744641+09:00 http 503 1381.6 ms gen gen_01M399ZBBECFX5JCXWXYCNCRZ5 then sleep 2.0 s
#   attempt 16 2026-09-24T17:54:37.126421+09:00 http 200 1480.6 ms gen gen_01M399ZEGE1BQ00E15REVRRSJZ
2026-09-24T17:54:39.623170+09:00 r3 L7.A.b2   6 200   1014.8    8204    100 0.00000000
2026-09-24T17:54:55.542447+09:00 r3 L8.A.b0.step1   5 200   1503.2   15476    163 0.00000000  (after 4 failed attempt(s): HTTP 503, HTTP 503, HTTP 503, HTTP 503)
#   request 45084 bytes sha256 f5108e3037c57975, 5 attempt(s), 8.0 s waited
#   attempt 1 2026-09-24T17:54:39.642402+09:00 http 503 1483.6 ms gen gen_01M399ZH3YR0M1GE7SB26TDSP4 then sleep 2.0 s
#   attempt 2 2026-09-24T17:54:43.126161+09:00 http 503 1170.7 ms gen gen_01M399ZMB7S1KNWTAD5ARSY25Y then sleep 2.0 s
#   attempt 3 2026-09-24T17:54:46.295329+09:00 http 503 1359.9 ms gen gen_01M399ZQKN3MW0GY89KJ299ANX then sleep 2.0 s
#   attempt 4 2026-09-24T17:54:49.655443+09:00 http 503 2383.2 ms gen gen_01M399ZVRVHQ59A8HWXCNY4JR3 then sleep 2.0 s
#   attempt 5 2026-09-24T17:54:54.039184+09:00 http 200 1503.2 ms gen gen_01M399ZZ1JBVD354MQBDYBXYM8
2026-09-24T17:55:11.393865+09:00 r3 L8.A.b0.step2   5 200   1570.9   16136    178 0.00000000  (after 4 failed attempt(s): HTTP 503, HTTP 503, HTTP 503, HTTP 503)
#   request 48204 bytes sha256 4e11211284d21973, 5 attempt(s), 8.0 s waited
#   attempt 1 2026-09-24T17:54:55.543071+09:00 http 503 1542.1 ms gen gen_01M39A00NAQBCYTZ90NJHVYSFE then sleep 2.0 s
#   attempt 2 2026-09-24T17:54:59.085594+09:00 http 503 1870.1 ms gen gen_01M39A043CM4B22NR12QC1QS9R then sleep 2.0 s
#   attempt 3 2026-09-24T17:55:02.955951+09:00 http 503 1380.4 ms gen gen_01M39A07QRSH182PW49JZVKT46 then sleep 2.0 s
#   attempt 4 2026-09-24T17:55:06.336596+09:00 http 503 1486.1 ms gen gen_01M39A0B5JHBJWM4G30QRTZ960 then sleep 2.0 s
#   attempt 5 2026-09-24T17:55:09.822933+09:00 http 200 1570.9 ms gen gen_01M39A0EJXAY8NSENQ8YQE04NK
2026-09-24T17:55:37.421430+09:00 r3 L8.A.b1.step1   8 200   1586.6   18986    259 0.00000000  (after 7 failed attempt(s): HTTP 503, HTTP 503, HTTP 503, HTTP 503, HTTP 503, HTTP 503, HTTP 503)
#   request 53237 bytes sha256 b413487bbdd61abe, 8 attempt(s), 14.0 s waited
#   attempt 1 2026-09-24T17:55:11.394455+09:00 http 503 1645.9 ms gen gen_01M39A0G30NY6N9GKS0KN0RXC8 then sleep 2.0 s
#   attempt 2 2026-09-24T17:55:15.040112+09:00 http 503 1306.4 ms gen gen_01M39A0KGH43HRVGDGY1564S4J then sleep 2.0 s
#   attempt 3 2026-09-24T17:55:18.346981+09:00 http 503 1508.8 ms gen gen_01M39A0PX6JRYZ9KKB73WF8EFA then sleep 2.0 s
#   attempt 4 2026-09-24T17:55:21.856158+09:00 http 503 1569.5 ms gen gen_01M39A0TCP7JYWZBQ80FWGC155 then sleep 2.0 s
#   attempt 5 2026-09-24T17:55:25.426034+09:00 http 503 1507.3 ms gen gen_01M39A0XSYXSETPPABDKJ9H16H then sleep 2.0 s
#   attempt 6 2026-09-24T17:55:28.933489+09:00 http 503 1323.4 ms gen gen_01M39A112N4K1FFH946F4GSGWA then sleep 2.0 s
#   attempt 7 2026-09-24T17:55:32.257143+09:00 http 503 1577.4 ms gen gen_01M39A14J7ARQNDPH02FPZ2NMG then sleep 2.0 s
#   attempt 8 2026-09-24T17:55:35.834756+09:00 http 200 1586.6 ms gen gen_01M39A17ZF4N958675H1BTH1AW
2026-09-24T17:55:39.047348+09:00 r3 L8.A.b1.step2   8 200   1625.2   20042    283 0.00000000
2026-09-24T17:55:43.341834+09:00 r3 L8.A.b2.step1   2 200   1154.5    5588     67 0.00000000  (after 1 failed attempt(s): HTTP 503)
#   request 16704 bytes sha256 98f8b5b01d7eb80c, 2 attempt(s), 2.0 s waited
#   attempt 1 2026-09-24T17:55:39.048436+09:00 http 503 1138.6 ms gen gen_01M39A1AXRF16BB9K2TFSN0X6C then sleep 2.0 s
#   attempt 2 2026-09-24T17:55:42.187288+09:00 http 200 1154.5 ms gen gen_01M39A1DXQ5EH2216DR6GF8RRM
2026-09-24T17:55:44.253102+09:00 r3 L8.A.b2.step2   2 200    910.8    5852     73 0.00000000
2026-09-24T17:55:52.823765+09:00 r3 L9.A.b0   5 200   1637.5   16101    178 0.00000000  (after 2 failed attempt(s): HTTP 503, HTTP 503)
#   request 48004 bytes sha256 8c5a41c1124203b9, 3 attempt(s), 4.0 s waited
#   attempt 1 2026-09-24T17:55:44.272647+09:00 http 503 1460.4 ms gen gen_01M39A1G699QXBSXZTYFC7DM4Q then sleep 2.0 s
#   attempt 2 2026-09-24T17:55:47.731778+09:00 http 503 1454.2 ms gen gen_01M39A1KJXWBPBEJ3294677A9B then sleep 2.0 s
#   attempt 3 2026-09-24T17:55:51.186221+09:00 http 200 1637.5 ms gen gen_01M39A1PYMBAVV966JCQGDNY09
2026-09-24T17:56:46.701146+09:00 r3 L9.A.b1   8 200   1462.2   19986    283 0.00000000  (after 15 failed attempt(s): HTTP 503, HTTP 503, HTTP 503, HTTP 503, HTTP 503, HTTP 503, HTTP 503, HTTP 503, HTTP 503, HTTP 503, HTTP 503, HTTP 503, HTTP 503, HTTP 503, HTTP 503)
#   request 57909 bytes sha256 7d3b1d783ceb0ae4, 16 attempt(s), 30.0 s waited
#   attempt 1 2026-09-24T17:55:52.824321+09:00 http 503 1498.8 ms gen gen_01M39A1RK2JHDW9MBSNTP4NP5W then sleep 2.0 s
#   attempt 2 2026-09-24T17:55:56.323407+09:00 http 503 1235.5 ms gen gen_01M39A1VVWB2HXNH3R612FRE10 then sleep 2.0 s
#   attempt 3 2026-09-24T17:55:59.559054+09:00 http 503 1348.8 ms gen gen_01M39A1Z0JNEE50WCPCQDZ9VRW then sleep 2.0 s
#   attempt 4 2026-09-24T17:56:02.908309+09:00 http 503 1475.6 ms gen gen_01M39A22DKMNFMFCG1J2G6MFST then sleep 2.0 s
#   attempt 5 2026-09-24T17:56:06.384410+09:00 http 503 1583.9 ms gen gen_01M39A25WC6RD88ZJB4CEQK7WX then sleep 2.0 s
#   attempt 6 2026-09-24T17:56:09.968566+09:00 http 503 1505.1 ms gen gen_01M39A29BA8P4AST9JFA4N16WE then sleep 2.0 s
#   attempt 7 2026-09-24T17:56:13.473884+09:00 http 503 1957.2 ms gen gen_01M39A2CQWYCX0ASR8QWQ80D05 then sleep 2.0 s
#   attempt 8 2026-09-24T17:56:17.429861+09:00 http 503 1492.6 ms gen gen_01M39A2GKGBMA7PYGCWZFQPKQE then sleep 2.0 s
#   attempt 9 2026-09-24T17:56:20.922609+09:00 http 503 1527.3 ms gen gen_01M39A2M2J1CYWES27W3EF03Y5 then sleep 2.0 s
#   attempt 10 2026-09-24T17:56:24.450142+09:00 http 503 1533.0 ms gen gen_01M39A2QFXXZ0WWNDG0TSF37JA then sleep 2.0 s
#   attempt 11 2026-09-24T17:56:27.983392+09:00 http 503 1527.6 ms gen gen_01M39A2TXPD5G4AG2AB6SS38ZE then sleep 2.0 s
#   attempt 12 2026-09-24T17:56:31.511140+09:00 http 503 1238.0 ms gen gen_01M39A2Y7AY53VGF1CS0D995T0 then sleep 2.0 s
#   attempt 13 2026-09-24T17:56:34.749361+09:00 http 503 1507.2 ms gen gen_01M39A31H24029R2RPY7NVHZR7 then sleep 2.0 s
#   attempt 14 2026-09-24T17:56:38.257213+09:00 http 503 1515.3 ms gen gen_01M39A34YB22763191T8V0NWCJ then sleep 2.0 s
#   attempt 15 2026-09-24T17:56:41.772685+09:00 http 503 1470.0 ms gen gen_01M39A38B9MK5R07PJ5XWS23QT then sleep 2.0 s
#   attempt 16 2026-09-24T17:56:45.238866+09:00 http 200 1462.2 ms gen gen_01M39A3BK7JX9832JG1V1A5KBF
2026-09-24T17:56:47.683196+09:00 r3 L9.A.b2   2 200    981.3    5838     73 0.00000000
2026-09-24T17:56:48.804560+09:00 r3 L10.A.fn:jaq_json::read::parse   1 200   1109.8    5276     45 0.00000000
2026-09-24T17:56:49.873654+09:00 r3 L10.A.fn:<hifijson::SliceLexer as hifijson::token::Lex>::seq   1 200   1068.7    4771     45 0.00000000
2026-09-24T17:56:50.824428+09:00 r3 L10.A.fn:<hifijson::SliceLexer as hifijson::str::LexWrite>::str_fold   1 200    950.2    4030     46 0.00000000
2026-09-24T17:56:51.654429+09:00 r3 L10.A.fn:<hifijson::SliceLexer as hifijson::write::Write>::write_until   1 200    829.5    3686     46 0.00000000
2026-09-24T17:56:52.823970+09:00 r3 L10.A.fn:<jaq_core::compile::TermId>::run   1 200   1169.1    6099     45 0.00000000
2026-09-24T17:56:54.019517+09:00 r3 L10.A.fn:jaq_json::write::write   1 200   1195.1    5302     45 0.00000000
2026-09-24T17:56:55.385568+09:00 r3 L10.A.fn:<jaq_json::funs::base<jaq_all::data::DataKind>::{closure#3} as core::ops::function::FnOnce<((jaq_core::filter::Ctx<jaq_all::data::DataKind>, jaq_json::Val),)>>::call_once   1 200   1365.7    3884     45 0.00000000
2026-09-24T17:56:56.261351+09:00 r3 L10.A.fn:<<jaq_core::path::Path<jaq_json::Val>>::run::{closure#0} as core::ops::function::FnOnce<(jaq_core::path::Part<jaq_json::Val>, jaq_json::Val)>>::call_once   1 200    875.3    4000     45 0.00000000
2026-09-24T17:57:06.073098+09:00 r3 L10.A.fn:<core::io::write::default_write_fmt::Adapter<alloc::io::buffered::bufwriter::BufWriter<std::io::stdio::StdoutLock>> as core::fmt::Write>::write_str   1 200   1130.7    4224     46 0.00000000  (after 3 failed attempt(s): HTTP 503, HTTP 503, HTTP 503)
#   request 12173 bytes sha256 b78458935012cb75, 4 attempt(s), 6.0 s waited
#   attempt 1 2026-09-24T17:56:56.261717+09:00 http 503 785.7 ms gen gen_01M39A3P3DCRJ93QVS472VHP29 then sleep 2.0 s
#   attempt 2 2026-09-24T17:56:59.047623+09:00 http 503 981.0 ms gen gen_01M39A3S0R7TTGYTQYR3DTG8MD then sleep 2.0 s
#   attempt 3 2026-09-24T17:57:02.028855+09:00 http 503 913.3 ms gen gen_01M39A3VQH33KH93VCV2R8ZQKT then sleep 2.0 s
#   attempt 4 2026-09-24T17:57:04.942307+09:00 http 200 1130.7 ms gen gen_01M39A3YW32XJRE7GHGDKM48P7
2026-09-24T17:57:07.266007+09:00 r3 L10.A.fn:<hashbrown::raw::RawTable<usize>>::reserve_rehash::<indexmap::map::core::get_hash<jaq_json::Val, jaq_json::Val>::{closure#0}>   1 200   1192.4    3937     46 0.00000000
2026-09-24T17:57:08.160265+09:00 r3 L10.A.fn:<alloc::rc::Rc<indexmap::map::IndexMap<jaq_json::Val, jaq_json::Val, foldhash::fast::RandomState>>>::drop_slow   1 200    893.9    3039     45 0.00000000
2026-09-24T17:57:11.682579+09:00 r3 L10.A.fn:<jaq_std::base_run<jaq_all::data::DataKind>::{closure#7} as core::ops::function::FnOnce<((jaq_core::filter::Ctx<jaq_all::data::DataKind>, jaq_json::Val),)>>::call_once   1 200    818.1    2935     46 0.00000000  (after 1 failed attempt(s): HTTP 503)
#   request 9611 bytes sha256 ba847f6d127e1de9, 2 attempt(s), 2.0 s waited
#   attempt 1 2026-09-24T17:57:08.160712+09:00 http 503 703.5 ms gen gen_01M39A41NMS8NKEG5NA59VC82M then sleep 2.0 s
#   attempt 2 2026-09-24T17:57:10.864402+09:00 http 200 818.1 ms gen gen_01M39A44B6KSQVCTPE87C9CNYC
2026-09-24T17:57:19.836517+09:00 r3 L10.A.fn:jaq_core::path::run   1 200   1029.3    6180     45 0.00000000  (after 2 failed attempt(s): HTTP 503, HTTP 503)
#   request 16746 bytes sha256 54bce4609b6eb817, 3 attempt(s), 4.0 s waited
#   attempt 1 2026-09-24T17:57:11.682985+09:00 http 503 1540.9 ms gen gen_01M39A45A7QFXEKC5YSMXBHQZG then sleep 2.0 s
#   attempt 2 2026-09-24T17:57:15.225985+09:00 http 503 1580.8 ms gen gen_01M39A48TE8RMNDET9NYVWG1RT then sleep 2.0 s
#   attempt 3 2026-09-24T17:57:18.807182+09:00 http 200 1029.3 ms gen gen_01M39A4C5EXJQJW6FJVWNHZMRG
2026-09-24T17:57:24.009103+09:00 r3 L10.A.fn:<jaq_json::Val as core::hash::Hash>::hash   1 200   1192.2    4938     45 0.00000000  (after 1 failed attempt(s): HTTP 503)
#   request 14397 bytes sha256 1f62efc8d9501483, 2 attempt(s), 2.0 s waited
#   attempt 1 2026-09-24T17:57:19.836940+09:00 http 503 979.6 ms gen gen_01M39A4DA8J4PTKCJZF6DV9TAF then sleep 2.0 s
#   attempt 2 2026-09-24T17:57:22.816810+09:00 http 200 1192.2 ms gen gen_01M39A4G7GPAX5WWK5PF7PV7A8
2026-09-24T17:57:24.911405+09:00 r3 L10.A.fn:<&alloc::string::String as core::fmt::Display>::fmt   1 200    901.9    2907     45 0.00000000
2026-09-24T17:57:40.568280+09:00 r3 L11.A.b0   5 200   1630.4   16546    214 0.00000000  (after 4 failed attempt(s): HTTP 503, HTTP 503, HTTP 503, HTTP 503)
#   request 50094 bytes sha256 c1d98be2e8f16c8c, 5 attempt(s), 8.0 s waited
#   attempt 1 2026-09-24T17:57:24.930611+09:00 http 503 1369.9 ms gen gen_01M39A4JCZV7Q687FEWV7QHDHB then sleep 2.0 s
#   attempt 2 2026-09-24T17:57:28.300726+09:00 http 503 1416.7 ms gen gen_01M39A4NR0K26YY82ZRQ3BMH88 then sleep 2.0 s
#   attempt 3 2026-09-24T17:57:31.717648+09:00 http 503 1344.5 ms gen gen_01M39A4S0AY04839FQFR5AMKR4 then sleep 2.0 s
#   attempt 4 2026-09-24T17:57:35.062410+09:00 http 503 1875.0 ms gen gen_01M39A4WE3VXCV3E5093EB2QZ7 then sleep 2.0 s
#   attempt 5 2026-09-24T17:57:38.937848+09:00 http 200 1630.4 ms gen gen_01M39A506D5T6SN8K8A51HKAC8
2026-09-24T17:57:59.659181+09:00 r3 L11.A.b1   8 200   1746.0   20698    341 0.00000000  (after 5 failed attempt(s): HTTP 503, HTTP 503, HTTP 503, HTTP 503, HTTP 503)
#   request 61253 bytes sha256 182d411d827bb176, 6 attempt(s), 10.0 s waited
#   attempt 1 2026-09-24T17:57:40.568934+09:00 http 503 1468.1 ms gen gen_01M39A51RB6C2RD2XRZ20DG62R then sleep 2.0 s
#   attempt 2 2026-09-24T17:57:44.037255+09:00 http 503 1429.4 ms gen gen_01M39A5544N8213F3G58490KR8 then sleep 2.0 s
#   attempt 3 2026-09-24T17:57:47.465533+09:00 http 503 1424.1 ms gen gen_01M39A58EX7JDEEB71AK6B3MB9 then sleep 2.0 s
#   attempt 4 2026-09-24T17:57:50.890240+09:00 http 503 1423.7 ms gen gen_01M39A5BTC6292EWYFJRJV0HXW then sleep 2.0 s
#   attempt 5 2026-09-24T17:57:54.314280+09:00 http 503 1598.6 ms gen gen_01M39A5FAAFEKRMY62Q0SXS6GF then sleep 2.0 s
#   attempt 6 2026-09-24T17:57:57.913049+09:00 http 200 1746.0 ms gen gen_01M39A5JSGKDVVDFNBG7W9878X
2026-09-24T17:58:13.285001+09:00 r3 L11.A.b2   2 200   1309.1    6016     87 0.00000000  (after 4 failed attempt(s): HTTP 503, HTTP 503, HTTP 503, HTTP 503)
#   request 18708 bytes sha256 568e5003babf24c6, 5 attempt(s), 8.0 s waited
#   attempt 1 2026-09-24T17:57:59.659763+09:00 http 503 993.7 ms gen gen_01M39A5M76XVWP6A41B96TPGV0 then sleep 2.0 s
#   attempt 2 2026-09-24T17:58:02.653673+09:00 http 503 996.4 ms gen gen_01M39A5Q11KH4YHRX4SYZVZ6KN then sleep 2.0 s
#   attempt 3 2026-09-24T17:58:05.650286+09:00 http 503 1105.4 ms gen gen_01M39A5T2APXXYN2YYEPFT0WGW then sleep 2.0 s
#   attempt 4 2026-09-24T17:58:08.756079+09:00 http 503 1219.2 ms gen gen_01M39A5X575AAF3DFN5EYS5J0G then sleep 2.0 s
#   attempt 5 2026-09-24T17:58:11.975831+09:00 http 200 1309.1 ms gen gen_01M39A60AAQ1H8YR3PMKDN1AEE
2026-09-24T17:58:46.158175+09:00 r3 L12.A.b0   5 200   1473.1   16711    214 0.00000000  (after 9 failed attempt(s): HTTP 503, HTTP 503, HTTP 503, HTTP 503, HTTP 503, HTTP 503, HTTP 503, HTTP 503, HTTP 503)
#   request 50854 bytes sha256 120d641a0b352090, 10 attempt(s), 18.0 s waited
#   attempt 1 2026-09-24T17:58:13.303607+09:00 http 503 1496.8 ms gen gen_01M39A61R7KARMKA9EPDYCVMNY then sleep 2.0 s
#   attempt 2 2026-09-24T17:58:16.798824+09:00 http 503 1522.2 ms gen gen_01M39A651RDMNGECE81CQYTC4Q then sleep 2.0 s
#   attempt 3 2026-09-24T17:58:20.321257+09:00 http 503 1633.2 ms gen gen_01M39A68Q361M2FS3S1Q91P162 then sleep 2.0 s
#   attempt 4 2026-09-24T17:58:23.954855+09:00 http 503 1498.7 ms gen gen_01M39A6C650QXZK033JYWBEAMB then sleep 2.0 s
#   attempt 5 2026-09-24T17:58:27.453769+09:00 http 503 1419.3 ms gen gen_01M39A6FG75268PFJH30FV5261 then sleep 2.0 s
#   attempt 6 2026-09-24T17:58:30.873333+09:00 http 503 1642.9 ms gen gen_01M39A6JXWRFQW80TQ18J6FF98 then sleep 2.0 s
#   attempt 7 2026-09-24T17:58:34.516408+09:00 http 503 1491.4 ms gen gen_01M39A6PFK06C3B835SEH263C4 then sleep 2.0 s
#   attempt 8 2026-09-24T17:58:38.007999+09:00 http 503 1393.5 ms gen gen_01M39A6SSTYE0Z48DZY79KEA2T then sleep 2.0 s
#   attempt 9 2026-09-24T17:58:41.401721+09:00 http 503 1284.6 ms gen gen_01M39A6X1DJTB3TEYKABBK9G7X then sleep 2.0 s
#   attempt 10 2026-09-24T17:58:44.686467+09:00 http 200 1473.1 ms gen gen_01M39A709007PTS7ZN0C9VPMHN
2026-09-24T17:59:40.523695+09:00 r3 L12.A.b1   8 200   1546.8   20962    340 0.00000000  (after 15 failed attempt(s): HTTP 503, HTTP 503, HTTP 503, HTTP 503, HTTP 503, HTTP 503, HTTP 503, HTTP 503, HTTP 503, HTTP 503, HTTP 503, HTTP 503, HTTP 503, HTTP 503, HTTP 503)
#   request 62469 bytes sha256 0fb3db40ecf9e5f4, 16 attempt(s), 30.0 s waited
#   attempt 1 2026-09-24T17:58:46.158840+09:00 http 503 1481.1 ms gen gen_01M39A71V3ZNF0KJVVBXG2PC3C then sleep 2.0 s
#   attempt 2 2026-09-24T17:58:49.640097+09:00 http 503 1539.8 ms gen gen_01M39A759CFGAG5PMPG8P4W0QT then sleep 2.0 s
#   attempt 3 2026-09-24T17:58:53.180059+09:00 http 503 1733.4 ms gen gen_01M39A78XC7PXTHHPG5M3XXSNE then sleep 2.0 s
#   attempt 4 2026-09-24T17:58:56.913704+09:00 http 503 1346.6 ms gen gen_01M39A7C7C3BW3TXWGTBX8YEJ0 then sleep 2.0 s
#   attempt 5 2026-09-24T17:59:00.260463+09:00 http 503 1371.7 ms gen gen_01M39A7FFDNSZW8QWHQN732P64 then sleep 2.0 s
#   attempt 6 2026-09-24T17:59:03.632397+09:00 http 503 1602.3 ms gen gen_01M39A7JXHX09S5TC4ADPBAKJR then sleep 2.0 s
#   attempt 7 2026-09-24T17:59:07.234929+09:00 http 503 1693.0 ms gen gen_01M39A7PKPRR2QNYTFEYGPBRZC then sleep 2.0 s
#   attempt 8 2026-09-24T17:59:10.928382+09:00 http 503 1320.8 ms gen gen_01M39A7SWEGJ3FV0KTK4WHNRTD then sleep 2.0 s
#   attempt 9 2026-09-24T17:59:14.249662+09:00 http 503 1459.4 ms gen gen_01M39A7X6JDT0S8MR9ZYSN3JNE then sleep 2.0 s
#   attempt 10 2026-09-24T17:59:17.705563+09:00 http 503 1788.4 ms gen gen_01M39A80NYJMJ687YXWCFQGFNH then sleep 2.0 s
#   attempt 11 2026-09-24T17:59:21.494096+09:00 http 503 1497.4 ms gen gen_01M39A84BAGFF0Q24GYT3P98AT then sleep 2.0 s
#   attempt 12 2026-09-24T17:59:24.991688+09:00 http 503 1463.8 ms gen gen_01M39A87PF7WAJYJC4AB8KF10T then sleep 2.0 s
#   attempt 13 2026-09-24T17:59:28.455628+09:00 http 503 1641.8 ms gen gen_01M39A8BA8NJKW1SGN19GZ0K72 then sleep 2.0 s
#   attempt 14 2026-09-24T17:59:32.097695+09:00 http 503 1473.1 ms gen gen_01M39A8EJ68XS7M0S7PSECYKFD then sleep 2.0 s
#   attempt 15 2026-09-24T17:59:35.571031+09:00 http 503 1405.6 ms gen gen_01M39A8J5G3H1DQ8GH21QT7H1Z then sleep 2.0 s
#   attempt 16 2026-09-24T17:59:38.976790+09:00 http 200 1546.8 ms gen gen_01M39A8NADZGPTXJCES5SRJ10R
2026-09-24T17:59:44.871312+09:00 r3 L12.A.b2   2 200   1097.6    6082     87 0.00000000  (after 1 failed attempt(s): HTTP 503)
#   request 19012 bytes sha256 aeb8cb3d4475bd0c, 2 attempt(s), 2.0 s waited
#   attempt 1 2026-09-24T17:59:40.525101+09:00 http 503 1246.7 ms gen gen_01M39A8PTSYX7R4BD8069RHF56 then sleep 2.0 s
#   attempt 2 2026-09-24T17:59:43.771976+09:00 http 200 1097.6 ms gen gen_01M39A8SWQQSGMEFGBNTVQ30C3
2026-09-24T17:59:49.259252+09:00 r3 L13.A.b0   5 200   1275.1   11024    214 0.00000000  (after 1 failed attempt(s): HTTP 503)
#   request 34596 bytes sha256 1fe90981c37b9145, 2 attempt(s), 2.0 s waited
#   attempt 1 2026-09-24T17:59:44.889396+09:00 http 503 1094.2 ms gen gen_01M39A8TYCEA4DTCD5E4J0R80X then sleep 2.0 s
#   attempt 2 2026-09-24T17:59:47.984077+09:00 http 200 1275.1 ms gen gen_01M39A8Y2GZBCCHVSZ47H2WFNY
2026-09-24T18:00:18.949677+09:00 r3 L13.A.b1   8 200   1774.5   17509    340 0.00000000  (after 8 failed attempt(s): HTTP 503, HTTP 503, HTTP 503, HTTP 503, HTTP 503, HTTP 503, HTTP 503, HTTP 503)
#   request 52791 bytes sha256 7f9fc5a886b22e76, 9 attempt(s), 16.0 s waited
#   attempt 1 2026-09-24T17:59:49.259927+09:00 http 503 1591.9 ms gen gen_01M39A8ZJ5K1GEQNYXM1HEMG0Q then sleep 2.0 s
#   attempt 2 2026-09-24T17:59:52.851978+09:00 http 503 1186.8 ms gen gen_01M39A92V6H49S37PH235E00WC then sleep 2.0 s
#   attempt 3 2026-09-24T17:59:56.038957+09:00 http 503 1109.6 ms gen gen_01M39A960ES6AB68G2VEF62DTT then sleep 2.0 s
#   attempt 4 2026-09-24T17:59:59.148834+09:00 http 503 1429.3 ms gen gen_01M39A996RDG6C92F2MF9KJ366 then sleep 2.0 s
#   attempt 5 2026-09-24T18:00:02.578344+09:00 http 503 1936.8 ms gen gen_01M39A9CKKAR9A1PWVRP7BMGGH then sleep 2.0 s
#   attempt 6 2026-09-24T18:00:06.515334+09:00 http 503 1591.9 ms gen gen_01M39A9GCTVD4F8XFXRSTJD4G9 then sleep 2.0 s
#   attempt 7 2026-09-24T18:00:10.107484+09:00 http 503 1307.8 ms gen gen_01M39A9KR5K979XMJJ0KCHQQPS then sleep 2.0 s
#   attempt 8 2026-09-24T18:00:13.415494+09:00 http 503 1760.7 ms gen gen_01M39A9Q9ZN0S3D8JD0MN58QZW then sleep 2.0 s
#   attempt 9 2026-09-24T18:00:17.175090+09:00 http 200 1774.5 ms gen gen_01M39A9TTWSZE5K9NC7B6460QN
2026-09-24T18:00:23.331004+09:00 r3 L13.A.b2   2 200    975.9    4907     87 0.00000000  (after 1 failed attempt(s): HTTP 503)
#   request 15712 bytes sha256 913c039778b17660, 2 attempt(s), 2.0 s waited
#   attempt 1 2026-09-24T18:00:18.950385+09:00 http 503 1404.5 ms gen gen_01M39A9W2FRZJ7X0FM2YZYZG23 then sleep 2.0 s
#   attempt 2 2026-09-24T18:00:22.355075+09:00 http 200 975.9 ms gen gen_01M39A9ZCC3GNFG5VBD9TVVHF8

# totals for run ps2-jaq
# http requests      135
# choice questions   540
# latency total/avg/max ms  182229.9 / 1349.9 / 3064.4
# tokens in/out      1502640 / 18559
# cost usd           0.00000000
# wall clock of the run s   2413.9
# jev share of the run      7.5492%
# prompt-study-2-2026-09-24, target jaq, vocab v6-2026-09-23, state state-v6.0-2026-09-23, leak check clean
2026-09-24T18:00:42.246608+09:00 r1 H1.A.b0   5 200   1478.0   17091    213 0.00000000  (after 3 failed attempt(s): HTTP 503, HTTP 503, HTTP 503)
#   request 52739 bytes sha256 a42aae2c647e87e5, 4 attempt(s), 6.0 s waited
#   attempt 1 2026-09-24T18:00:29.936397+09:00 http 503 1532.2 ms gen gen_01M39AA7732HS93A00JDPTZW3H then sleep 2.0 s
#   attempt 2 2026-09-24T18:00:33.468846+09:00 http 503 1569.3 ms gen gen_01M39AAAQ4MYC9M16B042WGMA4 then sleep 2.0 s
#   attempt 3 2026-09-24T18:00:37.038365+09:00 http 503 1729.9 ms gen gen_01M39AAE28DKJ0P72851PX1YVA then sleep 2.0 s
#   attempt 4 2026-09-24T18:00:40.768482+09:00 http 200 1478.0 ms gen gen_01M39AAHM2K3WBTPC97TBGC6FS
2026-09-24T18:01:10.907707+09:00 r1 H1.A.b1   8 200   1677.7   21570    339 0.00000000  (after 8 failed attempt(s): HTTP 503, HTTP 503, HTTP 503, HTTP 503, HTTP 503, HTTP 503, HTTP 503, HTTP 503)
#   request 65485 bytes sha256 9b19d6f4c2879040, 9 attempt(s), 16.0 s waited
#   attempt 1 2026-09-24T18:00:42.247312+09:00 http 503 1515.4 ms gen gen_01M39AAK6T8RC5WDEWM2Q7BD6V then sleep 2.0 s
#   attempt 2 2026-09-24T18:00:45.761117+09:00 http 503 1253.5 ms gen gen_01M39AAPJ1EN89QF1KMXNTZQPG then sleep 2.0 s
#   attempt 3 2026-09-24T18:00:49.014858+09:00 http 503 1624.3 ms gen gen_01M39AASZ0CXVSZYS4ACHHDNA5 then sleep 2.0 s
#   attempt 4 2026-09-24T18:00:52.639367+09:00 http 503 1387.8 ms gen gen_01M39AAXCS7SS608RB0VJXS0FN then sleep 2.0 s
#   attempt 5 2026-09-24T18:00:56.027340+09:00 http 503 1327.5 ms gen gen_01M39AB0H1XKA4Q1HAHP5G38F9 then sleep 2.0 s
#   attempt 6 2026-09-24T18:00:59.355019+09:00 http 503 1441.0 ms gen gen_01M39AB419MDHMAHY30TRHGSQP then sleep 2.0 s
#   attempt 7 2026-09-24T18:01:02.796152+09:00 http 503 1221.4 ms gen gen_01M39AB75C3CMHFYJ80K8Z6T57 then sleep 2.0 s
#   attempt 8 2026-09-24T18:01:06.017740+09:00 http 503 1212.0 ms gen gen_01M39ABA8FE75MWTGRQ042P0V1 then sleep 2.0 s
#   attempt 9 2026-09-24T18:01:09.229885+09:00 http 200 1677.7 ms gen gen_01M39ABDKD3F5ZJ936W5YC48VV
2026-09-24T18:01:12.069864+09:00 r1 H1.A.b2   2 200   1160.8    6234     87 0.00000000
2026-09-24T18:01:16.539814+09:00 r1 H2.A.b0   5 200   1303.9   16757    213 0.00000000  (after 1 failed attempt(s): HTTP 503)
#   request 50992 bytes sha256 bbba896b371f2f03, 2 attempt(s), 2.0 s waited
#   attempt 1 2026-09-24T18:01:12.088554+09:00 http 503 1147.9 ms gen gen_01M39ABG5HVZV5D6C44310F052 then sleep 2.0 s
#   attempt 2 2026-09-24T18:01:15.235808+09:00 http 200 1303.9 ms gen gen_01M39ABK8SDHPGACE0J10QHCRC
2026-09-24T18:01:35.052070+09:00 r1 H2.A.b1   8 200   1531.8   21007    340 0.00000000  (after 5 failed attempt(s): HTTP 503, HTTP 503, HTTP 503, HTTP 503, HTTP 503)
#   request 62578 bytes sha256 9e05799e446411b2, 6 attempt(s), 10.0 s waited
#   attempt 1 2026-09-24T18:01:16.540387+09:00 http 503 1436.8 ms gen gen_01M39ABMQN5AQENDPEB4670MVA then sleep 2.0 s
#   attempt 2 2026-09-24T18:01:19.977465+09:00 http 503 1478.7 ms gen gen_01M39ABQXEM8HT14H3Q8SQHQSN then sleep 2.0 s
#   attempt 3 2026-09-24T18:01:23.456426+09:00 http 503 1408.8 ms gen gen_01M39ABVCN951FDK3N8SBP1S6G then sleep 2.0 s
#   attempt 4 2026-09-24T18:01:26.865376+09:00 http 503 1449.9 ms gen gen_01M39ABYQAYBM71ZGY92RF5K8C then sleep 2.0 s
#   attempt 5 2026-09-24T18:01:30.315503+09:00 http 503 1204.5 ms gen gen_01M39AC21448FX7NBQ7DTJM2N4 then sleep 2.0 s
#   attempt 6 2026-09-24T18:01:33.520220+09:00 http 200 1531.8 ms gen gen_01M39AC54QW2W1CBGA4PCAGJDH
2026-09-24T18:01:39.204626+09:00 r1 H2.A.b2   2 200   1037.6    6095     87 0.00000000  (after 1 failed attempt(s): HTTP 503)
#   request 19047 bytes sha256 cbc14b4577c9fb73, 2 attempt(s), 2.0 s waited
#   attempt 1 2026-09-24T18:01:35.052660+09:00 http 503 1114.1 ms gen gen_01M39AC6HJTRSS4PCSK4V58SWD then sleep 2.0 s
#   attempt 2 2026-09-24T18:01:38.166988+09:00 http 200 1037.6 ms gen gen_01M39AC9DYT3AVV4PW19P21ZPW
2026-09-24T18:01:47.824777+09:00 r1 H3.A.b0   5 200   1621.2   16621    213 0.00000000  (after 2 failed attempt(s): HTTP 503, HTTP 503)
#   request 50409 bytes sha256 5fa73b262b60564b, 3 attempt(s), 4.0 s waited
#   attempt 1 2026-09-24T18:01:39.222945+09:00 http 503 1498.1 ms gen gen_01M39ACAWBMANT9WCE3CPR1T82 then sleep 2.0 s
#   attempt 2 2026-09-24T18:01:42.721234+09:00 http 503 1483.6 ms gen gen_01M39ACE8NZQE2FVAT04SP0B38 then sleep 2.0 s
#   attempt 3 2026-09-24T18:01:46.203549+09:00 http 200 1621.2 ms gen gen_01M39ACHNEKDG0W2KNYGNCTCZ7
2026-09-24T18:02:21.299350+09:00 r1 H3.A.b1   8 200   1737.9   20818    339 0.00000000  (after 9 failed attempt(s): HTTP 503, HTTP 503, HTTP 503, HTTP 503, HTTP 503, HTTP 503, HTTP 503, HTTP 503, HTTP 503)
#   request 61757 bytes sha256 4a32e850df573cdd, 10 attempt(s), 18.0 s waited
#   attempt 1 2026-09-24T18:01:47.825332+09:00 http 503 1397.1 ms gen gen_01M39ACK3MQR4Z42DPRGG7KWWZ then sleep 2.0 s
#   attempt 2 2026-09-24T18:01:51.222618+09:00 http 503 1322.7 ms gen gen_01M39ACPNWVT9VRWQ1T5HHENJZ then sleep 2.0 s
#   attempt 3 2026-09-24T18:01:54.545479+09:00 http 503 1492.1 ms gen gen_01M39ACST4NY4BDX02VARA9HXA then sleep 2.0 s
#   attempt 4 2026-09-24T18:01:58.037733+09:00 http 503 1393.4 ms gen gen_01M39ACX3MJ6Q52HC6XS4HNPMF then sleep 2.0 s
#   attempt 5 2026-09-24T18:02:01.431340+09:00 http 503 1516.3 ms gen gen_01M39AD0J5JEPKBF76SEJMB27K then sleep 2.0 s
#   attempt 6 2026-09-24T18:02:04.947780+09:00 http 503 2102.6 ms gen gen_01M39AD46CBCRF11VCP2WFVY7P then sleep 2.0 s
#   attempt 7 2026-09-24T18:02:09.050531+09:00 http 503 1421.2 ms gen gen_01M39AD81JXP7TPZRJ9B515XQ1 then sleep 2.0 s
#   attempt 8 2026-09-24T18:02:12.471977+09:00 http 503 1589.5 ms gen gen_01M39ADBD910Q5KYM0Q53RH3VZ then sleep 2.0 s
#   attempt 9 2026-09-24T18:02:16.060049+09:00 http 503 1501.1 ms gen gen_01M39ADEV544RYJHMKAXTWY2RP then sleep 2.0 s
#   attempt 10 2026-09-24T18:02:19.561358+09:00 http 200 1737.9 ms gen gen_01M39ADJ9FDEJH8171RBD2JBG0
2026-09-24T18:02:22.373776+09:00 r1 H3.A.b2   2 200   1073.7    6046     87 0.00000000
2026-09-24T18:02:58.207825+09:00 r2 H1.A.b0   5 200   1375.9   17091    213 0.00000000  (after 10 failed attempt(s): HTTP 503, HTTP 503, HTTP 503, HTTP 503, HTTP 503, HTTP 503, HTTP 503, HTTP 503, HTTP 503, HTTP 503)
#   request 52739 bytes sha256 a42aae2c647e87e5, 11 attempt(s), 20.0 s waited
#   attempt 1 2026-09-24T18:02:22.406463+09:00 http 503 1339.5 ms gen gen_01M39ADMW9E9J3EHWZ28CF8F5Y then sleep 2.0 s
#   attempt 2 2026-09-24T18:02:25.746410+09:00 http 503 1233.1 ms gen gen_01M39ADR5CVK1V6A0HK484ETD9 then sleep 2.0 s
#   attempt 3 2026-09-24T18:02:28.979765+09:00 http 503 1456.7 ms gen gen_01M39ADVE5YYMQ4M4N2T4XYM91 then sleep 2.0 s
#   attempt 4 2026-09-24T18:02:32.436652+09:00 http 503 1345.6 ms gen gen_01M39ADYNGPD7PCH3QNARZM8KH then sleep 2.0 s
#   attempt 5 2026-09-24T18:02:35.782397+09:00 http 503 1383.5 ms gen gen_01M39AE1Z9ENKBRYHWRDPG5M67 then sleep 2.0 s
#   attempt 6 2026-09-24T18:02:39.166136+09:00 http 503 1490.4 ms gen gen_01M39AE5D20XYXST8AXB3RWVV3 then sleep 2.0 s
#   attempt 7 2026-09-24T18:02:42.656783+09:00 http 503 1811.8 ms gen gen_01M39AE8TBVXTGZAR24N7FG0PZ then sleep 2.0 s
#   attempt 8 2026-09-24T18:02:46.468181+09:00 http 503 1371.5 ms gen gen_01M39AECH3ZA7QWA66DEAQRKPY then sleep 2.0 s
#   attempt 9 2026-09-24T18:02:49.839915+09:00 http 503 1462.5 ms gen gen_01M39AEFS25B65SMA8QY9PZFCB then sleep 2.0 s
#   attempt 10 2026-09-24T18:02:53.302550+09:00 http 503 1529.2 ms gen gen_01M39AEK6WQ2V3JRBKBZ90NJ0D then sleep 2.0 s
#   attempt 11 2026-09-24T18:02:56.831886+09:00 http 200 1375.9 ms gen gen_01M39AEPFJHJ7CKQPHTE4279CZ
2026-09-24T18:03:40.461708+09:00 r2 H1.A.b1   8 200   1576.6   21570    339 0.00000000  (after 12 failed attempt(s): HTTP 503, HTTP 503, HTTP 503, HTTP 503, HTTP 503, HTTP 503, HTTP 503, HTTP 503, HTTP 503, HTTP 503, HTTP 503, HTTP 503)
#   request 65485 bytes sha256 9b19d6f4c2879040, 13 attempt(s), 24.0 s waited
#   attempt 1 2026-09-24T18:02:58.208484+09:00 http 503 1384.1 ms gen gen_01M39AEQW78D6YS4P8KWN5MR85 then sleep 2.0 s
#   attempt 2 2026-09-24T18:03:01.592749+09:00 http 503 1324.2 ms gen gen_01M39AEV4F38QA29FJMQ8P9TVR then sleep 2.0 s
#   attempt 3 2026-09-24T18:03:04.917108+09:00 http 503 1363.0 ms gen gen_01M39AEYDH3P8PAF0B03YXG80F then sleep 2.0 s
#   attempt 4 2026-09-24T18:03:08.280354+09:00 http 503 1515.1 ms gen gen_01M39AF1TZT4Z5FGDCAJSAE7KB then sleep 2.0 s
#   attempt 5 2026-09-24T18:03:11.795647+09:00 http 503 1304.9 ms gen gen_01M39AF534NHDH2QKMB2D29VP0 then sleep 2.0 s
#   attempt 6 2026-09-24T18:03:15.098914+09:00 http 503 1499.9 ms gen gen_01M39AF8GABA0S7G9WA62P05YE then sleep 2.0 s
#   attempt 7 2026-09-24T18:03:18.598965+09:00 http 503 1345.7 ms gen gen_01M39AFBX1KQ4TAHBJQ7TVTKGS then sleep 2.0 s
#   attempt 8 2026-09-24T18:03:21.944855+09:00 http 503 1505.7 ms gen gen_01M39AFF1BJDFB8P0T0ACP7SYE then sleep 2.0 s
#   attempt 9 2026-09-24T18:03:25.450817+09:00 http 503 1378.9 ms gen gen_01M39AFJG0YW5GY77YWCSJNJEJ then sleep 2.0 s
#   attempt 10 2026-09-24T18:03:28.829914+09:00 http 503 1260.2 ms gen gen_01M39AFNRDEN0Q6BTV35CBVSSE then sleep 2.0 s
#   attempt 11 2026-09-24T18:03:32.090317+09:00 http 503 1317.6 ms gen gen_01M39AFRX9DA4YCARNK8TBRCER then sleep 2.0 s
#   attempt 12 2026-09-24T18:03:35.408326+09:00 http 503 1476.5 ms gen gen_01M39AFW9TN95QVN3WQFXHX6VW then sleep 2.0 s
#   attempt 13 2026-09-24T18:03:38.885009+09:00 http 200 1576.6 ms gen gen_01M39AFZQFNMRWATYCPPRAZR87
2026-09-24T18:03:44.246368+09:00 r2 H1.A.b2   2 200   1000.3    6234     87 0.00000000  (after 1 failed attempt(s): HTTP 503)
#   request 19766 bytes sha256 0290850e47529971, 2 attempt(s), 2.0 s waited
#   attempt 1 2026-09-24T18:03:40.462389+09:00 http 503 783.4 ms gen gen_01M39AG0VQSKXHS5YXGGKPDAZR then sleep 2.0 s
#   attempt 2 2026-09-24T18:03:43.245946+09:00 http 200 1000.3 ms gen gen_01M39AG3J3VBWJDCNN35GW659J
2026-09-24T18:03:45.960375+09:00 r2 H2.A.b0   5 200   1695.7   16757    213 0.00000000
2026-09-24T18:03:50.842807+09:00 r2 H2.A.b1   8 200   1389.3   21007    341 0.00000000  (after 1 failed attempt(s): HTTP 503)
#   request 62578 bytes sha256 9e05799e446411b2, 2 attempt(s), 2.0 s waited
#   attempt 1 2026-09-24T18:03:45.960982+09:00 http 503 1492.1 ms gen gen_01M39AG6MXNTSJWJ58XR7S5VSS then sleep 2.0 s
#   attempt 2 2026-09-24T18:03:49.453463+09:00 http 200 1389.3 ms gen gen_01M39AGA1QM2GN4FK7NM5NZP0E
2026-09-24T18:03:58.510338+09:00 r2 H2.A.b2   2 200   1182.7    6095     87 0.00000000  (after 2 failed attempt(s): HTTP 503, HTTP 503)
#   request 19047 bytes sha256 cbc14b4577c9fb73, 3 attempt(s), 4.0 s waited
#   attempt 1 2026-09-24T18:03:50.843310+09:00 http 503 1379.8 ms gen gen_01M39AGB4SQQDXBSP79E18VQZ9 then sleep 2.0 s
#   attempt 2 2026-09-24T18:03:54.223253+09:00 http 503 1103.7 ms gen gen_01M39AGEER8JE525T67QWZ0TTA then sleep 2.0 s
#   attempt 3 2026-09-24T18:03:57.327580+09:00 http 200 1182.7 ms gen gen_01M39AGHF6E3K80BZ21TY0N1PX
2026-09-24T18:04:13.635175+09:00 r2 H3.A.b0   5 200   1539.3   16621    213 0.00000000  (after 4 failed attempt(s): HTTP 503, HTTP 503, HTTP 503, HTTP 503)
#   request 50409 bytes sha256 5fa73b262b60564b, 5 attempt(s), 8.0 s waited
#   attempt 1 2026-09-24T18:03:58.529141+09:00 http 503 1357.0 ms gen gen_01M39AGJRJS44N9NXE29NXTJET then sleep 2.0 s
#   attempt 2 2026-09-24T18:04:01.886354+09:00 http 503 1305.1 ms gen gen_01M39AGP0BMKD4Y6WRMXC42HQW then sleep 2.0 s
#   attempt 3 2026-09-24T18:04:05.191616+09:00 http 503 1492.8 ms gen gen_01M39AGSDJ49ZPY99QFT7M5TBZ then sleep 2.0 s
#   attempt 4 2026-09-24T18:04:08.684612+09:00 http 503 1411.0 ms gen gen_01M39AGWV2GQQR9CDTV48ERBYY then sleep 2.0 s
#   attempt 5 2026-09-24T18:04:12.095842+09:00 http 200 1539.3 ms gen gen_01M39AH01VF50NFTA1XA90S7V5
2026-09-24T18:06:36.209672+09:00 r2 H3.A.b1   8 200   1625.8   20818    339 0.00000000  (after 40 failed attempt(s): HTTP 503, HTTP 503, HTTP 503, HTTP 503, HTTP 503, HTTP 503, HTTP 503, HTTP 503, HTTP 503, HTTP 503, HTTP 503, HTTP 503, HTTP 503, HTTP 503, HTTP 503, HTTP 503, HTTP 503, HTTP 503, HTTP 503, HTTP 503, HTTP 503, HTTP 503, HTTP 503, HTTP 503, HTTP 503, HTTP 503, HTTP 503, HTTP 503, HTTP 503, HTTP 503, HTTP 503, HTTP 503, HTTP 503, HTTP 503, HTTP 503, HTTP 503, HTTP 503, HTTP 503, HTTP 503, HTTP 503)
#   request 61757 bytes sha256 4a32e850df573cdd, 41 attempt(s), 80.0 s waited
#   attempt 1 2026-09-24T18:04:13.635827+09:00 http 503 1500.6 ms gen gen_01M39AH1NFS6WFTQEMHYK2B297 then sleep 2.0 s
#   attempt 2 2026-09-24T18:04:17.137773+09:00 http 503 1559.1 ms gen gen_01M39AH54BFMPRXSJDJG2WE1VX then sleep 2.0 s
#   attempt 3 2026-09-24T18:04:20.697127+09:00 http 503 1535.5 ms gen gen_01M39AH8J9VVQ4AZEP6ARYZ424 then sleep 2.0 s
#   attempt 4 2026-09-24T18:04:24.232801+09:00 http 503 1582.5 ms gen gen_01M39AHC2F7FDTNBX7S3QJFTGD then sleep 2.0 s
#   attempt 5 2026-09-24T18:04:27.815463+09:00 http 503 1479.6 ms gen gen_01M39AHFFK5VZ89MBQ5XD50CDC then sleep 2.0 s
#   attempt 6 2026-09-24T18:04:31.295281+09:00 http 503 2067.3 ms gen gen_01M39AHKDA0PA0H67DH2BM5BTN then sleep 2.0 s
#   attempt 7 2026-09-24T18:04:35.362821+09:00 http 503 1761.7 ms gen gen_01M39AHPRM06MG8KCFSNWWH14H then sleep 2.0 s
#   attempt 8 2026-09-24T18:04:39.124743+09:00 http 503 1052.3 ms gen gen_01M39AHTCZJXZTJBHMV38NB0M0 then sleep 2.0 s
#   attempt 9 2026-09-24T18:04:42.177202+09:00 http 503 1425.8 ms gen gen_01M39AHXJA9GYCHG0NTXCY3BPA then sleep 2.0 s
#   attempt 10 2026-09-24T18:04:45.606152+09:00 http 503 1497.5 ms gen gen_01M39AJ0TKBR3JKP44T757X172 then sleep 2.0 s
#   attempt 11 2026-09-24T18:04:49.103884+09:00 http 503 1531.6 ms gen gen_01M39AJ49Z8N7WS9Y0247AJA4N then sleep 2.0 s
#   attempt 12 2026-09-24T18:04:52.635622+09:00 http 503 1590.1 ms gen gen_01M39AJ7SQ3VN4GP3HTC7SH38Y then sleep 2.0 s
#   attempt 13 2026-09-24T18:04:56.225894+09:00 http 503 1660.3 ms gen gen_01M39AJBCC4K79YR72KP3HAVTD then sleep 2.0 s
#   attempt 14 2026-09-24T18:04:59.886321+09:00 http 503 1724.3 ms gen gen_01M39AJF15X51J7BTPWVP1HDRB then sleep 2.0 s
#   attempt 15 2026-09-24T18:05:03.610783+09:00 http 503 1606.3 ms gen gen_01M39AJJF0VJ1QCCV0MHV8RSP1 then sleep 2.0 s
#   attempt 16 2026-09-24T18:05:07.217342+09:00 http 503 1535.6 ms gen gen_01M39AJP0ANEPN38JTP8SE4AXP then sleep 2.0 s
#   attempt 17 2026-09-24T18:05:10.753187+09:00 http 503 1634.5 ms gen gen_01M39AJSJ7A8KRYZ9NC3179B0V then sleep 2.0 s
#   attempt 18 2026-09-24T18:05:14.388185+09:00 http 503 1518.6 ms gen gen_01M39AJWYBEYV4XZ2NQQTYKT5P then sleep 2.0 s
#   attempt 19 2026-09-24T18:05:17.907449+09:00 http 503 1502.5 ms gen gen_01M39AK0DD7M6XSZ07MX5GQRZK then sleep 2.0 s
#   attempt 20 2026-09-24T18:05:21.410159+09:00 http 503 1549.9 ms gen gen_01M39AK3W3S5JHT7R9S6YXT783 then sleep 2.0 s
#   attempt 21 2026-09-24T18:05:24.960285+09:00 http 503 1501.4 ms gen gen_01M39AK74AMFD0YG6DS7JXYFEF then sleep 2.0 s
#   attempt 22 2026-09-24T18:05:28.461875+09:00 http 503 1518.6 ms gen gen_01M39AKAVH20YYM9J31NGC58RQ then sleep 2.0 s
#   attempt 23 2026-09-24T18:05:31.980656+09:00 http 503 1322.7 ms gen gen_01M39AKE058DQJ6DDB0R9BF3XF then sleep 2.0 s
#   attempt 24 2026-09-24T18:05:35.303766+09:00 http 503 1365.4 ms gen gen_01M39AKHCA9555W90AR217RYE3 then sleep 2.0 s
#   attempt 25 2026-09-24T18:05:38.669395+09:00 http 503 1298.1 ms gen gen_01M39AKMGFA70WZ5CXJ8DVVMPD then sleep 2.0 s
#   attempt 26 2026-09-24T18:05:41.967739+09:00 http 503 1339.5 ms gen gen_01M39AKQRHSWXRA6S2K2EK0N53 then sleep 2.0 s
#   attempt 27 2026-09-24T18:05:45.308810+09:00 http 503 1197.7 ms gen gen_01M39AKV0MTXMND31TTFF2MD88 then sleep 2.0 s
#   attempt 28 2026-09-24T18:05:48.506992+09:00 http 503 1400.8 ms gen gen_01M39AKY3XQQRTZEFT73FRVHQG then sleep 2.0 s
#   attempt 29 2026-09-24T18:05:51.908016+09:00 http 503 1919.2 ms gen gen_01M39AM1QQF1628S6K0XK0TQ46 then sleep 2.0 s
#   attempt 30 2026-09-24T18:05:55.827463+09:00 http 503 1355.8 ms gen gen_01M39AM593F9XXRW77WGE93X9F then sleep 2.0 s
#   attempt 31 2026-09-24T18:05:59.183683+09:00 http 503 1567.1 ms gen gen_01M39AM8QGWGN8WZEAKK2EY7N4 then sleep 2.0 s
#   attempt 32 2026-09-24T18:06:02.750969+09:00 http 503 1279.0 ms gen gen_01M39AMC3V3FZD82WXTRB26BRK then sleep 2.0 s
#   attempt 33 2026-09-24T18:06:06.030164+09:00 http 503 1447.3 ms gen gen_01M39AMFG5S69XPYETKD6GBBK9 then sleep 2.0 s
#   attempt 34 2026-09-24T18:06:09.477780+09:00 http 503 1343.8 ms gen gen_01M39AMJM56E2REA513PZN8YJ7 then sleep 2.0 s
#   attempt 35 2026-09-24T18:06:12.821827+09:00 http 503 1382.9 ms gen gen_01M39AMNW7EJR5PNAHGQZ47RDE then sleep 2.0 s
#   attempt 36 2026-09-24T18:06:16.205392+09:00 http 503 1374.6 ms gen gen_01M39AMS75TE4DVJG82ABZ6MAZ then sleep 2.0 s
#   attempt 37 2026-09-24T18:06:19.580175+09:00 http 503 1295.6 ms gen gen_01M39AMWH770RE0EB6N5P7WFFN then sleep 2.0 s
#   attempt 38 2026-09-24T18:06:22.875952+09:00 http 503 1574.3 ms gen gen_01M39AMZX40N555GRBHM23A40Z then sleep 2.0 s
#   attempt 39 2026-09-24T18:06:26.450460+09:00 http 503 1974.8 ms gen gen_01M39AN39XFAMM64FYCXHNP86K then sleep 2.0 s
#   attempt 40 2026-09-24T18:06:30.425519+09:00 http 503 2158.0 ms gen gen_01M39AN76MDF50SJFKM49HTPPH then sleep 2.0 s
#   attempt 41 2026-09-24T18:06:34.583789+09:00 http 200 1625.8 ms gen gen_01M39ANB9BEHB3AY5JHZW17MCX
2026-09-24T18:06:40.402139+09:00 r2 H3.A.b2   2 200   1116.0    6046     87 0.00000000  (after 1 failed attempt(s): HTTP 503)
#   request 18834 bytes sha256 3faf6c5973c53260, 2 attempt(s), 2.0 s waited
#   attempt 1 2026-09-24T18:06:36.212627+09:00 http 503 1073.2 ms gen gen_01M39ANCKS0B3CY90YXCEFZY33 then sleep 2.0 s
#   attempt 2 2026-09-24T18:06:39.286051+09:00 http 200 1116.0 ms gen gen_01M39ANFGYKDKTQTEYKTZD16WV
2026-09-24T18:06:52.365844+09:00 r3 H1.A.b0   5 200   1619.0   17091    213 0.00000000  (after 3 failed attempt(s): HTTP 503, HTTP 503, HTTP 503)
#   request 52739 bytes sha256 a42aae2c647e87e5, 4 attempt(s), 6.0 s waited
#   attempt 1 2026-09-24T18:06:40.420794+09:00 http 503 1641.1 ms gen gen_01M39ANH37TNXQ1E3A67WPPDAY then sleep 2.0 s
#   attempt 2 2026-09-24T18:06:44.062101+09:00 http 503 1341.2 ms gen gen_01M39ANMCHFSYYCX0EC24Y7ZBN then sleep 2.0 s
#   attempt 3 2026-09-24T18:06:47.403749+09:00 http 503 1342.9 ms gen gen_01M39ANQNFJK809BEF94PSG1FR then sleep 2.0 s
#   attempt 4 2026-09-24T18:06:50.746824+09:00 http 200 1619.0 ms gen gen_01M39ANV1J1N1YGN90EM86DKP6
2026-09-24T18:08:22.967348+09:00 r3 H1.A.b1   8 200   1795.9   21570    339 0.00000000  (after 25 failed attempt(s): HTTP 503, HTTP 503, HTTP 503, HTTP 503, HTTP 503, HTTP 503, HTTP 503, HTTP 503, HTTP 503, HTTP 503, HTTP 503, HTTP 503, HTTP 503, HTTP 503, HTTP 503, HTTP 503, HTTP 503, HTTP 503, HTTP 503, HTTP 503, HTTP 503, HTTP 503, HTTP 503, HTTP 503, HTTP 503)
#   request 65485 bytes sha256 9b19d6f4c2879040, 26 attempt(s), 50.0 s waited
#   attempt 1 2026-09-24T18:06:52.366402+09:00 http 503 1364.2 ms gen gen_01M39ANWNEH5YZTQ7ZRGT0VTSY then sleep 2.0 s
#   attempt 2 2026-09-24T18:06:55.730812+09:00 http 503 1421.0 ms gen gen_01M39ANZZ1K27TSSZRKXDVEFHT then sleep 2.0 s
#   attempt 3 2026-09-24T18:06:59.152021+09:00 http 503 1541.2 ms gen gen_01M39AP3AQ8VT1JXMN4TRY9D42 then sleep 2.0 s
#   attempt 4 2026-09-24T18:07:02.693386+09:00 http 503 1543.2 ms gen gen_01M39AP6X3JJ9JZEE9NKZF7R76 then sleep 2.0 s
#   attempt 5 2026-09-24T18:07:06.236827+09:00 http 503 1416.7 ms gen gen_01M39APA2QR0AKYS5P4A03ZXC8 then sleep 2.0 s
#   attempt 6 2026-09-24T18:07:09.653711+09:00 http 503 1608.1 ms gen gen_01M39APDKPYZSQS3V3ZZ76EK2F then sleep 2.0 s
#   attempt 7 2026-09-24T18:07:13.262065+09:00 http 503 1462.4 ms gen gen_01M39APH045G3905N2E9CR918G then sleep 2.0 s
#   attempt 8 2026-09-24T18:07:16.724283+09:00 http 503 1932.1 ms gen gen_01M39APMHSFHHVR36YT4N8H2VJ then sleep 2.0 s
#   attempt 9 2026-09-24T18:07:20.656522+09:00 http 503 1283.9 ms gen gen_01M39APR54XDQ27HRJWDWFCNH6 then sleep 2.0 s
#   attempt 10 2026-09-24T18:07:23.940621+09:00 http 503 1508.8 ms gen gen_01M39APVFNF1PGHCW5C21JMCGP then sleep 2.0 s
#   attempt 11 2026-09-24T18:07:27.449681+09:00 http 503 1765.4 ms gen gen_01M39APYZ510YDSPJCRAK13RBE then sleep 2.0 s
#   attempt 12 2026-09-24T18:07:31.215366+09:00 http 503 1593.7 ms gen gen_01M39AQ2KP326DW0QMWWXY7AM9 then sleep 2.0 s
#   attempt 13 2026-09-24T18:07:34.809268+09:00 http 503 1541.9 ms gen gen_01M39AQ63JEFM9KV8DZ3WMS0V8 then sleep 2.0 s
#   attempt 14 2026-09-24T18:07:38.351349+09:00 http 503 1397.0 ms gen gen_01M39AQ9DJYBWM3V84NJMF828Z then sleep 2.0 s
#   attempt 15 2026-09-24T18:07:41.748543+09:00 http 503 1431.0 ms gen gen_01M39AQCYCGEARBFBYRXBCMER9 then sleep 2.0 s
#   attempt 16 2026-09-24T18:07:45.179066+09:00 http 503 1362.6 ms gen gen_01M39AQG2C32T6KT8S26FMB69Y then sleep 2.0 s
#   attempt 17 2026-09-24T18:07:48.541910+09:00 http 503 1493.6 ms gen gen_01M39AQKGGR38XWXTJCX4SW62S then sleep 2.0 s
#   attempt 18 2026-09-24T18:07:52.035747+09:00 http 503 1719.4 ms gen gen_01M39AQQ24WN5MRGQGN0JJDSHN then sleep 2.0 s
#   attempt 19 2026-09-24T18:07:55.755596+09:00 http 503 1773.8 ms gen gen_01M39AQTPXST4JSH2P9C47TRZY then sleep 2.0 s
#   attempt 20 2026-09-24T18:07:59.529686+09:00 http 503 1631.5 ms gen gen_01M39AQYARQMPJPG01J14DKBMR then sleep 2.0 s
#   attempt 21 2026-09-24T18:08:03.161357+09:00 http 503 1545.8 ms gen gen_01M39AR1PY170MZY07NT36P277 then sleep 2.0 s
#   attempt 22 2026-09-24T18:08:06.707360+09:00 http 503 1660.7 ms gen gen_01M39AR5AF6CSYP7GNTM8T6HEY then sleep 2.0 s
#   attempt 23 2026-09-24T18:08:10.368307+09:00 http 503 1746.2 ms gen gen_01M39AR8ZCNJP7HFB2B9Q5RA0K then sleep 2.0 s
#   attempt 24 2026-09-24T18:08:14.114757+09:00 http 503 1606.1 ms gen gen_01M39ARCN6VZPRYQRS9HKCWW6Z then sleep 2.0 s
#   attempt 25 2026-09-24T18:08:17.720818+09:00 http 503 1450.3 ms gen gen_01M39ARG0WTJP9S8X7B1YHBYDG then sleep 2.0 s
#   attempt 26 2026-09-24T18:08:21.171354+09:00 http 200 1795.9 ms gen gen_01M39ARKEGERT7BJFXXGSG7C43
2026-09-24T18:08:24.318227+09:00 r3 H1.A.b2   2 200   1349.5    6234     87 0.00000000
2026-09-24T18:08:26.142119+09:00 r3 H2.A.b0   5 200   1805.1   16757    213 0.00000000
2026-09-24T18:08:39.103394+09:00 r3 H2.A.b1   8 200   1758.5   21007    340 0.00000000  (after 3 failed attempt(s): HTTP 503, HTTP 503, HTTP 503)
#   request 62578 bytes sha256 9e05799e446411b2, 4 attempt(s), 6.0 s waited
#   attempt 1 2026-09-24T18:08:26.142621+09:00 http 503 1730.1 ms gen gen_01M39ARRCNJCJESJDJJN0YXBXV then sleep 2.0 s
#   attempt 2 2026-09-24T18:08:29.872979+09:00 http 503 1931.1 ms gen gen_01M39ARW360HT4XZ7DDQ600REV then sleep 2.0 s
#   attempt 3 2026-09-24T18:08:33.804310+09:00 http 503 1540.3 ms gen gen_01M39ARZP3NT46RCDVCM2QKJR6 then sleep 2.0 s
#   attempt 4 2026-09-24T18:08:37.344848+09:00 http 200 1758.5 ms gen gen_01M39AS36EPJ1PCS0ZD8XSWWRV
2026-09-24T18:08:40.303515+09:00 r3 H2.A.b2   2 200   1199.5    6095     87 0.00000000
2026-09-24T18:08:42.281496+09:00 r3 H3.A.b0   5 200   1959.4   16621    213 0.00000000
2026-09-24T18:09:16.959830+09:00 r3 H3.A.b1   8 200   1694.2   20818    339 0.00000000  (after 9 failed attempt(s): HTTP 503, HTTP 503, HTTP 503, HTTP 503, HTTP 503, HTTP 503, HTTP 503, HTTP 503, HTTP 503)
#   request 61757 bytes sha256 4a32e850df573cdd, 10 attempt(s), 18.0 s waited
#   attempt 1 2026-09-24T18:08:42.282090+09:00 http 503 1497.5 ms gen gen_01M39AS82ZME2QX1JQBYZFWHP4 then sleep 2.0 s
#   attempt 2 2026-09-24T18:08:45.775646+09:00 http 503 1554.6 ms gen gen_01M39ASBGP2QY13DMRT4ST52XN then sleep 2.0 s
#   attempt 3 2026-09-24T18:08:49.330470+09:00 http 503 1760.0 ms gen gen_01M39ASF38QYPWXBS4DTFSWFW0 then sleep 2.0 s
#   attempt 4 2026-09-24T18:08:53.090999+09:00 http 503 1647.0 ms gen gen_01M39ASJP5S8NP5D9PXJB94Z7F then sleep 2.0 s
#   attempt 5 2026-09-24T18:08:56.738129+09:00 http 503 1548.2 ms gen gen_01M39ASP6KT7HRJG0XS99G47AM then sleep 2.0 s
#   attempt 6 2026-09-24T18:09:00.286489+09:00 http 503 1379.0 ms gen gen_01M39ASSGTFCWA39Q23S9VX8K6 then sleep 2.0 s
#   attempt 7 2026-09-24T18:09:03.665624+09:00 http 503 2230.6 ms gen gen_01M39ASXGWVNNCY8K36YG7E12W then sleep 2.0 s
#   attempt 8 2026-09-24T18:09:07.896457+09:00 http 503 1596.3 ms gen gen_01M39AT10BM65MH92WETJ759DX then sleep 2.0 s
#   attempt 9 2026-09-24T18:09:11.493065+09:00 http 503 1769.4 ms gen gen_01M39AT4PSSMT1NEZN122TJT64 then sleep 2.0 s
#   attempt 10 2026-09-24T18:09:15.265497+09:00 http 200 1694.2 ms gen gen_01M39AT862QHPWZKPWDDG8ZG1N
2026-09-24T18:09:18.237747+09:00 r3 H3.A.b2   2 200   1277.0    6046     87 0.00000000

# totals for run ps2-jaq
# http requests      27
# choice questions   135
# latency total/avg/max ms  39582.4 / 1466.0 / 1959.4
# tokens in/out      396717 / 5755
# cost usd           0.00000000
# wall clock of the run s   528.3
# jev share of the run      7.4919%
